CustomerID,Age,AgeMissing,Gender,Region,ContractType,MonthlyCharges,ChargeReviewFlag,SignupDate,TenureMonths,AvgMonthlyCallMinutes,AvgMonthlyDataUsageGB,AvgMonthlySMS,TotalComplaints,Churn
CUST_0,43,1,Male,Urban,Yearly,48.18,0,2021-03-20,33,492.23,9.80,25.00,7,0
CUST_1,43,1,Female,Suburban,Prepaid,38.94,0,2020-01-25,47,452.01,10.30,34.58,13,0
CUST_10,43,1,Female,Urban,Prepaid,47.81,0,2022-04-29,20,628.35,8.60,23.08,12,0
CUST_100,62,0,Female,Urban,Monthly,29.80,0,2021-10-14,26,534.54,9.59,29.00,5,0
CUST_1000,43,1,Female,Suburban,Monthly,61.62,0,2018-06-10,66,493.88,10.91,26.25,12,0
CUST_1001,68,0,Female,Rural,Monthly,75.18,0,2018-09-10,63,611.93,9.93,27.50,5,0
CUST_1002,43,1,Female,Suburban,Prepaid,38.62,0,2022-08-17,16,604.24,9.69,20.92,4,0
CUST_1003,42,0,Female,Suburban,Monthly,43.99,0,2018-05-28,67,576.43,9.68,26.42,9,0
CUST_1004,54,0,Male,Urban,Prepaid,35.09,0,2019-01-27,59,387.66,8.73,27.75,9,0
CUST_1005,45,0,Male,Urban,Yearly,27.08,0,2019-10-27,50,419.46,10.35,20.92,6,0
CUST_1006,43,1,Female,Urban,Monthly,27.12,0,2018-02-16,70,640.84,10.01,25.50,5,0
CUST_1007,56,0,Male,Urban,Prepaid,30.87,0,2020-01-29,47,545.29,9.75,27.58,7,0
CUST_1008,43,1,Female,Suburban,Monthly,49.25,0,2020-02-18,46,628.08,9.90,20.58,7,0
CUST_1009,56,0,Female,Suburban,Yearly,40.57,0,2022-03-29,21,464.43,9.37,27.25,7,0
CUST_101,18,0,Male,Urban,Monthly,58.94,0,2019-11-19,49,718.87,11.07,24.08,13,0
CUST_1010,43,1,Female,Urban,Monthly,44.34,0,2022-07-23,17,625.98,11.95,21.50,5,0
CUST_1011,43,0,Male,Urban,Prepaid,55.95,0,2018-02-02,70,509.65,9.23,25.00,4,0
CUST_1012,61,0,Female,Rural,Monthly,48.61,0,2020-06-30,42,479.16,10.11,25.42,5,0
CUST_1013,42,0,Female,Rural,Monthly,32.53,0,2020-01-19,47,461.90,11.13,19.83,9,0
CUST_1014,43,1,Male,Urban,Prepaid,64.36,0,2020-06-30,42,679.63,9.27,28.50,6,1
CUST_1015,30,0,Male,Suburban,Prepaid,19.68,0,2023-06-02,6,650.43,10.44,16.83,10,0
CUST_1016,37,0,Female,Urban,Monthly,38.39,0,2018-10-24,62,536.90,9.34,17.08,5,0
CUST_1017,42,0,Male,Suburban,Monthly,75.83,0,2023-01-24,11,447.75,10.33,27.25,4,0
CUST_1018,43,1,Male,Suburban,Prepaid,55.11,0,2021-03-26,33,476.26,9.85,24.50,5,0
CUST_1019,27,0,Female,Rural,Monthly,23.03,0,2019-11-05,49,500.79,8.89,26.83,7,0
CUST_102,42,0,Female,Urban,Prepaid,38.15,0,2021-07-22,29,594.63,10.87,25.58,7,0
CUST_1020,20,0,Female,Urban,Monthly,26.25,0,2020-05-06,43,465.37,8.24,29.75,5,0
CUST_1021,58,0,Female,Urban,Prepaid,44.90,0,2018-01-04,71,556.36,10.14,27.42,7,0
CUST_1022,43,1,Male,Suburban,Prepaid,42.70,0,2018-03-14,69,478.67,9.37,23.58,5,0
CUST_1023,35,0,Male,Urban,Monthly,60.64,0,2018-10-20,62,396.26,9.11,24.42,4,0
CUST_1024,64,0,Male,Rural,Monthly,66.96,0,2020-02-12,46,546.33,9.16,23.58,9,0
CUST_1025,43,1,Female,Rural,Monthly,42.27,0,2020-12-10,36,373.10,8.28,28.42,4,0
CUST_1026,64,0,Male,Urban,Prepaid,48.42,0,2021-03-28,33,788.86,10.73,22.17,6,0
CUST_1027,39,0,Male,Urban,Monthly,34.51,0,2023-04-23,8,646.81,9.99,26.83,11,0
CUST_1028,51,0,Female,Rural,Yearly,47.63,0,2021-05-10,31,532.03,9.66,18.58,5,0
CUST_1029,64,0,Female,Urban,Prepaid,34.62,0,2021-10-16,26,653.91,9.54,29.50,1,0
CUST_103,24,0,Male,Rural,Yearly,60.93,0,2021-03-04,33,480.80,9.44,23.25,5,0
CUST_1030,25,0,Female,Suburban,Prepaid,50.37,0,2018-09-26,63,516.42,10.32,29.17,6,0
CUST_1031,57,0,Male,Urban,Monthly,40.60,0,2023-05-23,7,595.82,10.63,21.25,1,0
CUST_1032,66,0,Female,Suburban,Prepaid,59.38,0,2023-01-29,11,462.52,11.23,25.50,6,0
CUST_1033,43,1,Male,Urban,Prepaid,65.74,0,2020-02-01,46,485.72,9.65,17.92,4,0
CUST_1034,43,1,Male,Urban,Prepaid,69.41,0,2020-12-27,36,336.86,8.89,26.58,4,0
CUST_1035,59,0,Female,Rural,Prepaid,50.54,0,2020-10-07,38,341.57,11.36,22.25,4,0
CUST_1036,43,1,Female,Suburban,Monthly,295.55,0,2021-04-08,32,488.20,9.51,24.33,5,1
CUST_1037,43,1,Female,Rural,Prepaid,42.51,0,2022-04-08,20,315.93,9.26,19.67,4,0
CUST_1038,23,0,Female,Urban,Yearly,37.39,0,2019-12-06,48,354.78,8.10,17.00,4,0
CUST_1039,43,1,Female,Rural,Monthly,29.49,0,2021-10-21,26,658.77,9.88,25.67,3,0
CUST_104,43,1,Female,Urban,Prepaid,74.82,0,2018-11-02,61,503.27,10.60,21.92,7,0
CUST_1040,43,0,Male,Urban,Monthly,55.38,0,2019-07-13,53,333.90,9.97,24.42,6,0
CUST_1041,43,1,Male,Urban,Prepaid,19.24,0,2022-03-03,21,442.24,10.06,30.00,6,0
CUST_1042,43,1,Male,Urban,Monthly,63.09,0,2021-04-24,32,579.97,9.65,20.50,6,0
CUST_1043,23,0,Female,Suburban,Monthly,44.62,0,2022-02-20,22,571.93,9.69,24.83,4,0
CUST_1044,54,0,Male,Suburban,Monthly,45.61,0,2020-08-26,40,604.50,11.34,26.00,5,0
CUST_1045,50,0,Female,Suburban,Yearly,60.11,0,2019-08-12,52,520.53,8.75,19.17,1,0
CUST_1046,39,0,Female,Rural,Monthly,22.49,0,2020-11-20,37,576.69,9.91,28.58,6,1
CUST_1047,43,1,Male,Urban,Monthly,46.67,0,2021-09-18,27,347.97,9.82,30.33,7,0
CUST_1048,23,0,Male,Rural,Monthly,73.68,0,2020-01-24,47,489.17,7.16,30.58,10,0
CUST_1049,23,0,Female,Rural,Monthly,45.74,0,2020-11-24,37,634.32,10.35,19.00,5,0
CUST_105,43,1,Male,Urban,Prepaid,61.56,0,2018-05-13,67,509.58,10.37,31.33,6,0
CUST_1050,43,1,Male,Urban,Prepaid,30.15,0,2021-02-18,34,431.76,9.79,25.67,5,0
CUST_1051,21,0,Female,Rural,Prepaid,44.80,0,2018-10-16,62,524.37,9.18,26.33,10,1
CUST_1052,47,0,Male,Urban,Yearly,69.63,0,2021-03-29,33,315.20,9.28,21.17,2,0
CUST_1053,28,0,Male,Urban,Prepaid,38.52,0,2022-07-12,17,572.78,9.96,25.00,10,0
CUST_1054,47,0,Male,Urban,Yearly,26.90,0,2021-10-20,26,563.42,8.82,25.92,7,0
CUST_1055,43,1,Male,Urban,Prepaid,43.00,0,2019-03-08,57,483.49,9.02,20.50,9,0
CUST_1056,41,0,Male,Rural,Monthly,28.93,0,2021-07-04,29,546.81,11.28,28.75,3,0
CUST_1057,26,0,Female,Rural,Monthly,16.16,0,2018-10-22,62,559.95,9.74,28.42,2,0
CUST_1058,20,0,Male,Rural,Prepaid,61.31,0,2021-03-31,33,503.75,11.04,25.50,4,0
CUST_1059,68,0,Male,Suburban,Monthly,65.72,0,2019-04-21,56,451.89,10.27,25.00,6,0
CUST_106,18,0,Female,Suburban,Prepaid,56.39,0,2022-01-29,23,411.56,11.09,28.83,7,0
CUST_1060,48,0,Male,Rural,Monthly,56.29,0,2019-10-27,50,575.10,9.70,25.50,6,0
CUST_1061,57,0,Female,Rural,Monthly,63.40,0,2022-06-13,18,378.51,10.25,22.83,3,0
CUST_1062,54,0,Female,Suburban,Monthly,43.90,0,2023-05-10,7,734.35,10.08,19.33,3,0
CUST_1063,53,0,Female,Urban,Prepaid,70.28,0,2022-01-22,23,257.19,9.20,31.00,4,0
CUST_1064,41,0,Female,Urban,Monthly,40.57,0,2018-12-30,60,441.24,9.91,21.25,7,0
CUST_1065,48,0,Female,Urban,Prepaid,50.01,0,2018-04-19,68,390.58,9.87,31.25,4,0
CUST_1066,43,1,Male,Suburban,Prepaid,37.34,0,2021-07-05,29,413.63,10.62,25.08,6,0
CUST_1067,19,0,Male,Rural,Yearly,28.97,0,2019-06-12,54,616.04,11.56,25.08,9,0
CUST_1068,37,0,Male,Rural,Monthly,40.46,0,2019-04-28,56,573.97,10.12,27.58,5,1
CUST_1069,45,0,Female,Rural,Monthly,83.44,0,2018-05-09,67,303.96,9.63,23.33,4,0
CUST_107,61,0,Male,Rural,Prepaid,59.84,0,2022-07-08,17,480.65,10.40,23.42,6,0
CUST_1070,28,0,Female,Rural,Monthly,73.00,0,2018-04-24,68,294.52,8.62,22.08,6,0
CUST_1071,21,0,Male,Suburban,Prepaid,61.63,0,2020-07-06,41,561.06,10.58,30.50,7,0
CUST_1072,32,0,Female,Rural,Monthly,43.57,0,2019-05-17,55,349.42,10.09,19.17,3,0
CUST_1073,43,1,Female,Urban,Monthly,43.23,0,2023-02-23,10,507.37,9.63,23.25,5,0
CUST_1074,66,0,Female,Suburban,Prepaid,75.70,0,2021-07-10,29,579.15,9.92,21.67,8,0
CUST_1075,47,0,Male,Suburban,Yearly,50.33,0,2018-03-11,69,544.90,8.33,24.50,6,0
CUST_1076,55,0,Male,Urban,Monthly,61.86,0,2019-06-30,54,333.62,10.00,22.75,5,0
CUST_1077,68,0,Female,Urban,Prepaid,41.69,0,2018-11-16,61,430.83,9.38,23.42,7,0
CUST_1078,43,1,Female,Rural,Monthly,45.54,0,2018-02-09,70,552.17,10.51,26.33,11,0
CUST_1079,32,0,Female,Urban,Prepaid,61.71,0,2021-09-10,27,363.94,9.25,29.67,7,0
CUST_108,25,0,Female,Urban,Prepaid,66.56,0,2021-07-04,29,608.82,9.05,24.50,9,0
CUST_1080,43,1,Female,Suburban,Prepaid,38.97,0,2020-06-06,42,578.10,10.11,30.08,7,0
CUST_1081,25,0,Male,Suburban,Monthly,55.22,0,2018-10-07,62,433.30,11.23,20.25,2,0
CUST_1082,43,0,Female,Suburban,Yearly,39.50,0,2023-05-07,7,432.70,10.40,23.67,4,0
CUST_1083,68,0,Male,Rural,Monthly,57.65,0,2018-09-06,63,470.97,9.82,23.50,8,0
CUST_1084,62,0,Male,Rural,Yearly,39.05,0,2021-02-11,34,546.74,9.54,23.17,7,1
CUST_1085,61,0,Male,Urban,Yearly,76.29,0,2020-02-07,46,549.09,11.00,29.83,2,0
CUST_1086,43,1,Female,Rural,Yearly,49.04,0,2020-09-21,39,493.75,12.26,28.75,4,0
CUST_1087,23,0,Male,Rural,Prepaid,61.62,0,2018-05-15,67,479.14,9.46,20.67,4,0
CUST_1088,43,0,Male,Suburban,Monthly,49.69,0,2021-08-05,28,572.04,9.06,23.00,5,0
CUST_1089,43,1,Female,Suburban,Prepaid,42.48,0,2021-12-15,24,477.37,10.47,20.08,9,0
CUST_109,41,0,Female,Rural,Prepaid,54.68,0,2022-05-29,19,672.57,9.38,36.42,5,0
CUST_1090,36,0,Female,Urban,Monthly,58.61,0,2023-05-02,7,445.94,9.27,28.08,13,0
CUST_1091,37,0,Female,Suburban,Yearly,67.31,0,2018-08-19,64,497.27,9.45,18.25,1,0
CUST_1092,50,0,Male,Rural,Prepaid,28.27,0,2018-02-14,70,653.62,9.24,23.42,7,0
CUST_1093,37,0,Female,Urban,Monthly,51.97,0,2019-09-29,51,455.19,10.31,27.50,4,0
CUST_1094,66,0,Male,Urban,Monthly,48.38,0,2020-12-18,36,529.96,8.63,23.58,4,0
CUST_1095,43,1,Male,Suburban,Prepaid,53.15,0,2021-07-23,29,450.00,9.35,22.25,7,0
CUST_1096,64,0,Female,Suburban,Prepaid,70.31,0,2020-12-21,36,453.00,7.61,22.67,3,0
CUST_1097,43,1,Male,Suburban,Monthly,62.24,0,2020-06-08,42,576.40,9.03,33.33,11,0
CUST_1098,43,0,Male,Urban,Prepaid,67.35,0,2021-01-22,35,600.13,10.31,20.33,3,0
CUST_1099,31,0,Male,Suburban,Monthly,53.95,0,2023-04-20,8,462.80,9.85,22.92,3,0
CUST_11,43,1,Female,Suburban,Monthly,47.74,0,2021-04-02,32,507.66,9.57,27.08,2,0
CUST_110,43,1,Female,Rural,Monthly,59.96,0,2023-04-17,8,377.25,8.87,26.25,6,0
CUST_1100,43,1,Male,Rural,Monthly,43.50,0,2020-10-22,38,447.74,8.83,23.75,7,0
CUST_1101,54,0,Female,Urban,Monthly,13.63,0,2018-07-23,65,507.54,9.98,25.33,3,0
CUST_1102,28,0,Male,Suburban,Prepaid,71.23,0,2021-03-06,33,579.21,12.22,22.42,5,1
CUST_1103,53,0,Female,Rural,Monthly,12.50,0,2018-09-02,63,375.58,10.45,27.08,8,1
CUST_1104,30,0,Male,Rural,Prepaid,73.81,0,2022-04-02,20,550.06,10.04,23.50,10,0
CUST_1105,43,1,Male,Suburban,Yearly,61.11,0,2018-12-24,60,376.43,9.30,31.25,8,0
CUST_1106,20,0,Female,Rural,Prepaid,79.53,0,2021-03-24,33,461.58,8.76,17.67,7,0
CUST_1107,50,0,Male,Urban,Yearly,53.99,0,2020-02-26,46,412.54,10.52,24.42,3,0
CUST_1108,23,0,Male,Urban,Monthly,57.50,0,2020-12-27,36,604.72,8.64,29.33,7,0
CUST_1109,67,0,Male,Rural,Monthly,47.22,0,2021-12-07,24,510.36,9.80,26.25,5,0
CUST_111,68,0,Male,Rural,Monthly,41.52,0,2018-01-23,71,521.17,9.43,21.25,12,0
CUST_1110,43,1,Male,Urban,Prepaid,51.14,0,2021-08-12,28,699.64,7.18,26.42,6,0
CUST_1111,43,1,Male,Suburban,Prepaid,39.13,0,2022-12-10,12,423.09,11.71,30.33,3,1
CUST_1112,40,0,Male,Rural,Monthly,48.24,0,2022-09-18,15,504.85,8.66,23.75,2,0
CUST_1113,43,1,Female,Urban,Prepaid,37.30,0,2020-03-21,45,596.25,11.67,20.75,5,0
CUST_1114,61,0,Female,Suburban,Yearly,50.69,0,2022-11-21,13,403.61,9.57,22.67,7,0
CUST_1115,19,0,Female,Suburban,Prepaid,49.62,0,2018-02-06,70,494.40,10.97,23.83,3,0
CUST_1116,43,1,Male,Urban,Yearly,49.70,0,2022-10-30,14,314.78,9.12,26.17,9,0
CUST_1117,43,1,Male,Rural,Monthly,48.65,0,2020-03-25,45,485.58,9.64,19.17,7,0
CUST_1118,43,1,Male,Suburban,Prepaid,40.73,0,2020-02-11,46,580.23,10.78,21.00,7,0
CUST_1119,43,1,Female,Suburban,Monthly,58.39,0,2019-08-31,52,479.48,9.91,32.58,4,0
CUST_112,34,0,Male,Suburban,Prepaid,35.36,0,2019-03-17,57,545.86,10.06,27.58,9,0
CUST_1120,43,1,Male,Suburban,Prepaid,54.72,0,2022-11-11,13,708.07,9.35,25.67,5,0
CUST_1121,43,1,Female,Suburban,Prepaid,54.14,0,2020-03-06,45,640.28,9.40,22.42,8,0
CUST_1122,43,1,Male,Rural,Prepaid,35.87,0,2022-12-25,12,513.53,10.61,25.83,6,0
CUST_1123,43,1,Male,Urban,Yearly,60.10,0,2019-02-12,58,526.03,9.86,28.42,5,0
CUST_1124,26,0,Male,Urban,Monthly,38.54,0,2022-07-18,17,582.23,10.35,22.83,8,0
CUST_1125,28,0,Female,Urban,Monthly,42.16,0,2021-03-09,33,497.31,10.20,26.17,3,0
CUST_1126,32,0,Male,Suburban,Prepaid,51.38,0,2020-08-23,40,464.12,8.93,24.00,8,0
CUST_1127,41,0,Female,Rural,Monthly,67.25,0,2021-05-08,31,577.95,11.02,23.58,4,0
CUST_1128,55,0,Male,Urban,Prepaid,31.88,0,2019-01-18,59,585.96,11.92,27.25,7,0
CUST_1129,43,1,Male,Rural,Prepaid,35.17,0,2022-07-17,17,606.33,9.44,21.75,12,0
CUST_113,25,0,Male,Rural,Prepaid,42.41,0,2021-06-12,30,339.15,9.48,21.92,4,0
CUST_1130,47,0,Female,Urban,Prepaid,20.56,0,2022-09-05,15,340.69,10.13,29.67,3,0
CUST_1131,48,0,Male,Suburban,Monthly,57.59,0,2023-04-12,8,510.20,11.28,25.75,4,0
CUST_1132,43,1,Male,Urban,Monthly,44.94,0,2018-10-11,62,522.32,9.93,30.25,5,0
CUST_1133,22,0,Male,Suburban,Prepaid,281.85,0,2023-06-11,6,533.92,10.69,21.50,7,0
CUST_1134,43,1,Male,Suburban,Yearly,55.07,0,2019-02-18,58,398.65,9.67,28.50,7,0
CUST_1135,67,0,Female,Urban,Prepaid,61.82,0,2023-06-20,6,441.63,9.42,28.00,6,0
CUST_1136,43,1,Female,Rural,Monthly,50.02,0,2021-07-25,29,396.74,9.38,20.67,5,0
CUST_1137,28,0,Male,Suburban,Prepaid,39.36,0,2021-10-10,26,483.76,11.92,31.42,4,0
CUST_1138,26,0,Male,Rural,Prepaid,53.48,0,2018-07-17,65,556.25,9.37,25.83,6,0
CUST_1139,51,0,Female,Urban,Yearly,56.22,0,2022-06-09,18,644.54,10.47,20.17,5,0
CUST_114,43,1,Male,Rural,Yearly,45.10,0,2023-03-24,9,487.71,10.36,28.00,3,0
CUST_1140,29,0,Male,Suburban,Yearly,44.77,0,2018-03-27,69,429.34,9.85,25.50,6,0
CUST_1141,52,0,Female,Rural,Monthly,51.36,0,2020-09-08,39,740.56,10.26,23.42,7,0
CUST_1142,52,0,Male,Suburban,Yearly,29.82,0,2022-12-02,12,443.27,9.07,29.42,8,0
CUST_1143,18,0,Female,Urban,Yearly,30.91,0,2023-04-28,8,438.64,8.91,29.75,5,0
CUST_1144,57,0,Female,Suburban,Monthly,25.09,0,2019-05-20,55,357.00,9.88,30.92,5,0
CUST_1145,39,0,Female,Urban,Yearly,54.33,0,2023-03-27,9,758.41,9.14,23.58,5,0
CUST_1146,46,0,Female,Rural,Prepaid,61.10,0,2018-06-14,66,539.40,9.90,25.83,10,0
CUST_1147,25,0,Male,Suburban,Monthly,28.62,0,2023-04-24,8,434.26,11.03,27.67,6,0
CUST_1148,28,0,Male,Rural,Monthly,52.42,0,2018-10-22,62,621.34,10.15,22.92,4,0
CUST_1149,58,0,Female,Urban,Prepaid,56.71,0,2018-05-15,67,419.44,10.54,20.25,4,0
CUST_115,52,0,Male,Rural,Prepaid,44.49,0,2021-10-15,26,587.06,9.96,27.17,10,0
CUST_1150,54,0,Female,Urban,Yearly,44.01,0,2020-01-24,47,662.25,10.02,28.17,2,0
CUST_1151,43,1,Female,Rural,Prepaid,74.02,0,2019-05-12,55,329.79,10.60,16.92,4,0
CUST_1152,43,1,Female,Rural,Yearly,28.14,0,2021-11-19,25,432.41,9.20,20.67,7,0
CUST_1153,52,0,Male,Urban,Prepaid,44.34,0,2018-05-03,67,426.70,10.01,24.33,6,0
CUST_1154,38,0,Female,Rural,Prepaid,6.32,0,2019-07-10,53,570.31,9.66,17.67,4,0
CUST_1155,54,0,Female,Urban,Prepaid,55.18,0,2021-06-30,30,610.65,9.42,29.67,2,0
CUST_1156,22,0,Female,Rural,Yearly,39.02,0,2019-12-07,48,447.65,10.88,29.50,5,0
CUST_1157,36,0,Female,Urban,Prepaid,20.36,0,2021-10-01,26,631.64,10.93,18.25,8,0
CUST_1158,43,1,Female,Urban,Monthly,58.91,0,2019-08-30,52,393.33,9.95,19.17,8,0
CUST_1159,43,1,Female,Suburban,Monthly,47.65,0,2022-10-09,14,617.93,9.15,23.25,7,0
CUST_116,43,1,Female,Urban,Prepaid,67.20,0,2023-06-24,6,364.86,9.25,31.92,10,1
CUST_1160,43,1,Female,Urban,Prepaid,45.40,0,2019-12-07,48,612.97,9.32,20.75,5,0
CUST_1161,43,1,Male,Urban,Yearly,66.91,0,2019-03-26,57,492.10,10.29,25.25,11,0
CUST_1162,43,1,Female,Suburban,Prepaid,38.28,0,2020-09-07,39,691.45,10.17,23.33,7,0
CUST_1163,59,0,Female,Suburban,Monthly,59.66,0,2020-02-27,46,570.66,10.60,27.17,8,1
CUST_1164,42,0,Female,Rural,Monthly,61.84,0,2020-04-05,44,646.62,10.76,28.58,3,0
CUST_1165,43,1,Male,Rural,Prepaid,41.56,0,2019-04-18,56,383.25,10.29,31.00,8,0
CUST_1166,57,0,Male,Urban,Prepaid,50.13,0,2020-07-06,41,627.90,11.48,18.83,3,0
CUST_1167,25,0,Male,Rural,Monthly,75.18,0,2020-10-27,38,472.52,11.88,22.58,1,0
CUST_1168,43,1,Female,Rural,Yearly,34.85,0,2018-02-02,70,382.84,8.90,25.58,6,0
CUST_1169,43,1,Female,Urban,Prepaid,58.32,0,2019-10-11,50,473.85,9.84,23.92,2,0
CUST_117,22,0,Male,Suburban,Prepaid,9.26,0,2020-10-18,38,325.00,9.74,28.83,5,0
CUST_1170,31,0,Female,Suburban,Prepaid,50.93,0,2020-02-12,46,599.73,8.91,27.25,3,0
CUST_1171,49,0,Male,Suburban,Yearly,69.06,0,2021-04-21,32,447.54,9.58,33.92,5,0
CUST_1172,68,0,Female,Urban,Prepaid,49.49,0,2018-11-18,61,487.71,10.59,25.08,8,0
CUST_1173,55,0,Male,Urban,Monthly,60.29,0,2021-06-19,30,487.67,10.30,20.67,10,1
CUST_1174,50,0,Male,Urban,Monthly,25.99,0,2021-06-17,30,715.08,9.16,27.58,7,0
CUST_1175,40,0,Male,Urban,Prepaid,17.84,0,2022-05-03,19,460.84,9.78,25.00,6,0
CUST_1176,43,1,Male,Urban,Monthly,34.26,0,2018-01-13,71,470.57,10.78,20.83,3,0
CUST_1177,43,1,Male,Urban,Yearly,43.38,0,2020-06-25,42,411.53,9.37,31.42,3,0
CUST_1178,42,0,Female,Rural,Monthly,44.69,0,2020-06-13,42,658.59,10.97,22.25,5,0
CUST_1179,34,0,Female,Rural,Monthly,66.38,0,2020-03-30,45,392.15,9.50,21.08,5,0
CUST_118,43,1,Female,Urban,Prepaid,46.79,0,2019-08-30,52,405.23,10.99,16.00,4,0
CUST_1180,43,1,Male,Rural,Monthly,44.11,0,2019-10-07,50,463.43,9.22,25.50,5,0
CUST_1181,43,1,Female,Suburban,Monthly,50.36,0,2020-07-19,41,538.95,10.84,25.75,6,0
CUST_1182,43,1,Female,Urban,Prepaid,52.09,0,2023-06-08,6,454.66,9.06,21.08,4,0
CUST_1183,43,1,Male,Urban,Monthly,40.53,0,2018-10-13,62,533.94,9.95,25.42,9,1
CUST_1184,57,0,Male,Rural,Prepaid,49.73,0,2022-09-26,15,701.12,10.20,21.17,11,0
CUST_1185,57,0,Female,Suburban,Prepaid,65.77,0,2020-10-06,38,548.42,10.64,23.08,7,0
CUST_1186,68,0,Female,Rural,Yearly,54.49,0,2023-03-11,9,631.57,11.10,20.67,11,0
CUST_1187,56,0,Female,Urban,Monthly,58.90,0,2023-01-24,11,444.67,10.04,20.33,6,0
CUST_1188,43,1,Female,Urban,Yearly,55.00,0,2018-01-07,71,588.10,10.39,24.92,7,0
CUST_1189,43,1,Male,Rural,Prepaid,74.71,0,2018-11-24,61,572.18,8.90,26.17,11,0
CUST_119,56,0,Female,Suburban,Monthly,61.15,0,2022-10-14,14,440.48,7.51,16.58,8,0
CUST_1190,23,0,Female,Rural,Yearly,34.21,0,2019-05-15,55,449.30,10.36,31.08,9,0
CUST_1191,20,0,Male,Urban,Monthly,87.51,0,2018-04-20,68,627.97,11.11,34.08,7,0
CUST_1192,24,0,Male,Rural,Yearly,64.95,0,2020-01-07,47,497.23,10.05,25.42,5,0
CUST_1193,68,0,Female,Urban,Yearly,67.67,0,2023-01-27,11,575.38,11.01,27.75,7,0
CUST_1194,25,0,Female,Rural,Yearly,69.65,0,2019-09-15,51,467.14,9.07,29.50,6,0
CUST_1195,43,1,Female,Suburban,Yearly,65.55,0,2020-12-05,36,405.03,8.41,20.42,6,0
CUST_1196,43,1,Male,Urban,Prepaid,30.65,0,2018-05-22,67,614.20,9.11,27.42,4,0
CUST_1197,32,0,Male,Suburban,Monthly,33.00,0,2019-11-26,49,425.63,10.46,30.33,7,0
CUST_1198,43,1,Male,Rural,Prepaid,60.49,0,2020-10-11,38,292.62,10.96,28.00,7,0
CUST_1199,46,0,Male,Suburban,Monthly,58.66,0,2020-10-06,38,643.73,10.23,24.92,7,0
CUST_12,41,0,Female,Urban,Yearly,58.25,0,2022-07-19,17,455.51,9.23,26.08,7,0
CUST_120,58,0,Male,Suburban,Prepaid,60.60,0,2023-02-21,10,531.87,9.80,21.67,10,0
CUST_1200,50,0,Female,Rural,Yearly,63.29,0,2018-10-15,62,430.22,9.45,25.00,7,0
CUST_1201,43,1,Male,Suburban,Prepaid,50.70,0,2022-09-11,15,609.92,10.71,25.25,6,0
CUST_1202,43,1,Male,Suburban,Monthly,30.24,0,2019-03-02,57,441.77,9.70,22.83,8,0
CUST_1203,43,1,Female,Suburban,Monthly,48.35,0,2019-08-12,52,583.36,10.17,30.92,5,1
CUST_1204,44,0,Male,Urban,Prepaid,61.12,0,2022-03-21,21,635.19,9.44,19.25,4,0
CUST_1205,53,0,Male,Suburban,Prepaid,46.20,0,2020-06-17,42,669.45,9.36,24.08,7,0
CUST_1206,43,1,Female,Rural,Prepaid,49.93,0,2022-05-03,19,527.69,9.53,23.92,2,1
CUST_1207,43,1,Male,Rural,Prepaid,50.45,0,2018-07-05,65,470.99,9.81,24.33,7,0
CUST_1208,43,1,Male,Urban,Monthly,42.17,0,2018-05-24,67,577.27,10.60,29.00,10,0
CUST_1209,43,1,Male,Urban,Monthly,37.79,0,2023-01-06,11,549.13,10.64,23.58,7,1
CUST_121,45,0,Female,Rural,Monthly,37.72,0,2020-12-27,36,500.58,9.37,19.50,5,0
CUST_1210,44,0,Male,Rural,Prepaid,81.63,0,2020-10-04,38,630.13,12.55,20.92,6,0
CUST_1211,43,1,Female,Suburban,Yearly,73.38,0,2018-10-19,62,500.96,9.93,26.92,2,0
CUST_1212,21,0,Male,Rural,Monthly,66.05,0,2018-04-01,68,629.77,11.01,33.08,5,0
CUST_1213,43,1,Female,Urban,Monthly,56.23,0,2021-04-26,32,501.39,10.62,27.67,6,0
CUST_1214,43,1,Male,Urban,Prepaid,34.93,0,2020-08-08,40,335.93,10.25,23.33,8,0
CUST_1215,27,0,Female,Rural,Monthly,63.31,0,2020-04-05,44,610.33,12.37,28.58,6,0
CUST_1216,22,0,Female,Suburban,Prepaid,66.73,0,2022-10-12,14,490.10,9.21,14.67,4,1
CUST_1217,27,0,Female,Suburban,Monthly,44.83,0,2021-11-21,25,320.86,10.41,29.92,3,0
CUST_1218,50,0,Male,Urban,Monthly,33.98,0,2022-05-11,19,450.02,10.33,22.83,8,0
CUST_1219,43,1,Male,Rural,Prepaid,56.40,0,2021-12-26,24,462.64,10.54,24.83,10,0
CUST_122,24,0,Male,Rural,Prepaid,76.08,0,2018-01-04,71,536.11,9.48,28.00,5,0
CUST_1220,30,0,Male,Rural,Yearly,66.02,0,2019-10-20,50,624.34,9.62,20.08,8,0
CUST_1221,43,1,Female,Urban,Monthly,40.40,0,2022-01-08,23,318.69,9.29,23.75,11,0
CUST_1222,64,0,Male,Rural,Prepaid,57.93,0,2021-05-21,31,458.20,9.17,25.58,4,0
CUST_1223,53,0,Male,Urban,Yearly,36.39,0,2023-01-12,11,560.15,9.22,27.50,6,0
CUST_1224,62,0,Male,Suburban,Monthly,32.95,0,2020-06-25,42,451.82,10.39,26.42,2,1
CUST_1225,41,0,Male,Suburban,Monthly,53.07,0,2018-04-28,68,431.17,9.69,15.08,8,0
CUST_1226,43,1,Female,Rural,Monthly,37.78,0,2022-12-30,12,490.90,9.48,25.92,4,0
CUST_1227,32,0,Female,Suburban,Prepaid,56.45,0,2022-10-24,14,581.22,9.92,30.92,8,0
CUST_1228,43,1,Male,Suburban,Yearly,25.77,0,2023-01-05,11,520.45,9.69,18.33,7,0
CUST_1229,43,1,Male,Urban,Monthly,37.14,0,2019-01-27,59,276.21,10.03,25.92,1,0
CUST_123,26,0,Male,Urban,Monthly,29.24,0,2020-06-25,42,453.87,11.52,25.17,7,0
CUST_1230,22,0,Male,Urban,Prepaid,65.44,0,2018-12-20,60,459.06,10.23,30.83,5,0
CUST_1231,46,0,Female,Rural,Yearly,60.39,0,2021-02-10,34,411.94,7.66,20.83,3,0
CUST_1232,64,0,Male,Urban,Monthly,56.29,0,2020-05-31,43,584.45,9.99,28.08,6,0
CUST_1233,21,0,Female,Rural,Monthly,43.32,0,2020-01-25,47,623.22,6.78,18.67,8,0
CUST_1234,29,0,Female,Rural,Yearly,50.21,0,2020-01-13,47,519.13,11.14,25.00,8,0
CUST_1235,62,0,Male,Urban,Prepaid,46.63,0,2022-03-09,21,423.44,8.44,21.00,10,1
CUST_1236,19,0,Male,Suburban,Prepaid,85.01,0,2022-12-30,12,507.44,10.20,17.42,5,0
CUST_1237,44,0,Male,Suburban,Prepaid,54.75,0,2020-12-14,36,606.81,8.37,27.25,7,0
CUST_1238,48,0,Female,Suburban,Yearly,38.50,0,2019-03-03,57,526.15,9.16,31.42,10,0
CUST_1239,43,1,Female,Suburban,Prepaid,48.79,0,2021-11-04,25,507.04,10.15,23.17,10,0
CUST_124,43,1,Male,Suburban,Monthly,44.75,0,2023-01-27,11,563.53,9.01,24.58,6,0
CUST_1240,43,1,Male,Rural,Prepaid,24.79,0,2020-08-17,40,417.97,8.56,23.67,2,1
CUST_1241,53,0,Female,Suburban,Prepaid,21.44,0,2021-12-18,24,422.51,9.60,25.67,8,0
CUST_1242,53,0,Male,Rural,Prepaid,71.94,0,2019-10-11,50,558.68,9.88,21.17,3,0
CUST_1243,43,0,Male,Urban,Monthly,54.11,0,2018-05-22,67,335.04,10.69,22.17,7,0
CUST_1244,43,1,Female,Urban,Yearly,43.23,0,2022-09-21,15,378.01,11.08,22.25,7,0
CUST_1245,44,0,Female,Rural,Prepaid,49.60,0,2018-09-01,63,572.96,10.05,31.33,7,0
CUST_1246,22,0,Female,Suburban,Monthly,48.44,0,2022-05-13,19,605.04,10.99,31.67,17,0
CUST_1247,43,1,Female,Rural,Monthly,51.01,0,2022-10-17,14,414.44,9.26,24.25,4,0
CUST_1248,43,1,Male,Suburban,Monthly,67.22,0,2020-12-06,36,492.87,7.62,24.92,8,0
CUST_1249,27,0,Male,Suburban,Yearly,58.03,0,2021-05-02,31,501.21,9.60,24.00,5,0
CUST_125,43,1,Female,Rural,Prepaid,45.35,0,2023-05-05,7,465.89,10.23,26.08,9,0
CUST_1250,57,0,Male,Rural,Monthly,43.86,0,2018-06-16,66,570.48,10.35,28.00,7,0
CUST_1251,43,1,Female,Rural,Prepaid,23.77,0,2019-02-16,58,510.11,9.71,27.67,6,0
CUST_1252,23,0,Male,Suburban,Yearly,34.97,0,2018-03-12,69,568.88,10.96,28.92,4,0
CUST_1253,43,1,Female,Rural,Monthly,61.38,0,2020-03-03,45,407.88,10.14,18.00,5,0
CUST_1254,43,1,Female,Suburban,Prepaid,73.43,0,2019-01-07,59,528.61,10.44,20.08,4,0
CUST_1255,43,1,Female,Rural,Prepaid,36.83,0,2018-04-08,68,459.09,10.44,23.33,5,0
CUST_1256,43,1,Male,Urban,Yearly,34.56,0,2018-04-14,68,479.09,8.38,26.75,4,0
CUST_1257,43,1,Female,Suburban,Monthly,43.51,0,2019-01-19,59,455.78,9.90,21.33,5,0
CUST_1258,60,0,Female,Urban,Monthly,76.77,0,2020-11-21,37,437.87,9.14,16.08,6,0
CUST_1259,29,0,Female,Rural,Yearly,52.22,0,2018-12-17,60,293.58,11.01,24.08,11,0
CUST_126,43,1,Male,Rural,Prepaid,45.20,0,2021-04-11,32,585.53,10.52,24.58,5,0
CUST_1260,43,0,Female,Urban,Monthly,38.57,0,2019-05-10,55,551.77,8.89,19.42,4,0
CUST_1261,43,1,Female,Rural,Prepaid,44.58,0,2020-01-30,47,369.72,11.18,21.08,9,0
CUST_1262,43,1,Female,Suburban,Monthly,42.08,0,2018-01-17,71,415.68,10.73,28.92,3,0
CUST_1263,35,0,Female,Rural,Monthly,60.56,0,2018-10-17,62,522.96,9.49,26.83,6,1
CUST_1264,42,0,Female,Rural,Monthly,79.30,0,2021-06-19,30,491.85,10.67,28.67,4,0
CUST_1265,43,1,Female,Suburban,Prepaid,51.96,0,2021-02-01,34,499.57,9.85,23.75,3,0
CUST_1266,43,1,Female,Rural,Prepaid,66.41,0,2021-07-10,29,292.95,10.12,23.42,2,0
CUST_1267,43,1,Female,Suburban,Monthly,29.81,0,2022-11-29,13,570.32,9.59,25.00,5,0
CUST_1268,60,0,Female,Rural,Yearly,85.12,0,2020-07-21,41,544.60,10.33,23.83,7,1
CUST_1269,29,0,Male,Suburban,Monthly,29.91,0,2021-10-10,26,471.37,9.08,18.75,7,0
CUST_127,43,1,Male,Rural,Prepaid,70.40,0,2022-05-16,19,409.38,10.13,20.17,5,0
CUST_1270,61,0,Male,Urban,Yearly,68.18,0,2019-09-27,51,383.38,11.27,19.17,3,0
CUST_1271,53,0,Female,Rural,Monthly,55.08,0,2023-03-02,9,463.78,10.00,22.67,5,0
CUST_1272,43,1,Female,Rural,Yearly,31.13,0,2018-02-09,70,456.59,10.44,21.83,6,0
CUST_1273,21,0,Female,Rural,Prepaid,62.52,0,2018-10-15,62,559.24,8.91,25.00,5,0
CUST_1274,43,1,Male,Suburban,Prepaid,49.56,0,2018-06-02,66,443.09,10.53,22.83,4,0
CUST_1275,54,0,Male,Rural,Monthly,36.32,0,2020-10-05,38,593.68,11.48,19.58,14,1
CUST_1276,43,1,Male,Suburban,Prepaid,50.16,0,2018-08-13,64,459.64,10.31,22.25,3,0
CUST_1277,59,0,Female,Rural,Monthly,25.25,0,2021-02-24,34,419.12,10.28,17.08,4,0
CUST_1278,66,0,Female,Urban,Yearly,42.76,0,2018-02-02,70,392.74,10.20,18.25,4,0
CUST_1279,45,0,Female,Rural,Monthly,35.53,0,2020-07-19,41,531.35,9.67,25.33,8,0
CUST_128,43,1,Male,Rural,Monthly,50.24,0,2019-03-09,57,523.33,9.15,27.08,2,1
CUST_1280,48,0,Female,Urban,Yearly,47.26,0,2020-11-21,37,645.59,11.62,28.00,3,0
CUST_1281,26,0,Male,Suburban,Monthly,24.04,0,2020-11-06,37,455.87,9.69,27.67,4,0
CUST_1282,68,0,Female,Urban,Monthly,23.14,0,2018-01-14,71,564.38,9.62,22.08,5,0
CUST_1283,43,1,Male,Rural,Monthly,37.26,0,2021-02-08,34,374.25,10.67,23.58,7,0
CUST_1284,31,0,Male,Rural,Prepaid,49.43,0,2021-12-20,24,467.42,8.81,21.83,11,0
CUST_1285,43,1,Female,Suburban,Prepaid,35.40,0,2018-06-29,66,614.03,8.82,28.67,2,0
CUST_1286,58,0,Male,Rural,Monthly,56.92,0,2021-05-24,31,489.92,10.01,25.33,6,0
CUST_1287,39,0,Male,Rural,Yearly,60.53,0,2022-01-01,23,651.60,9.30,28.67,3,0
CUST_1288,28,0,Male,Suburban,Monthly,37.34,0,2022-06-27,18,546.66,9.91,30.83,6,0
CUST_1289,40,0,Male,Suburban,Prepaid,70.86,0,2020-05-20,43,561.77,10.51,27.67,7,0
CUST_129,40,0,Female,Urban,Prepaid,54.80,0,2018-09-23,63,535.76,10.37,25.17,9,1
CUST_1290,43,1,Female,Urban,Prepaid,45.46,0,2019-08-05,52,567.44,10.52,25.75,10,1
CUST_1291,63,0,Female,Suburban,Yearly,77.47,0,2022-10-02,14,277.88,10.00,24.42,5,0
CUST_1292,54,0,Male,Rural,Monthly,46.11,0,2020-03-07,45,392.60,9.38,31.00,6,0
CUST_1293,43,1,Female,Suburban,Yearly,33.18,0,2021-10-30,26,373.47,9.39,23.08,8,0
CUST_1294,43,0,Male,Rural,Monthly,68.42,0,2019-05-31,55,550.99,11.40,26.25,4,1
CUST_1295,43,1,Female,Urban,Monthly,34.38,0,2019-08-15,52,442.90,9.55,22.33,7,0
CUST_1296,53,0,Female,Suburban,Monthly,67.07,0,2021-10-25,26,519.17,11.86,18.83,6,0
CUST_1297,43,1,Female,Rural,Prepaid,51.81,0,2020-03-04,45,502.67,12.17,24.08,5,0
CUST_1298,18,0,Female,Suburban,Monthly,41.66,0,2020-04-12,44,510.90,9.44,23.00,11,0
CUST_1299,68,0,Female,Suburban,Monthly,38.47,0,2020-01-11,47,488.84,10.33,19.92,8,0
CUST_13,53,0,Male,Suburban,Monthly,33.52,0,2022-02-21,22,500.37,9.79,25.67,6,0
CUST_130,41,0,Male,Urban,Monthly,63.19,0,2020-12-18,36,528.60,9.43,27.25,5,0
CUST_1300,57,0,Male,Suburban,Monthly,48.71,0,2022-09-27,15,599.37,7.81,31.42,7,0
CUST_1301,32,0,Female,Suburban,Yearly,60.20,0,2018-05-12,67,568.78,7.92,26.83,5,0
CUST_1302,38,0,Male,Urban,Prepaid,49.40,0,2019-03-01,57,463.60,9.15,26.00,1,0
CUST_1303,64,0,Male,Rural,Monthly,72.19,0,2022-10-02,14,467.61,10.23,28.17,3,0
CUST_1304,26,0,Female,Suburban,Prepaid,32.36,0,2020-01-13,47,379.41,8.57,27.50,5,0
CUST_1305,43,1,Male,Rural,Prepaid,48.55,0,2020-04-27,44,587.42,10.14,27.08,5,1
CUST_1306,43,1,Female,Urban,Monthly,66.51,0,2022-06-01,18,430.21,9.66,22.08,8,0
CUST_1307,69,0,Male,Rural,Prepaid,31.94,0,2023-05-27,7,600.43,7.67,22.83,3,0
CUST_1308,43,0,Male,Rural,Monthly,65.60,0,2019-10-12,50,547.88,10.99,21.17,3,0
CUST_1309,43,1,Female,Urban,Prepaid,50.30,0,2022-02-08,22,562.48,10.35,22.25,4,0
CUST_131,54,0,Female,Rural,Prepaid,40.41,0,2020-08-19,40,560.31,9.81,23.42,3,0
CUST_1310,43,1,Female,Suburban,Prepaid,51.65,0,2020-07-08,41,520.61,10.93,27.92,6,0
CUST_1311,69,0,Female,Rural,Prepaid,44.91,0,2023-05-15,7,456.23,11.55,22.00,9,0
CUST_1312,42,0,Female,Rural,Prepaid,31.87,0,2023-02-21,10,486.98,10.46,30.83,12,0
CUST_1313,43,0,Male,Suburban,Yearly,48.82,0,2021-09-28,27,391.39,9.38,17.75,8,1
CUST_1314,28,0,Female,Suburban,Monthly,41.66,0,2022-05-24,19,415.41,12.14,24.92,4,0
CUST_1315,55,0,Male,Rural,Yearly,72.86,0,2020-11-05,37,579.59,11.07,17.25,5,0
CUST_1316,43,1,Male,Urban,Prepaid,57.66,0,2021-11-06,25,329.50,10.69,17.58,9,0
CUST_1317,24,0,Male,Suburban,Monthly,50.52,0,2020-09-10,39,463.27,9.95,26.08,5,0
CUST_1318,35,0,Male,Suburban,Monthly,69.77,0,2022-05-28,19,356.31,9.55,27.00,6,1
CUST_1319,44,0,Male,Urban,Prepaid,49.16,0,2019-05-03,55,422.80,9.83,21.42,4,0
CUST_132,43,1,Female,Rural,Prepaid,47.68,0,2022-02-27,22,356.98,8.36,27.50,7,0
CUST_1320,51,0,Male,Rural,Monthly,60.54,0,2020-02-02,46,549.78,9.64,22.42,6,0
CUST_1321,43,1,Female,Suburban,Monthly,67.46,0,2022-10-15,14,535.58,10.55,23.25,10,0
CUST_1322,43,1,Male,Rural,Monthly,45.92,0,2018-03-26,69,534.16,9.95,25.50,6,0
CUST_1323,60,0,Male,Rural,Monthly,56.52,0,2020-09-04,39,440.40,9.86,24.83,3,0
CUST_1324,61,0,Male,Rural,Monthly,43.45,0,2020-01-27,47,683.12,11.89,27.75,5,0
CUST_1325,68,0,Female,Urban,Prepaid,67.19,0,2018-05-23,67,543.70,8.57,25.42,2,0
CUST_1326,43,1,Female,Rural,Monthly,49.59,0,2021-11-02,25,479.45,10.16,21.33,6,0
CUST_1327,42,0,Male,Rural,Yearly,70.56,0,2021-01-06,35,722.88,10.59,23.67,3,0
CUST_1328,43,1,Female,Suburban,Prepaid,52.98,0,2021-03-08,33,650.84,9.72,24.67,6,0
CUST_1329,69,0,Male,Suburban,Monthly,88.19,0,2018-05-10,67,393.10,9.70,27.25,7,0
CUST_133,61,0,Male,Rural,Prepaid,75.14,0,2020-04-01,44,403.96,10.88,20.33,5,1
CUST_1330,43,1,Female,Urban,Monthly,39.39,0,2018-12-13,60,411.34,10.65,21.42,4,1
CUST_1331,43,1,Male,Urban,Monthly,62.90,0,2020-08-30,40,547.43,8.57,22.67,6,0
CUST_1332,43,1,Female,Suburban,Monthly,49.35,0,2018-06-16,66,410.70,8.39,29.08,6,1
CUST_1333,43,1,Female,Suburban,Prepaid,46.62,0,2022-09-28,15,349.16,8.07,23.42,11,0
CUST_1334,43,1,Female,Urban,Monthly,21.53,0,2021-01-28,35,549.98,10.58,26.58,5,0
CUST_1335,60,0,Male,Rural,Monthly,51.09,0,2023-03-29,9,495.91,10.21,26.67,5,0
CUST_1336,39,0,Male,Urban,Monthly,35.39,0,2023-04-20,8,412.38,9.96,25.08,11,0
CUST_1337,43,0,Male,Rural,Monthly,45.35,0,2018-02-08,70,484.82,11.45,27.58,5,0
CUST_1338,45,0,Female,Suburban,Monthly,35.98,0,2021-10-15,26,476.44,10.91,21.75,8,0
CUST_1339,43,1,Female,Suburban,Yearly,37.98,0,2023-06-17,6,475.18,9.44,23.42,6,1
CUST_134,57,0,Female,Rural,Prepaid,55.67,0,2020-04-09,44,577.93,10.91,22.75,6,0
CUST_1340,38,0,Male,Suburban,Monthly,33.91,0,2021-03-27,33,460.31,10.21,18.75,9,0
CUST_1341,66,0,Female,Rural,Monthly,34.06,0,2023-05-01,7,574.81,10.57,22.67,9,0
CUST_1342,24,0,Male,Urban,Prepaid,26.13,0,2022-08-27,16,464.26,10.21,27.83,6,0
CUST_1343,34,0,Male,Rural,Prepaid,55.64,0,2020-04-01,44,409.38,11.00,27.92,4,0
CUST_1344,37,0,Male,Urban,Yearly,50.27,0,2020-10-23,38,565.03,11.61,26.67,4,0
CUST_1345,58,0,Male,Urban,Monthly,60.62,0,2019-09-08,51,334.79,10.17,18.58,7,0
CUST_1346,66,0,Female,Urban,Monthly,44.12,0,2019-11-26,49,354.67,11.49,21.42,8,0
CUST_1347,37,0,Female,Suburban,Monthly,40.10,0,2020-08-10,40,538.39,10.70,16.33,7,0
CUST_1348,39,0,Female,Urban,Prepaid,48.68,0,2018-09-16,63,366.39,10.37,23.33,6,1
CUST_1349,45,0,Male,Suburban,Yearly,60.53,0,2023-06-12,6,506.84,9.72,29.25,2,0
CUST_135,43,1,Female,Rural,Prepaid,33.58,0,2018-12-15,60,528.33,10.52,19.58,5,0
CUST_1350,57,0,Female,Urban,Monthly,54.50,0,2021-07-23,29,454.20,12.56,21.00,7,0
CUST_1351,66,0,Male,Urban,Monthly,50.19,0,2022-12-28,12,447.55,9.97,15.08,6,0
CUST_1352,24,0,Male,Suburban,Prepaid,59.97,0,2023-06-08,6,442.96,9.92,31.92,1,0
CUST_1353,43,1,Male,Suburban,Monthly,50.08,0,2018-06-29,66,449.71,8.01,22.67,4,0
CUST_1354,49,0,Male,Rural,Prepaid,41.13,0,2021-07-06,29,422.25,10.42,28.25,4,1
CUST_1355,43,1,Male,Urban,Monthly,63.61,0,2021-08-05,28,688.86,8.44,26.83,6,0
CUST_1356,47,0,Male,Suburban,Monthly,31.27,0,2021-05-07,31,397.84,9.67,22.08,9,0
CUST_1357,40,0,Female,Rural,Prepaid,28.69,0,2020-01-15,47,335.57,9.05,24.00,7,0
CUST_1358,68,0,Female,Rural,Monthly,49.63,0,2020-08-23,40,500.71,10.40,31.08,4,0
CUST_1359,36,0,Female,Suburban,Monthly,51.29,0,2018-12-22,60,527.85,9.57,24.00,6,0
CUST_136,44,0,Male,Suburban,Prepaid,37.15,0,2021-05-03,31,301.01,8.30,33.00,2,0
CUST_1360,49,0,Female,Urban,Yearly,53.50,0,2022-11-01,13,537.11,8.66,21.42,6,0
CUST_1361,47,0,Male,Rural,Monthly,45.09,0,2020-05-29,43,587.47,9.92,26.75,6,0
CUST_1362,43,1,Male,Urban,Prepaid,70.30,0,2018-09-30,63,510.59,9.87,26.83,1,1
CUST_1363,66,0,Female,Urban,Prepaid,27.52,0,2018-11-23,61,506.68,10.30,12.83,3,1
CUST_1364,62,0,Female,Rural,Yearly,52.02,0,2021-03-23,33,497.31,11.35,30.75,6,0
CUST_1365,43,1,Female,Suburban,Monthly,61.38,0,2020-03-01,45,494.18,9.95,28.25,10,1
CUST_1366,47,0,Female,Urban,Monthly,70.77,0,2022-08-06,16,519.41,9.84,35.42,9,0
CUST_1367,43,1,Female,Suburban,Prepaid,70.01,0,2021-08-06,28,477.19,7.83,22.67,5,0
CUST_1368,57,0,Female,Rural,Prepaid,33.56,0,2019-01-20,59,476.72,10.27,16.08,7,0
CUST_1369,36,0,Female,Urban,Yearly,55.43,0,2018-10-07,62,593.53,10.29,21.25,4,0
CUST_137,52,0,Male,Suburban,Monthly,63.38,0,2019-03-25,57,542.15,10.17,26.92,12,0
CUST_1370,43,1,Female,Suburban,Monthly,46.79,0,2019-05-05,55,355.00,10.94,23.92,7,0
CUST_1371,43,1,Male,Suburban,Prepaid,49.72,0,2021-07-18,29,387.34,9.79,28.50,11,0
CUST_1372,43,1,Male,Urban,Monthly,67.01,0,2021-09-16,27,663.65,10.40,24.92,10,0
CUST_1373,68,0,Male,Suburban,Prepaid,78.50,0,2021-06-21,30,627.81,10.30,30.67,4,0
CUST_1374,64,0,Male,Suburban,Yearly,53.91,0,2022-04-29,20,666.02,8.53,30.08,8,0
CUST_1375,67,0,Female,Rural,Monthly,20.21,0,2021-02-25,34,677.16,11.57,24.50,4,0
CUST_1376,19,0,Male,Rural,Monthly,24.97,0,2022-12-13,12,484.68,9.16,30.42,12,0
CUST_1377,45,0,Female,Suburban,Monthly,49.30,0,2022-10-24,14,297.40,10.01,22.25,5,0
CUST_1378,43,1,Male,Suburban,Yearly,64.96,0,2022-05-28,19,421.35,10.54,13.25,8,0
CUST_1379,67,0,Female,Urban,Yearly,38.22,0,2019-02-16,58,607.65,10.28,22.00,3,0
CUST_138,43,1,Male,Suburban,Prepaid,33.06,0,2023-05-04,7,552.07,10.53,25.75,3,0
CUST_1380,43,1,Female,Rural,Prepaid,47.13,0,2019-05-30,55,383.80,8.71,22.33,6,0
CUST_1381,55,0,Male,Urban,Yearly,74.27,0,2019-09-15,51,516.85,10.54,24.67,5,0
CUST_1382,68,0,Male,Suburban,Yearly,44.05,0,2021-11-15,25,580.14,10.99,24.58,12,1
CUST_1383,21,0,Female,Urban,Prepaid,76.29,0,2021-02-11,34,522.77,10.14,23.50,6,1
CUST_1384,43,1,Female,Suburban,Yearly,43.55,0,2018-10-24,62,609.71,10.87,24.67,10,1
CUST_1385,25,0,Female,Rural,Monthly,63.56,0,2019-08-13,52,600.31,10.28,16.83,6,0
CUST_1386,46,0,Male,Rural,Monthly,51.15,0,2018-02-10,70,602.27,9.91,25.08,7,0
CUST_1387,56,0,Male,Suburban,Prepaid,61.65,0,2023-04-21,8,366.83,11.24,18.08,5,0
CUST_1388,20,0,Female,Rural,Monthly,80.13,0,2018-06-10,66,596.18,9.32,23.75,10,0
CUST_1389,43,1,Male,Suburban,Prepaid,56.30,0,2020-07-02,41,444.02,10.68,24.42,4,0
CUST_139,43,1,Female,Suburban,Monthly,42.91,0,2021-12-07,24,574.26,11.61,35.08,8,0
CUST_1390,27,0,Female,Urban,Yearly,68.92,0,2020-04-01,44,490.36,8.72,22.67,5,0
CUST_1391,43,1,Male,Suburban,Yearly,36.58,0,2021-11-25,25,563.25,10.25,19.33,7,0
CUST_1392,43,1,Male,Urban,Monthly,36.03,0,2019-10-23,50,427.12,10.01,25.00,8,0
CUST_1393,43,1,Male,Suburban,Monthly,25.51,0,2019-08-17,52,458.45,7.90,22.25,6,0
CUST_1394,51,0,Male,Rural,Monthly,34.17,0,2018-11-21,61,523.70,9.05,24.00,9,0
CUST_1395,50,0,Male,Suburban,Prepaid,72.76,0,2019-03-22,57,407.00,9.57,27.58,6,0
CUST_1396,43,1,Female,Suburban,Monthly,54.97,0,2023-05-10,7,515.05,10.59,29.25,10,0
CUST_1397,45,0,Female,Suburban,Monthly,45.99,0,2018-09-03,63,640.13,10.84,25.42,3,0
CUST_1398,43,1,Male,Rural,Prepaid,53.06,0,2019-08-21,52,562.66,11.85,27.92,10,0
CUST_1399,67,0,Female,Suburban,Prepaid,60.20,0,2022-05-29,19,530.68,8.38,29.00,8,0
CUST_14,43,1,Male,Suburban,Monthly,53.38,0,2023-06-04,6,463.87,6.68,15.00,12,0
CUST_140,43,1,Male,Rural,Monthly,53.05,0,2021-07-16,29,630.40,8.47,18.58,2,0
CUST_1400,24,0,Female,Rural,Monthly,61.68,0,2021-05-09,31,466.76,10.92,29.25,5,0
CUST_1401,43,1,Male,Suburban,Monthly,53.28,0,2021-01-25,35,523.04,8.90,28.08,4,0
CUST_1402,25,0,Female,Urban,Yearly,70.74,0,2023-04-28,8,365.55,9.48,25.25,6,0
CUST_1403,18,0,Male,Suburban,Prepaid,35.44,0,2018-02-21,70,563.20,11.04,26.33,6,0
CUST_1404,43,1,Female,Urban,Prepaid,44.74,0,2020-01-28,47,493.72,9.86,23.08,5,0
CUST_1405,41,0,Female,Rural,Monthly,67.55,0,2018-03-22,69,501.44,8.78,24.17,6,0
CUST_1406,43,1,Female,Rural,Monthly,64.35,0,2021-09-04,27,427.55,8.49,30.17,7,0
CUST_1407,43,1,Female,Suburban,Monthly,55.56,0,2019-12-06,48,592.91,8.63,30.33,4,0
CUST_1408,43,1,Female,Rural,Monthly,41.86,0,2021-02-09,34,546.72,12.19,18.92,4,0
CUST_1409,54,0,Female,Suburban,Monthly,61.81,0,2022-05-29,19,578.70,10.66,21.83,4,0
CUST_141,43,1,Female,Suburban,Monthly,50.20,0,2018-06-21,66,288.86,10.68,31.42,8,1
CUST_1410,20,0,Female,Rural,Monthly,36.36,0,2021-02-08,34,582.30,9.87,34.58,9,0
CUST_1411,68,0,Male,Urban,Prepaid,67.73,0,2019-03-22,57,566.19,10.14,16.33,6,0
CUST_1412,50,0,Male,Rural,Prepaid,72.83,0,2022-09-21,15,569.53,11.10,21.17,7,1
CUST_1413,45,0,Male,Urban,Prepaid,41.36,0,2022-10-07,14,557.52,11.03,27.67,6,0
CUST_1414,64,0,Male,Suburban,Prepaid,88.82,0,2020-09-22,39,438.88,11.01,12.92,6,0
CUST_1415,25,0,Female,Suburban,Prepaid,35.04,0,2020-07-16,41,506.50,8.94,27.92,4,0
CUST_1416,51,0,Female,Suburban,Prepaid,47.16,0,2019-08-02,52,507.36,11.23,26.33,6,0
CUST_1417,52,0,Female,Urban,Yearly,46.80,0,2023-02-13,10,364.97,7.57,22.67,3,0
CUST_1418,43,1,Male,Suburban,Prepaid,48.44,0,2022-09-17,15,561.43,11.22,27.92,5,0
CUST_1419,41,0,Male,Suburban,Prepaid,71.37,0,2023-05-24,7,560.71,10.17,28.25,9,0
CUST_142,31,0,Female,Suburban,Yearly,72.25,0,2020-11-13,37,511.14,11.22,25.58,2,0
CUST_1420,31,0,Male,Urban,Yearly,56.57,0,2022-02-19,22,371.58,9.75,21.50,4,0
CUST_1421,49,0,Female,Rural,Monthly,37.53,0,2019-04-10,56,463.52,10.05,25.25,9,0
CUST_1422,43,1,Male,Suburban,Monthly,51.64,0,2018-01-10,71,444.60,10.02,23.33,6,0
CUST_1423,60,0,Female,Rural,Monthly,59.95,0,2022-03-01,21,643.95,10.52,34.83,3,0
CUST_1424,43,1,Male,Rural,Monthly,57.81,0,2018-11-18,61,439.61,9.63,24.58,10,0
CUST_1425,43,1,Female,Suburban,Prepaid,68.33,0,2020-10-03,38,625.96,11.33,27.75,3,0
CUST_1426,43,1,Male,Suburban,Prepaid,51.34,0,2022-10-13,14,700.66,9.89,17.50,4,0
CUST_1427,54,0,Female,Urban,Yearly,61.99,0,2018-01-31,71,701.67,10.89,21.67,7,0
CUST_1428,38,0,Male,Urban,Prepaid,47.86,0,2020-10-03,38,672.11,9.98,24.75,6,0
CUST_1429,31,0,Male,Suburban,Prepaid,40.30,0,2019-03-13,57,361.58,10.08,27.83,4,0
CUST_143,20,0,Female,Urban,Prepaid,13.24,0,2020-01-07,47,583.35,10.68,20.25,5,0
CUST_1430,43,1,Female,Rural,Monthly,32.88,0,2023-03-29,9,456.77,9.11,28.83,3,0
CUST_1431,65,0,Female,Urban,Prepaid,73.50,0,2019-10-01,50,429.06,9.10,23.92,6,0
CUST_1432,35,0,Male,Urban,Monthly,27.37,0,2023-01-07,11,418.16,10.52,27.58,8,0
CUST_1433,24,0,Female,Suburban,Yearly,53.81,0,2021-09-19,27,626.31,10.52,23.08,6,0
CUST_1434,27,0,Male,Suburban,Yearly,56.14,0,2018-07-22,65,580.19,9.51,26.33,4,0
CUST_1435,24,0,Female,Suburban,Monthly,35.29,0,2018-05-13,67,355.87,9.44,21.42,6,0
CUST_1436,50,0,Male,Suburban,Prepaid,63.51,0,2019-12-01,48,468.62,11.04,23.50,8,0
CUST_1437,40,0,Female,Urban,Yearly,29.74,0,2021-04-29,32,492.09,9.83,27.17,4,0
CUST_1438,43,1,Male,Urban,Prepaid,41.30,0,2021-07-08,29,557.36,9.59,20.67,6,0
CUST_1439,36,0,Male,Urban,Prepaid,64.47,0,2023-03-14,9,448.90,11.41,21.25,6,0
CUST_144,43,1,Female,Suburban,Prepaid,57.23,0,2019-06-08,54,535.81,10.59,33.00,6,0
CUST_1440,65,0,Male,Rural,Monthly,30.49,0,2020-11-11,37,473.49,10.57,19.75,6,0
CUST_1441,36,0,Female,Urban,Monthly,62.25,0,2023-03-05,9,729.55,8.85,28.50,11,0
CUST_1442,53,0,Male,Urban,Prepaid,66.74,0,2018-11-27,61,499.11,10.01,26.00,9,0
CUST_1443,43,1,Female,Suburban,Monthly,66.10,0,2021-02-14,34,582.16,10.58,24.25,4,0
CUST_1444,35,0,Female,Urban,Yearly,55.62,0,2021-06-26,30,456.59,9.34,34.25,7,0
CUST_1445,19,0,Female,Urban,Prepaid,37.42,0,2022-03-07,21,331.76,8.69,23.25,3,0
CUST_1446,18,0,Male,Urban,Monthly,35.15,0,2020-01-15,47,665.90,10.25,22.17,7,0
CUST_1447,43,1,Female,Suburban,Prepaid,42.45,0,2022-09-29,15,330.50,10.04,20.75,6,0
CUST_1448,43,1,Female,Urban,Monthly,4.02,0,2022-10-12,14,261.74,8.97,23.25,6,0
CUST_1449,43,1,Female,Urban,Prepaid,50.35,0,2021-01-15,35,530.22,9.51,24.67,10,0
CUST_145,22,0,Female,Suburban,Monthly,45.76,0,2018-07-04,65,509.70,8.44,18.08,4,0
CUST_1450,28,0,Male,Rural,Monthly,48.27,0,2021-02-26,34,455.72,7.97,29.50,2,0
CUST_1451,59,0,Female,Rural,Prepaid,51.14,0,2022-02-21,22,553.54,9.39,25.17,8,1
CUST_1452,19,0,Female,Rural,Yearly,46.40,0,2023-03-25,9,324.86,9.19,18.42,7,1
CUST_1453,43,1,Female,Rural,Yearly,52.65,0,2020-07-12,41,453.59,8.57,24.17,8,0
CUST_1454,43,1,Female,Suburban,Yearly,51.19,0,2022-08-17,16,305.54,10.55,26.42,5,0
CUST_1455,29,0,Male,Rural,Prepaid,28.10,0,2021-01-07,35,651.37,9.11,28.17,5,1
CUST_1456,43,1,Male,Urban,Prepaid,54.20,0,2022-11-24,13,322.35,9.51,20.58,9,0
CUST_1457,22,0,Female,Rural,Monthly,49.68,0,2019-09-05,51,362.33,9.66,20.42,8,0
CUST_1458,43,1,Female,Suburban,Monthly,24.11,0,2019-08-16,52,696.51,10.55,32.33,7,0
CUST_1459,55,0,Female,Rural,Yearly,63.42,0,2019-04-06,56,469.59,9.95,21.17,4,1
CUST_146,43,0,Male,Rural,Monthly,69.76,0,2019-01-01,59,433.98,8.90,20.75,6,0
CUST_1460,47,0,Female,Rural,Monthly,45.53,0,2019-07-18,53,681.44,9.80,27.17,3,0
CUST_1461,26,0,Male,Suburban,Monthly,59.53,0,2018-03-09,69,548.67,10.45,27.83,5,0
CUST_1462,51,0,Male,Suburban,Prepaid,49.34,0,2022-04-03,20,493.50,10.06,29.50,8,0
CUST_1463,61,0,Male,Suburban,Yearly,23.30,0,2021-09-04,27,495.95,8.93,22.67,5,0
CUST_1464,52,0,Male,Suburban,Prepaid,53.76,0,2018-09-06,63,683.96,10.29,28.50,5,0
CUST_1465,69,0,Female,Suburban,Prepaid,57.45,0,2022-05-10,19,486.24,9.46,27.17,10,0
CUST_1466,43,1,Female,Suburban,Yearly,67.56,0,2023-05-23,7,438.70,8.59,23.83,7,0
CUST_1467,61,0,Male,Urban,Monthly,63.78,0,2018-01-08,71,490.86,10.21,24.83,7,0
CUST_1468,43,1,Male,Rural,Prepaid,67.97,0,2020-12-21,36,508.74,10.48,22.42,8,0
CUST_1469,34,0,Female,Rural,Prepaid,61.05,0,2020-02-12,46,499.91,10.87,22.33,10,0
CUST_147,31,0,Male,Suburban,Monthly,46.47,0,2021-03-03,33,539.69,7.97,27.33,7,0
CUST_1470,27,0,Female,Suburban,Prepaid,42.63,0,2022-11-19,13,607.02,9.71,23.58,7,0
CUST_1471,43,1,Female,Suburban,Monthly,42.98,0,2018-07-20,65,632.06,7.87,19.67,7,0
CUST_1472,63,0,Female,Urban,Prepaid,64.83,0,2020-08-23,40,556.02,11.03,25.08,6,1
CUST_1473,40,0,Female,Urban,Yearly,44.17,0,2023-01-13,11,595.68,8.61,23.17,5,0
CUST_1474,49,0,Male,Suburban,Prepaid,57.95,0,2020-01-04,47,516.73,10.93,17.67,9,0
CUST_1475,34,0,Male,Urban,Monthly,75.64,0,2020-06-08,42,466.65,10.30,26.42,3,0
CUST_1476,67,0,Female,Urban,Prepaid,40.73,0,2018-03-16,69,359.85,10.03,25.75,2,0
CUST_1477,43,1,Female,Suburban,Prepaid,60.92,0,2018-03-03,69,525.15,9.36,26.25,5,0
CUST_1478,34,0,Male,Suburban,Monthly,37.95,0,2021-06-16,30,466.94,7.56,30.50,4,0
CUST_1479,31,0,Female,Suburban,Monthly,58.80,0,2020-04-01,44,667.54,10.30,20.92,2,0
CUST_148,56,0,Female,Suburban,Prepaid,46.90,0,2023-05-17,7,379.68,10.85,25.33,3,0
CUST_1480,43,1,Male,Suburban,Prepaid,74.21,0,2021-08-27,28,680.44,8.78,34.67,9,0
CUST_1481,57,0,Male,Rural,Monthly,70.08,0,2022-05-14,19,545.39,9.76,27.50,3,0
CUST_1482,19,0,Male,Rural,Yearly,44.22,0,2022-08-28,16,600.26,10.66,27.42,6,0
CUST_1483,62,0,Male,Suburban,Prepaid,73.61,0,2021-12-31,24,476.74,8.71,27.83,3,0
CUST_1484,42,0,Female,Urban,Prepaid,46.63,0,2021-04-04,32,481.19,10.58,23.33,4,0
CUST_1485,43,1,Female,Suburban,Monthly,84.33,0,2018-07-06,65,507.20,9.01,17.75,7,0
CUST_1486,26,0,Male,Rural,Monthly,50.49,0,2019-07-27,53,470.55,9.90,26.50,6,0
CUST_1487,39,0,Female,Urban,Prepaid,59.94,0,2021-01-28,35,654.31,9.50,33.33,9,0
CUST_1488,60,0,Female,Rural,Prepaid,59.49,0,2020-05-18,43,609.04,10.45,23.67,11,0
CUST_1489,63,0,Female,Suburban,Monthly,33.59,0,2020-07-05,41,379.32,11.06,18.42,9,0
CUST_149,43,1,Female,Rural,Monthly,49.94,0,2022-12-27,12,513.85,10.68,23.83,5,1
CUST_1490,21,0,Female,Rural,Yearly,70.64,0,2019-05-23,55,601.67,9.63,18.08,5,0
CUST_1491,43,1,Male,Rural,Monthly,53.29,0,2020-10-12,38,545.12,11.23,21.25,3,0
CUST_1492,43,1,Female,Rural,Prepaid,41.66,0,2018-05-29,67,434.85,9.96,23.92,4,0
CUST_1493,62,0,Male,Urban,Monthly,38.73,0,2019-07-07,53,357.66,11.34,24.83,2,0
CUST_1494,51,0,Male,Rural,Prepaid,40.96,0,2021-08-25,28,474.74,11.54,20.17,4,0
CUST_1495,43,1,Female,Urban,Prepaid,48.85,0,2018-05-08,67,578.01,10.07,23.25,6,0
CUST_1496,54,0,Male,Suburban,Monthly,33.99,0,2019-09-04,51,260.69,8.44,25.25,7,0
CUST_1497,28,0,Female,Suburban,Yearly,37.75,0,2018-06-05,66,378.25,9.26,32.42,6,0
CUST_1498,23,0,Female,Rural,Yearly,24.08,0,2019-06-02,54,472.17,10.33,22.92,5,0
CUST_1499,35,0,Male,Urban,Prepaid,37.86,0,2023-06-04,6,412.14,9.17,25.83,3,0
CUST_15,41,0,Male,Suburban,Monthly,45.23,0,2019-03-13,57,483.08,9.04,27.25,6,0
CUST_150,26,0,Male,Suburban,Yearly,40.08,0,2019-06-26,54,400.66,9.00,24.42,3,0
CUST_1500,43,1,Female,Suburban,Monthly,70.47,0,2018-01-10,71,428.95,8.55,25.75,6,0
CUST_1501,59,0,Male,Urban,Prepaid,68.02,0,2023-01-06,11,572.25,8.79,24.33,6,0
CUST_1502,43,1,Male,Urban,Prepaid,54.05,0,2023-06-02,6,493.19,10.42,23.75,8,0
CUST_1503,58,0,Female,Rural,Yearly,81.59,0,2019-03-15,57,587.55,10.05,28.17,2,0
CUST_1504,55,0,Female,Rural,Yearly,68.22,0,2019-03-03,57,554.20,9.04,17.67,4,1
CUST_1505,51,0,Female,Urban,Prepaid,56.52,0,2023-05-11,7,563.16,8.57,28.50,6,1
CUST_1506,43,1,Male,Urban,Prepaid,58.15,0,2018-08-25,64,431.09,11.37,25.50,3,0
CUST_1507,54,0,Female,Rural,Prepaid,51.33,0,2018-09-17,63,605.86,9.08,15.92,5,0
CUST_1508,42,0,Male,Urban,Monthly,31.11,0,2021-02-08,34,332.99,7.60,23.50,6,0
CUST_1509,43,1,Male,Rural,Yearly,46.00,0,2022-03-14,21,399.13,10.80,27.17,6,0
CUST_151,32,0,Male,Rural,Prepaid,41.14,0,2018-07-16,65,523.49,8.81,25.83,7,0
CUST_1510,29,0,Female,Urban,Prepaid,11.08,0,2018-10-25,62,474.05,9.95,17.42,4,0
CUST_1511,40,0,Female,Rural,Monthly,33.58,0,2023-01-24,11,480.21,9.16,24.92,3,0
CUST_1512,59,0,Female,Urban,Prepaid,70.82,0,2022-07-08,17,468.29,9.78,25.00,5,0
CUST_1513,39,0,Male,Rural,Prepaid,51.16,0,2019-03-01,57,753.68,10.58,25.50,3,0
CUST_1514,38,0,Female,Urban,Monthly,34.01,0,2021-10-04,26,550.78,9.76,15.08,6,0
CUST_1515,43,1,Male,Suburban,Yearly,57.91,0,2019-07-16,53,678.84,10.41,18.58,4,0
CUST_1516,48,0,Female,Suburban,Prepaid,59.07,0,2022-09-09,15,606.22,9.94,26.83,8,0
CUST_1517,43,1,Female,Urban,Prepaid,73.13,0,2018-05-26,67,463.57,8.58,19.75,3,0
CUST_1518,43,1,Male,Suburban,Prepaid,76.67,0,2020-01-14,47,481.76,10.15,21.67,8,0
CUST_1519,43,1,Male,Urban,Monthly,61.72,0,2023-03-14,9,433.45,10.36,24.00,4,0
CUST_152,32,0,Female,Suburban,Yearly,47.77,0,2019-05-28,55,512.25,8.05,22.08,8,0
CUST_1520,51,0,Female,Urban,Prepaid,27.28,0,2019-12-12,48,502.06,11.48,27.50,9,0
CUST_1521,29,0,Female,Suburban,Monthly,84.21,0,2019-07-07,53,641.49,9.18,18.33,7,0
CUST_1522,62,0,Female,Urban,Prepaid,70.30,0,2019-12-08,48,335.09,9.43,28.25,6,0
CUST_1523,24,0,Female,Rural,Prepaid,62.74,0,2018-11-16,61,660.70,9.37,36.17,3,0
CUST_1524,43,1,Female,Urban,Monthly,49.75,0,2019-06-15,54,391.63,10.28,23.50,3,1
CUST_1525,43,1,Male,Urban,Prepaid,26.75,0,2020-12-05,36,403.69,10.40,21.50,4,0
CUST_1526,34,0,Male,Suburban,Monthly,41.60,0,2020-11-07,37,504.80,10.98,21.83,4,0
CUST_1527,43,0,Male,Rural,Monthly,49.24,0,2020-08-09,40,513.77,11.08,25.17,8,0
CUST_1528,43,1,Male,Urban,Yearly,43.99,0,2021-10-18,26,596.01,9.27,32.75,10,0
CUST_1529,45,0,Female,Urban,Prepaid,66.40,0,2022-01-11,23,548.51,10.06,23.50,8,1
CUST_153,43,0,Female,Urban,Prepaid,74.67,0,2019-02-08,58,453.06,9.90,27.17,10,0
CUST_1530,63,0,Male,Urban,Monthly,48.85,0,2018-09-04,63,288.21,9.99,25.58,7,1
CUST_1531,19,0,Male,Urban,Prepaid,38.35,0,2020-05-27,43,469.89,9.46,23.50,5,0
CUST_1532,43,1,Male,Urban,Yearly,57.51,0,2022-11-18,13,376.26,9.97,32.17,3,0
CUST_1533,18,0,Female,Urban,Monthly,37.56,0,2021-02-27,34,558.76,10.18,29.25,9,1
CUST_1534,68,0,Male,Rural,Prepaid,25.52,0,2020-12-22,36,330.81,10.79,28.33,10,0
CUST_1535,53,0,Female,Rural,Prepaid,57.64,0,2022-07-11,17,637.87,9.99,19.42,8,0
CUST_1536,68,0,Male,Urban,Yearly,48.91,0,2021-05-23,31,376.35,8.25,20.17,3,0
CUST_1537,43,1,Female,Urban,Yearly,52.35,0,2021-07-29,29,663.76,9.92,27.92,7,0
CUST_1538,46,0,Male,Suburban,Yearly,70.64,0,2021-10-06,26,551.10,11.64,30.17,8,1
CUST_1539,43,1,Female,Rural,Yearly,53.76,0,2018-11-02,61,684.08,11.51,22.33,10,0
CUST_154,43,1,Male,Urban,Prepaid,42.63,0,2020-10-14,38,424.55,9.68,21.00,7,0
CUST_1540,43,1,Male,Rural,Yearly,58.54,0,2018-09-27,63,253.94,8.57,23.75,8,0
CUST_1541,43,1,Female,Urban,Monthly,50.26,0,2018-09-28,63,575.62,10.96,18.25,3,0
CUST_1542,28,0,Female,Rural,Prepaid,310.75,0,2018-10-04,62,415.73,10.69,16.42,3,0
CUST_1543,53,0,Male,Rural,Prepaid,18.02,0,2022-06-03,18,675.20,9.45,23.17,6,0
CUST_1544,66,0,Female,Suburban,Monthly,38.38,0,2023-06-23,6,426.21,11.10,19.92,6,0
CUST_1545,56,0,Female,Suburban,Monthly,44.21,0,2023-04-26,8,466.88,10.70,28.25,3,0
CUST_1546,43,1,Male,Rural,Monthly,42.81,0,2021-01-31,35,550.29,7.85,27.00,3,0
CUST_1547,52,0,Male,Rural,Prepaid,38.13,0,2022-01-29,23,327.44,10.40,24.17,6,0
CUST_1548,51,0,Female,Rural,Monthly,48.77,0,2020-06-15,42,283.57,10.77,23.75,11,0
CUST_1549,64,0,Male,Urban,Prepaid,47.96,0,2023-05-05,7,516.34,10.78,29.58,5,0
CUST_155,30,0,Male,Suburban,Prepaid,39.69,0,2021-08-02,28,344.85,8.77,33.33,7,0
CUST_1550,43,1,Male,Suburban,Monthly,48.76,0,2020-05-20,43,614.99,8.96,21.83,8,0
CUST_1551,39,0,Male,Urban,Monthly,53.01,0,2019-10-10,50,582.59,10.62,23.25,3,0
CUST_1552,22,0,Female,Suburban,Prepaid,57.47,0,2019-09-29,51,294.21,10.94,17.42,7,0
CUST_1553,50,0,Female,Suburban,Yearly,38.36,0,2018-08-30,64,565.87,10.94,28.67,4,0
CUST_1554,53,0,Female,Suburban,Monthly,42.16,0,2022-12-10,12,564.33,10.84,26.33,5,0
CUST_1555,64,0,Female,Rural,Yearly,63.84,0,2020-01-02,47,508.42,10.77,25.67,11,0
CUST_1556,37,0,Female,Suburban,Prepaid,35.87,0,2018-03-14,69,384.24,10.52,22.92,5,0
CUST_1557,36,0,Female,Urban,Prepaid,37.88,0,2021-02-04,34,606.97,8.79,31.17,13,1
CUST_1558,52,0,Female,Suburban,Prepaid,38.41,0,2018-10-16,62,551.13,11.36,23.92,4,0
CUST_1559,69,0,Male,Urban,Prepaid,47.00,0,2018-04-25,68,693.95,10.81,34.58,5,0
CUST_156,68,0,Female,Urban,Monthly,44.00,0,2019-02-21,58,498.34,10.51,25.42,6,0
CUST_1560,43,1,Female,Suburban,Prepaid,64.97,0,2022-07-27,17,525.75,8.40,24.17,5,1
CUST_1561,43,1,Female,Suburban,Prepaid,57.86,0,2019-11-12,49,237.36,9.08,25.08,5,0
CUST_1562,62,0,Male,Rural,Yearly,36.91,0,2022-07-02,17,354.52,10.97,18.92,6,0
CUST_1563,60,0,Male,Urban,Yearly,77.20,0,2021-05-15,31,585.18,10.36,25.58,7,0
CUST_1564,43,1,Male,Suburban,Yearly,39.57,0,2018-10-30,62,327.72,9.87,21.00,7,0
CUST_1565,26,0,Female,Suburban,Yearly,25.68,0,2021-10-18,26,509.96,9.87,25.25,7,0
CUST_1566,43,0,Male,Urban,Monthly,77.36,0,2022-07-15,17,408.85,10.22,26.17,2,0
CUST_1567,19,0,Female,Suburban,Monthly,37.45,0,2021-08-29,28,417.50,9.80,19.67,7,0
CUST_1568,26,0,Female,Rural,Prepaid,48.34,0,2021-07-29,29,583.95,9.28,17.58,3,0
CUST_1569,43,1,Female,Urban,Prepaid,47.99,0,2021-09-19,27,440.70,11.21,26.83,2,0
CUST_157,49,0,Male,Rural,Monthly,50.05,0,2018-07-11,65,570.59,8.28,21.58,4,0
CUST_1570,43,1,Male,Rural,Monthly,58.73,0,2022-03-12,21,565.71,9.96,28.42,9,0
CUST_1571,43,1,Male,Urban,Yearly,22.45,0,2020-03-13,45,510.79,11.68,28.08,6,0
CUST_1572,18,0,Female,Urban,Monthly,45.49,0,2022-06-22,18,522.20,8.37,23.00,9,0
CUST_1573,42,0,Female,Urban,Yearly,44.50,0,2019-07-22,53,549.63,11.29,35.58,7,0
CUST_1574,60,0,Female,Suburban,Prepaid,71.21,0,2019-04-29,56,527.85,10.43,22.67,5,0
CUST_1575,57,0,Male,Urban,Monthly,41.85,0,2022-05-09,19,377.22,8.41,21.00,4,0
CUST_1576,59,0,Female,Urban,Monthly,45.19,0,2022-09-14,15,511.55,10.69,20.08,7,0
CUST_1577,43,1,Male,Urban,Yearly,61.40,0,2022-07-27,17,533.83,9.63,19.83,5,0
CUST_1578,56,0,Female,Rural,Yearly,57.67,0,2018-07-05,65,363.63,10.93,29.00,11,0
CUST_1579,52,0,Male,Urban,Monthly,39.14,0,2018-09-17,63,496.81,11.19,33.17,3,0
CUST_158,43,1,Male,Suburban,Monthly,76.89,0,2022-04-17,20,638.23,9.31,28.25,11,0
CUST_1580,20,0,Female,Suburban,Prepaid,56.43,0,2018-05-17,67,360.62,10.28,24.50,3,0
CUST_1581,43,1,Male,Urban,Prepaid,38.94,0,2022-10-14,14,638.74,9.84,27.75,5,0
CUST_1582,54,0,Male,Urban,Prepaid,62.05,0,2019-06-19,54,449.61,9.48,26.58,6,0
CUST_1583,61,0,Male,Rural,Yearly,47.60,0,2020-09-08,39,365.08,10.04,31.08,11,0
CUST_1584,61,0,Male,Suburban,Prepaid,31.15,0,2020-08-21,40,276.84,9.74,29.67,7,1
CUST_1585,68,0,Male,Suburban,Prepaid,17.85,0,2022-09-23,15,439.51,9.30,21.83,2,0
CUST_1586,47,0,Male,Suburban,Prepaid,44.36,0,2021-11-18,25,532.88,8.96,23.58,9,1
CUST_1587,55,0,Female,Urban,Yearly,38.24,0,2021-01-14,35,555.00,9.96,22.83,4,1
CUST_1588,43,1,Female,Urban,Monthly,46.41,0,2022-03-21,21,523.35,10.22,26.08,7,0
CUST_1589,43,1,Female,Suburban,Monthly,49.26,0,2020-09-16,39,432.38,11.58,25.75,5,0
CUST_159,66,0,Female,Rural,Monthly,38.54,0,2019-09-01,51,708.75,10.49,21.75,4,0
CUST_1590,36,0,Female,Suburban,Prepaid,21.29,0,2021-11-04,25,321.84,9.31,19.33,5,0
CUST_1591,43,1,Male,Rural,Prepaid,39.05,0,2021-06-02,30,348.52,10.10,24.33,7,0
CUST_1592,61,0,Female,Suburban,Prepaid,48.06,0,2021-07-06,29,597.91,10.05,28.67,7,0
CUST_1593,43,1,Male,Urban,Yearly,51.50,0,2021-10-18,26,427.29,8.65,25.50,8,0
CUST_1594,43,1,Male,Urban,Yearly,61.97,0,2023-02-13,10,495.14,8.43,28.25,11,0
CUST_1595,43,1,Male,Urban,Monthly,64.56,0,2021-08-18,28,576.32,9.91,21.17,6,0
CUST_1596,66,0,Female,Rural,Prepaid,46.42,0,2022-01-02,23,695.14,9.24,25.58,8,0
CUST_1597,64,0,Male,Suburban,Yearly,47.78,0,2018-08-23,64,569.42,8.53,15.33,2,0
CUST_1598,29,0,Female,Urban,Monthly,42.79,0,2020-03-20,45,405.20,10.27,26.42,5,0
CUST_1599,43,1,Female,Rural,Prepaid,59.84,0,2019-10-03,50,567.60,10.02,25.17,4,0
CUST_16,20,0,Female,Urban,Monthly,20.03,0,2018-02-06,70,409.38,10.74,27.33,9,1
CUST_160,69,0,Female,Urban,Prepaid,87.49,0,2022-12-17,12,556.87,8.66,31.33,10,0
CUST_1600,43,1,Female,Rural,Prepaid,44.23,0,2021-04-28,32,562.46,9.80,32.33,7,0
CUST_1601,36,0,Female,Urban,Monthly,35.50,0,2020-07-06,41,475.34,9.44,18.67,7,0
CUST_1602,25,0,Female,Rural,Monthly,25.06,0,2020-09-21,39,462.30,9.71,27.25,3,0
CUST_1603,48,0,Male,Rural,Yearly,35.79,0,2018-05-12,67,554.48,10.76,23.00,8,0
CUST_1604,38,0,Male,Urban,Yearly,46.01,0,2019-02-24,58,484.64,10.47,21.58,10,0
CUST_1605,34,0,Female,Rural,Prepaid,64.69,0,2023-06-14,6,453.54,9.47,29.08,5,0
CUST_1606,43,1,Male,Urban,Monthly,50.68,0,2019-12-22,48,434.88,10.32,26.92,6,0
CUST_1607,43,1,Female,Urban,Prepaid,51.72,0,2018-06-19,66,497.66,10.49,25.83,10,0
CUST_1608,33,0,Male,Rural,Monthly,50.05,0,2019-04-16,56,494.22,8.14,27.33,7,0
CUST_1609,23,0,Male,Urban,Monthly,69.20,0,2019-04-21,56,575.21,10.35,17.67,6,0
CUST_161,43,1,Female,Rural,Prepaid,56.78,0,2022-05-15,19,552.74,9.79,25.33,2,0
CUST_1610,25,0,Male,Urban,Monthly,57.62,0,2019-01-21,59,400.69,10.25,31.17,4,0
CUST_1611,42,0,Male,Suburban,Yearly,49.78,0,2019-04-29,56,435.89,9.35,23.50,4,0
CUST_1612,35,0,Male,Urban,Monthly,41.02,0,2022-02-27,22,468.87,10.51,26.92,4,0
CUST_1613,43,1,Male,Suburban,Yearly,31.09,0,2022-05-21,19,413.03,10.30,26.17,7,1
CUST_1614,43,1,Male,Suburban,Prepaid,74.79,0,2023-01-21,11,639.34,8.60,24.58,9,0
CUST_1615,43,1,Male,Suburban,Prepaid,62.05,0,2019-03-09,57,381.05,7.21,21.08,4,0
CUST_1616,43,1,Male,Suburban,Monthly,47.10,0,2019-07-14,53,419.91,10.91,22.08,4,0
CUST_1617,58,0,Male,Rural,Yearly,76.91,0,2020-03-03,45,440.70,10.59,22.17,5,0
CUST_1618,62,0,Male,Rural,Prepaid,49.89,0,2019-12-01,48,469.97,9.54,27.58,7,0
CUST_1619,43,1,Male,Urban,Prepaid,37.75,0,2019-06-02,54,371.84,9.46,14.25,4,0
CUST_162,43,1,Male,Urban,Prepaid,35.00,0,2019-04-12,56,445.32,9.03,27.75,7,0
CUST_1620,64,0,Male,Urban,Monthly,68.32,0,2020-10-01,38,456.09,10.70,27.58,8,0
CUST_1621,49,0,Female,Urban,Monthly,30.79,0,2020-12-14,36,473.72,10.05,27.33,6,0
CUST_1622,27,0,Male,Rural,Yearly,43.99,0,2022-01-28,23,374.37,9.29,27.67,4,0
CUST_1623,43,1,Male,Suburban,Monthly,31.99,0,2018-11-28,61,566.94,9.00,28.67,3,0
CUST_1624,24,0,Male,Rural,Yearly,38.01,0,2022-03-16,21,397.10,8.90,27.17,6,0
CUST_1625,43,1,Male,Rural,Monthly,53.00,0,2021-03-21,33,265.22,11.02,26.83,5,0
CUST_1626,40,0,Male,Urban,Prepaid,55.06,0,2018-03-13,69,504.05,10.34,18.08,8,0
CUST_1627,43,0,Male,Urban,Monthly,33.47,0,2021-02-10,34,642.95,9.69,29.83,15,0
CUST_1628,43,1,Female,Urban,Monthly,77.14,0,2018-11-03,61,325.05,8.51,17.92,5,0
CUST_1629,39,0,Female,Suburban,Yearly,18.66,0,2018-06-30,66,562.65,9.42,24.00,8,0
CUST_163,43,1,Female,Urban,Yearly,41.79,0,2021-09-09,27,476.17,9.69,19.08,5,0
CUST_1630,24,0,Female,Suburban,Prepaid,51.94,0,2023-05-23,7,412.44,9.56,24.17,10,0
CUST_1631,43,1,Male,Rural,Prepaid,52.33,0,2020-07-14,41,587.31,10.13,25.42,2,0
CUST_1632,32,0,Male,Suburban,Prepaid,53.95,0,2019-04-22,56,390.45,10.95,21.92,8,0
CUST_1633,24,0,Male,Urban,Monthly,63.19,0,2023-01-06,11,397.46,10.17,26.75,5,0
CUST_1634,43,1,Female,Suburban,Prepaid,4.26,0,2022-02-23,22,323.87,9.21,27.25,6,0
CUST_1635,68,0,Male,Suburban,Monthly,38.39,0,2018-11-10,61,517.88,10.22,22.58,8,0
CUST_1636,43,1,Male,Suburban,Yearly,52.27,0,2018-08-24,64,553.20,9.52,27.58,9,0
CUST_1637,43,1,Female,Suburban,Monthly,75.55,0,2021-02-07,34,475.63,11.51,22.33,6,0
CUST_1638,67,0,Female,Urban,Monthly,41.27,0,2020-01-20,47,612.65,10.24,31.83,6,1
CUST_1639,43,1,Male,Urban,Yearly,47.11,0,2022-05-15,19,399.18,11.90,20.33,3,0
CUST_164,43,1,Male,Urban,Prepaid,20.95,0,2018-05-27,67,335.26,9.60,24.25,7,0
CUST_1640,46,0,Male,Rural,Monthly,60.88,0,2018-04-07,68,586.37,9.24,19.33,3,1
CUST_1641,35,0,Male,Rural,Prepaid,31.86,0,2019-08-31,52,544.52,9.86,15.83,6,0
CUST_1642,48,0,Male,Rural,Prepaid,50.34,0,2020-06-09,42,623.47,9.48,18.92,5,1
CUST_1643,47,0,Female,Suburban,Monthly,48.42,0,2020-08-24,40,550.56,9.70,22.25,7,0
CUST_1644,69,0,Male,Suburban,Prepaid,40.86,0,2018-06-27,66,452.03,10.50,20.58,4,0
CUST_1645,56,0,Male,Urban,Monthly,57.55,0,2018-10-11,62,520.71,11.19,24.08,2,1
CUST_1646,43,1,Female,Rural,Yearly,82.35,0,2022-04-21,20,566.69,11.12,29.92,6,0
CUST_1647,35,0,Male,Urban,Monthly,52.61,0,2022-11-12,13,427.85,9.60,24.00,5,0
CUST_1648,59,0,Male,Rural,Prepaid,16.48,0,2019-01-24,59,381.10,10.40,31.83,7,0
CUST_1649,56,0,Female,Rural,Prepaid,36.93,0,2020-05-31,43,457.67,10.54,22.08,7,0
CUST_165,43,1,Female,Rural,Yearly,51.60,0,2023-09-06,3,490.31,8.50,20.92,4,0
CUST_1650,34,0,Female,Rural,Yearly,72.19,0,2018-06-05,66,485.54,9.91,27.92,5,0
CUST_1651,31,0,Male,Suburban,Yearly,46.41,0,2021-03-26,33,467.67,9.57,23.08,2,1
CUST_1652,43,1,Female,Rural,Monthly,32.41,0,2020-03-21,45,416.94,11.52,27.42,5,0
CUST_1653,41,0,Female,Rural,Prepaid,61.32,0,2021-12-22,24,518.07,9.72,25.92,10,0
CUST_1654,52,0,Male,Suburban,Monthly,40.42,0,2018-09-18,63,488.00,10.71,27.00,3,0
CUST_1655,61,0,Female,Rural,Prepaid,50.53,0,2018-06-29,66,361.46,8.46,23.50,5,0
CUST_1656,62,0,Male,Suburban,Prepaid,33.02,0,2022-08-18,16,532.21,10.81,24.17,9,0
CUST_1657,51,0,Male,Suburban,Prepaid,43.73,0,2019-05-21,55,536.35,10.41,26.00,5,0
CUST_1658,20,0,Male,Urban,Monthly,49.55,0,2018-06-13,66,506.38,10.74,26.08,6,0
CUST_1659,54,0,Male,Suburban,Prepaid,48.49,0,2018-12-26,60,568.20,10.68,23.17,7,0
CUST_166,56,0,Female,Urban,Prepaid,65.77,0,2018-04-27,68,523.73,10.49,22.67,7,0
CUST_1660,43,1,Female,Suburban,Prepaid,55.62,0,2018-11-28,61,417.17,10.60,17.92,9,0
CUST_1661,57,0,Male,Suburban,Prepaid,53.02,0,2020-11-05,37,580.77,11.37,30.25,7,0
CUST_1662,43,0,Male,Rural,Monthly,34.72,0,2023-01-06,11,419.59,8.60,17.42,4,0
CUST_1663,43,1,Male,Urban,Monthly,75.29,0,2018-07-25,65,425.58,10.96,21.83,8,0
CUST_1664,61,0,Male,Rural,Prepaid,47.65,0,2020-10-14,38,348.56,9.26,27.17,7,0
CUST_1665,43,1,Female,Suburban,Yearly,29.74,0,2022-03-20,21,461.28,9.31,20.67,8,0
CUST_1666,32,0,Female,Suburban,Monthly,16.67,0,2020-07-06,41,524.63,10.31,23.50,6,0
CUST_1667,66,0,Female,Urban,Prepaid,51.13,0,2020-01-12,47,559.85,11.03,27.17,6,0
CUST_1668,43,1,Male,Urban,Prepaid,36.11,0,2022-07-08,17,594.34,9.41,27.92,2,1
CUST_1669,46,0,Female,Suburban,Monthly,58.59,0,2020-07-20,41,560.56,10.16,35.33,3,0
CUST_167,62,0,Male,Suburban,Prepaid,50.47,0,2022-06-12,18,386.04,9.65,28.25,6,0
CUST_1670,39,0,Female,Suburban,Prepaid,50.73,0,2020-02-04,46,473.63,9.44,25.17,4,0
CUST_1671,42,0,Male,Rural,Prepaid,109.08,0,2019-07-06,53,295.99,9.92,21.50,6,0
CUST_1672,43,1,Female,Suburban,Monthly,31.09,0,2019-02-17,58,568.30,10.23,23.58,8,0
CUST_1673,43,1,Male,Rural,Monthly,65.87,0,2018-10-14,62,445.60,8.62,24.75,6,0
CUST_1674,50,0,Female,Urban,Monthly,33.66,0,2020-05-20,43,553.34,10.65,24.50,5,0
CUST_1675,43,1,Female,Rural,Monthly,62.46,0,2022-06-27,18,426.31,10.12,19.33,9,0
CUST_1676,43,1,Female,Suburban,Yearly,71.35,0,2020-06-24,42,518.57,9.48,28.50,6,0
CUST_1677,59,0,Female,Rural,Prepaid,44.83,0,2020-04-27,44,560.66,9.93,21.67,4,0
CUST_1678,61,0,Male,Rural,Prepaid,39.06,0,2020-11-10,37,447.34,10.49,27.67,5,0
CUST_1679,19,0,Male,Urban,Yearly,47.65,0,2022-08-19,16,322.08,10.13,26.08,3,0
CUST_168,32,0,Male,Urban,Prepaid,62.04,0,2018-09-04,63,640.54,10.05,21.25,8,0
CUST_1680,43,1,Female,Rural,Monthly,38.85,0,2019-10-14,50,474.03,10.65,23.17,3,0
CUST_1681,59,0,Male,Suburban,Monthly,74.16,0,2021-05-25,31,435.12,11.54,23.92,7,0
CUST_1682,43,1,Female,Rural,Prepaid,47.04,0,2018-10-16,62,338.16,8.07,29.67,7,0
CUST_1683,47,0,Female,Rural,Prepaid,56.59,0,2019-04-10,56,576.59,8.14,19.92,13,0
CUST_1684,30,0,Female,Rural,Prepaid,57.03,0,2020-01-30,47,550.87,10.97,30.83,8,0
CUST_1685,43,1,Female,Suburban,Monthly,63.38,0,2021-07-08,29,461.75,10.18,22.33,6,0
CUST_1686,43,1,Female,Rural,Prepaid,43.22,0,2021-02-02,34,539.19,8.88,26.75,9,0
CUST_1687,43,1,Female,Suburban,Monthly,61.51,0,2022-10-25,14,688.78,9.73,26.08,7,0
CUST_1688,49,0,Male,Rural,Monthly,69.52,0,2022-08-26,16,302.93,10.43,25.92,7,0
CUST_1689,52,0,Male,Urban,Prepaid,47.66,0,2019-08-28,52,505.93,9.94,27.58,4,0
CUST_169,60,0,Female,Suburban,Prepaid,56.43,0,2021-04-22,32,562.14,10.42,21.17,5,0
CUST_1690,56,0,Female,Urban,Prepaid,30.01,0,2020-05-07,43,358.09,9.24,19.08,5,1
CUST_1691,43,1,Male,Urban,Prepaid,70.53,0,2023-05-16,7,600.01,8.97,16.50,2,0
CUST_1692,69,0,Female,Suburban,Prepaid,52.60,0,2021-04-12,32,427.41,9.86,26.00,4,0
CUST_1693,46,0,Male,Suburban,Prepaid,50.06,0,2019-08-31,52,639.62,10.74,26.75,8,0
CUST_1694,66,0,Male,Suburban,Prepaid,60.15,0,2021-05-09,31,484.72,10.24,22.50,6,0
CUST_1695,46,0,Male,Rural,Monthly,71.44,0,2019-12-02,48,544.35,9.72,21.75,7,0
CUST_1696,43,1,Female,Suburban,Monthly,46.67,0,2023-04-22,8,460.13,9.55,25.92,2,0
CUST_1697,43,1,Male,Suburban,Prepaid,68.83,0,2022-02-27,22,416.26,9.29,23.42,3,0
CUST_1698,61,0,Female,Suburban,Monthly,51.08,0,2020-02-06,46,431.46,9.19,25.83,7,0
CUST_1699,64,0,Female,Suburban,Yearly,59.36,0,2018-06-22,66,435.96,10.78,25.33,3,0
CUST_17,43,1,Male,Rural,Prepaid,33.75,0,2021-10-10,26,496.59,8.74,21.75,5,0
CUST_170,46,0,Female,Suburban,Yearly,68.15,0,2022-11-13,13,502.34,9.69,20.75,0,0
CUST_1700,27,0,Female,Urban,Monthly,40.90,0,2022-10-16,14,673.78,9.67,25.92,6,1
CUST_1701,47,0,Male,Rural,Prepaid,46.19,0,2022-09-20,15,554.51,9.80,18.42,6,0
CUST_1702,43,1,Male,Urban,Monthly,66.27,0,2019-04-15,56,240.93,10.71,18.50,4,0
CUST_1703,56,0,Male,Rural,Monthly,20.53,0,2022-01-05,23,561.52,9.95,26.83,3,0
CUST_1704,43,1,Female,Rural,Yearly,60.51,0,2022-04-24,20,545.93,11.40,21.75,2,0
CUST_1705,22,0,Female,Urban,Yearly,55.69,0,2020-01-20,47,380.69,10.28,20.33,8,0
CUST_1706,18,0,Male,Suburban,Prepaid,74.92,0,2020-09-25,39,586.68,11.02,23.42,2,0
CUST_1707,43,1,Female,Urban,Monthly,65.09,0,2022-10-28,14,539.58,9.91,25.75,8,0
CUST_1708,66,0,Male,Rural,Yearly,52.65,0,2019-07-12,53,735.66,9.76,26.75,5,0
CUST_1709,20,0,Male,Rural,Yearly,30.92,0,2020-12-06,36,396.14,8.36,17.67,6,0
CUST_171,53,0,Male,Suburban,Monthly,35.30,0,2018-12-19,60,483.02,10.62,24.00,7,0
CUST_1710,62,0,Male,Suburban,Monthly,41.29,0,2022-05-15,19,369.14,9.31,31.92,4,0
CUST_1711,31,0,Male,Urban,Prepaid,46.60,0,2021-11-21,25,541.35,10.30,21.42,5,0
CUST_1712,43,1,Female,Rural,Prepaid,72.38,0,2020-10-15,38,407.37,11.65,21.42,3,0
CUST_1713,67,0,Male,Urban,Monthly,62.01,0,2022-05-14,19,324.16,10.70,26.42,5,0
CUST_1714,21,0,Male,Suburban,Monthly,38.07,0,2020-12-11,36,691.97,10.04,26.83,3,0
CUST_1715,35,0,Male,Suburban,Yearly,280.20,0,2021-02-08,34,376.99,9.71,26.08,4,0
CUST_1716,54,0,Male,Rural,Yearly,43.12,0,2021-09-09,27,460.92,11.20,18.00,8,0
CUST_1717,42,0,Male,Suburban,Prepaid,40.31,0,2023-06-06,6,636.25,10.75,20.58,6,0
CUST_1718,65,0,Male,Rural,Monthly,59.43,0,2020-03-21,45,411.41,10.07,30.67,12,0
CUST_1719,18,0,Male,Rural,Prepaid,47.83,0,2020-05-06,43,448.82,8.36,21.92,6,0
CUST_172,30,0,Female,Suburban,Yearly,63.24,0,2021-10-06,26,431.76,7.95,21.58,9,0
CUST_1720,63,0,Female,Suburban,Monthly,32.54,0,2023-05-21,7,412.64,10.20,32.33,8,0
CUST_1721,32,0,Female,Suburban,Monthly,62.40,0,2020-02-08,46,340.79,10.07,24.67,0,0
CUST_1722,43,1,Female,Urban,Prepaid,52.28,0,2019-11-03,49,455.08,11.06,25.75,12,0
CUST_1723,32,0,Female,Urban,Prepaid,44.50,0,2018-09-27,63,460.15,11.21,14.58,3,0
CUST_1724,66,0,Male,Rural,Prepaid,72.39,0,2019-04-04,56,401.29,8.77,31.42,4,0
CUST_1725,41,0,Female,Urban,Prepaid,65.96,0,2021-05-03,31,455.29,9.88,23.67,9,0
CUST_1726,43,1,Female,Rural,Yearly,51.82,0,2021-10-29,26,623.10,9.51,25.42,11,0
CUST_1727,43,1,Female,Suburban,Prepaid,24.32,0,2020-05-08,43,417.68,10.63,22.33,5,0
CUST_1728,43,1,Male,Suburban,Prepaid,66.66,0,2020-11-18,37,502.08,12.02,26.17,5,0
CUST_1729,54,0,Female,Urban,Prepaid,42.75,0,2021-09-27,27,511.55,10.87,27.58,5,0
CUST_173,49,0,Male,Rural,Yearly,78.30,0,2019-10-09,50,517.38,9.21,21.83,9,0
CUST_1730,60,0,Female,Rural,Yearly,47.63,0,2022-08-30,16,513.28,7.91,13.50,11,0
CUST_1731,23,0,Male,Rural,Prepaid,45.46,0,2021-02-01,34,492.32,9.59,25.17,3,0
CUST_1732,43,1,Female,Urban,Prepaid,30.57,0,2018-10-04,62,439.48,10.21,23.25,4,0
CUST_1733,63,0,Male,Rural,Monthly,56.79,0,2019-04-29,56,576.30,9.75,32.67,5,0
CUST_1734,41,0,Female,Rural,Prepaid,37.36,0,2022-09-21,15,488.70,9.55,19.83,5,0
CUST_1735,28,0,Male,Suburban,Prepaid,56.01,0,2019-08-08,52,305.57,10.55,16.67,3,1
CUST_1736,30,0,Female,Rural,Monthly,35.96,0,2018-06-06,66,601.40,9.53,21.92,5,0
CUST_1737,51,0,Female,Rural,Prepaid,43.18,0,2018-04-09,68,463.19,11.27,17.50,1,0
CUST_1738,42,0,Female,Rural,Yearly,55.48,0,2022-10-15,14,566.92,8.46,28.92,3,0
CUST_1739,24,0,Male,Urban,Monthly,51.85,0,2019-05-01,55,435.90,9.73,21.92,7,0
CUST_174,43,1,Male,Suburban,Monthly,88.48,0,2021-12-07,24,630.13,11.52,26.17,6,0
CUST_1740,69,0,Female,Urban,Monthly,59.33,0,2021-10-05,26,581.27,9.48,22.67,6,0
CUST_1741,21,0,Male,Urban,Prepaid,60.46,0,2019-07-17,53,645.61,10.14,27.75,10,0
CUST_1742,43,1,Male,Rural,Yearly,69.98,0,2020-09-24,39,383.10,8.01,26.42,3,0
CUST_1743,37,0,Male,Rural,Monthly,49.99,0,2020-09-10,39,619.58,10.30,29.42,5,0
CUST_1744,46,0,Male,Urban,Prepaid,68.10,0,2020-01-13,47,337.43,10.27,30.42,2,0
CUST_1745,68,0,Female,Urban,Prepaid,45.16,0,2019-07-06,53,472.32,11.05,15.50,3,0
CUST_1746,43,1,Female,Rural,Monthly,61.67,0,2021-08-20,28,536.01,9.46,29.58,5,0
CUST_1747,43,1,Female,Rural,Monthly,66.85,0,2023-02-06,10,680.54,10.29,24.42,10,0
CUST_1748,27,0,Male,Suburban,Yearly,66.80,0,2021-01-10,35,424.65,8.47,18.58,6,0
CUST_1749,60,0,Female,Urban,Monthly,28.12,0,2020-12-06,36,386.81,8.93,23.75,8,0
CUST_175,43,1,Female,Urban,Monthly,71.30,0,2019-09-15,51,508.89,9.29,27.58,8,0
CUST_1750,51,0,Male,Rural,Monthly,2.83,0,2023-06-12,6,323.03,10.38,28.92,7,1
CUST_1751,43,0,Male,Urban,Prepaid,58.33,0,2019-07-01,53,396.32,9.28,22.83,9,0
CUST_1752,43,1,Male,Urban,Monthly,50.04,0,2020-11-15,37,605.07,10.41,20.75,9,0
CUST_1753,66,0,Female,Urban,Yearly,54.21,0,2022-11-06,13,584.50,8.90,24.25,6,0
CUST_1754,20,0,Female,Suburban,Monthly,51.38,0,2023-05-25,7,558.60,11.36,25.75,7,0
CUST_1755,23,0,Male,Rural,Prepaid,44.91,0,2022-11-11,13,601.58,9.98,23.00,4,0
CUST_1756,43,1,Female,Rural,Prepaid,58.59,0,2021-08-29,28,488.11,9.41,20.67,7,0
CUST_1757,43,1,Female,Urban,Prepaid,55.08,0,2022-07-25,17,485.61,8.47,16.58,3,0
CUST_1758,64,0,Male,Rural,Monthly,48.43,0,2021-04-13,32,692.04,10.82,17.83,10,0
CUST_1759,40,0,Male,Suburban,Yearly,50.43,0,2022-03-11,21,556.11,8.81,24.08,9,1
CUST_176,43,1,Male,Suburban,Monthly,52.57,0,2018-07-17,65,603.44,10.42,22.83,12,0
CUST_1760,66,0,Female,Urban,Prepaid,59.25,0,2021-09-11,27,509.54,10.03,28.00,3,0
CUST_1761,43,1,Male,Suburban,Prepaid,41.09,0,2020-03-29,45,461.30,9.53,25.25,10,0
CUST_1762,52,0,Male,Suburban,Monthly,33.32,0,2018-02-12,70,383.99,8.36,21.00,9,0
CUST_1763,43,1,Female,Rural,Yearly,33.09,0,2018-03-13,69,591.04,11.40,17.33,12,0
CUST_1764,43,1,Female,Rural,Monthly,42.37,0,2023-02-01,10,314.64,10.98,21.67,13,0
CUST_1765,59,0,Male,Suburban,Prepaid,72.27,0,2019-06-30,54,494.67,8.30,31.50,8,0
CUST_1766,52,0,Female,Rural,Prepaid,51.99,0,2023-03-02,9,515.99,10.49,19.00,9,1
CUST_1767,43,1,Male,Suburban,Monthly,39.81,0,2019-08-02,52,384.30,10.02,19.50,6,0
CUST_1768,43,1,Male,Suburban,Yearly,53.03,0,2019-03-29,57,520.67,9.21,21.67,5,0
CUST_1769,34,0,Female,Urban,Prepaid,34.34,0,2018-07-25,65,504.47,10.81,28.42,7,0
CUST_177,45,0,Male,Urban,Monthly,35.52,0,2019-05-20,55,595.82,10.63,24.75,3,0
CUST_1770,41,0,Male,Suburban,Monthly,47.21,0,2019-02-25,58,391.66,8.91,27.33,3,0
CUST_1771,20,0,Male,Suburban,Monthly,43.84,0,2020-10-05,38,605.63,10.12,20.17,11,0
CUST_1772,49,0,Male,Rural,Monthly,30.15,0,2018-12-10,60,397.69,11.17,29.25,7,0
CUST_1773,52,0,Female,Urban,Prepaid,66.40,0,2022-10-21,14,490.24,10.33,21.42,4,0
CUST_1774,55,0,Female,Rural,Yearly,44.35,0,2019-06-11,54,372.66,10.17,24.50,4,0
CUST_1775,30,0,Female,Urban,Monthly,49.42,0,2019-06-19,54,416.85,10.96,38.08,8,0
CUST_1776,64,0,Male,Rural,Monthly,60.45,0,2019-08-16,52,353.72,8.01,19.08,8,0
CUST_1777,42,0,Male,Suburban,Monthly,55.28,0,2019-01-19,59,428.08,9.27,22.08,3,0
CUST_1778,26,0,Female,Urban,Yearly,51.16,0,2018-05-26,67,362.35,11.38,31.08,3,0
CUST_1779,21,0,Female,Urban,Monthly,46.43,0,2018-01-28,71,402.11,12.72,27.75,10,0
CUST_178,19,0,Male,Rural,Prepaid,37.75,0,2018-04-01,68,406.14,9.60,29.67,5,0
CUST_1780,43,1,Female,Urban,Monthly,60.92,0,2019-05-29,55,327.20,11.32,24.00,4,0
CUST_1781,54,0,Male,Urban,Prepaid,49.89,0,2018-09-23,63,652.16,10.03,29.42,10,0
CUST_1782,43,1,Female,Rural,Prepaid,52.16,0,2020-11-09,37,563.72,9.75,21.67,4,0
CUST_1783,43,1,Male,Rural,Prepaid,66.69,0,2023-01-09,11,438.13,10.42,27.25,5,1
CUST_1784,58,0,Female,Urban,Yearly,67.54,0,2020-11-05,37,454.75,10.98,23.33,6,0
CUST_1785,20,0,Male,Urban,Yearly,54.03,0,2022-11-29,13,636.80,11.24,22.17,9,1
CUST_1786,43,1,Male,Urban,Prepaid,51.57,0,2020-08-20,40,393.04,10.70,26.25,5,0
CUST_1787,43,1,Female,Rural,Prepaid,59.84,0,2021-06-06,30,285.24,8.76,23.33,8,0
CUST_1788,26,0,Male,Urban,Prepaid,46.23,0,2019-12-26,48,492.70,9.49,27.25,5,0
CUST_1789,20,0,Female,Urban,Yearly,46.26,0,2022-05-19,19,545.43,10.22,24.08,4,0
CUST_179,59,0,Female,Suburban,Monthly,47.40,0,2022-04-03,20,347.91,10.68,28.25,3,0
CUST_1790,42,0,Male,Urban,Prepaid,49.06,0,2020-04-24,44,426.64,9.66,29.00,5,0
CUST_1791,43,1,Male,Rural,Monthly,34.72,0,2018-07-22,65,374.46,9.62,24.08,10,0
CUST_1792,43,1,Female,Suburban,Yearly,85.44,0,2020-10-17,38,562.85,10.57,20.17,3,0
CUST_1793,59,0,Male,Suburban,Monthly,44.00,0,2018-01-03,71,629.14,9.71,20.83,6,0
CUST_1794,26,0,Female,Rural,Yearly,57.01,0,2020-04-07,44,568.01,10.81,26.25,4,0
CUST_1795,32,0,Female,Suburban,Monthly,49.75,0,2019-11-02,49,354.67,11.01,23.00,4,0
CUST_1796,57,0,Female,Urban,Monthly,60.32,0,2018-08-29,64,571.04,9.59,19.67,4,0
CUST_1797,43,1,Male,Urban,Monthly,44.24,0,2023-05-03,7,486.09,8.40,23.08,6,1
CUST_1798,43,1,Male,Rural,Prepaid,53.25,0,2021-03-01,33,599.37,8.89,29.08,1,0
CUST_1799,43,1,Male,Rural,Yearly,37.25,0,2023-01-20,11,459.96,10.28,25.00,3,0
CUST_18,19,0,Female,Suburban,Monthly,38.12,0,2018-09-17,63,503.57,11.40,26.08,4,0
CUST_180,43,1,Male,Urban,Monthly,77.90,0,2020-03-28,45,583.24,11.44,22.33,7,0
CUST_1800,43,1,Female,Suburban,Monthly,68.21,0,2020-07-27,41,553.42,10.61,17.83,5,0
CUST_1801,41,0,Female,Suburban,Prepaid,59.92,0,2022-07-08,17,653.03,10.83,22.00,8,0
CUST_1802,32,0,Male,Urban,Prepaid,28.75,0,2021-02-26,34,262.46,10.70,21.08,8,0
CUST_1803,43,1,Male,Rural,Prepaid,50.21,0,2018-02-05,70,535.78,10.77,23.33,6,0
CUST_1804,25,0,Female,Suburban,Monthly,29.14,0,2018-06-06,66,565.65,10.88,37.50,8,0
CUST_1805,43,1,Male,Suburban,Prepaid,38.01,0,2022-08-21,16,684.32,10.14,26.67,4,0
CUST_1806,65,0,Female,Urban,Yearly,63.81,0,2019-08-29,52,387.28,9.94,24.42,4,1
CUST_1807,43,0,Male,Urban,Prepaid,12.71,0,2018-10-27,62,554.61,10.63,23.25,2,0
CUST_1808,35,0,Female,Urban,Prepaid,65.68,0,2019-11-09,49,611.75,9.55,28.50,7,0
CUST_1809,23,0,Male,Urban,Monthly,55.68,0,2020-01-08,47,402.78,10.26,25.25,3,0
CUST_181,43,1,Female,Rural,Prepaid,42.04,0,2022-12-19,12,626.21,9.28,26.00,5,0
CUST_1810,54,0,Male,Suburban,Monthly,244.00,0,2022-03-26,21,470.79,10.36,33.33,8,0
CUST_1811,43,1,Female,Rural,Yearly,63.17,0,2022-02-27,22,196.21,9.03,21.42,11,0
CUST_1812,43,1,Female,Rural,Monthly,90.54,0,2022-07-10,17,141.86,8.10,30.83,4,0
CUST_1813,43,1,Female,Urban,Prepaid,30.06,0,2018-06-27,66,651.25,11.29,24.25,6,0
CUST_1814,22,0,Male,Urban,Monthly,75.40,0,2023-02-01,10,446.28,9.25,25.00,7,0
CUST_1815,30,0,Female,Suburban,Prepaid,64.50,0,2019-11-09,49,451.57,9.28,24.75,6,0
CUST_1816,34,0,Female,Urban,Prepaid,39.43,0,2021-03-11,33,467.89,8.95,18.75,7,0
CUST_1817,43,1,Male,Rural,Prepaid,57.87,0,2019-09-17,51,403.95,9.57,25.58,3,0
CUST_1818,57,0,Female,Urban,Monthly,33.32,0,2019-03-03,57,508.57,9.42,25.08,10,0
CUST_1819,62,0,Female,Rural,Prepaid,42.61,0,2019-01-12,59,480.17,9.56,27.25,6,0
CUST_182,45,0,Female,Rural,Monthly,52.69,0,2023-11-03,1,345.83,9.29,20.08,3,1
CUST_1820,43,1,Female,Urban,Prepaid,18.42,0,2022-03-05,21,337.66,9.94,21.08,6,0
CUST_1821,43,1,Male,Urban,Prepaid,29.77,0,2019-06-16,54,607.09,10.09,23.17,2,0
CUST_1822,68,0,Male,Rural,Prepaid,55.73,0,2019-07-03,53,545.84,10.36,23.25,13,0
CUST_1823,20,0,Male,Suburban,Prepaid,57.05,0,2021-08-05,28,490.88,7.98,24.00,7,0
CUST_1824,43,1,Female,Suburban,Prepaid,56.89,0,2021-03-26,33,481.95,9.94,30.67,5,0
CUST_1825,51,0,Male,Urban,Prepaid,59.54,0,2018-06-24,66,518.10,10.77,26.67,4,0
CUST_1826,57,0,Female,Urban,Prepaid,51.78,0,2019-08-01,52,697.04,10.24,30.25,5,0
CUST_1827,43,1,Female,Rural,Prepaid,60.18,0,2023-03-17,9,554.35,11.05,19.50,6,0
CUST_1828,43,1,Female,Rural,Yearly,66.10,0,2019-05-22,55,500.72,10.58,21.17,7,0
CUST_1829,43,1,Male,Urban,Monthly,53.70,0,2020-10-15,38,501.31,11.40,25.00,8,0
CUST_183,45,0,Female,Urban,Yearly,64.11,0,2019-01-31,59,470.91,8.97,23.33,8,0
CUST_1830,50,0,Male,Rural,Monthly,217.40,0,2018-12-10,60,548.10,11.74,24.33,8,0
CUST_1831,43,1,Female,Suburban,Yearly,47.82,0,2023-02-19,10,413.87,10.22,19.50,8,0
CUST_1832,43,1,Female,Suburban,Prepaid,37.46,0,2020-07-03,41,448.23,10.99,28.75,5,1
CUST_1833,36,0,Male,Rural,Prepaid,62.77,0,2020-03-13,45,438.26,10.79,22.33,2,0
CUST_1834,33,0,Male,Rural,Yearly,25.92,0,2019-05-16,55,643.35,9.91,29.83,2,0
CUST_1835,43,1,Male,Rural,Monthly,47.61,0,2023-03-25,9,435.27,8.37,24.08,6,0
CUST_1836,43,1,Female,Suburban,Yearly,58.54,0,2020-10-13,38,556.83,10.13,22.92,9,0
CUST_1837,43,1,Male,Urban,Yearly,34.70,0,2023-06-07,6,643.15,11.08,28.08,5,0
CUST_1838,65,0,Male,Rural,Prepaid,29.03,0,2021-07-01,29,521.90,9.30,27.17,8,0
CUST_1839,58,0,Male,Rural,Yearly,15.81,0,2018-06-16,66,683.68,8.76,20.50,10,1
CUST_184,61,0,Male,Suburban,Monthly,0.72,0,2021-06-23,30,439.40,9.32,20.17,11,0
CUST_1840,30,0,Female,Rural,Yearly,45.74,0,2019-01-19,59,506.21,8.52,22.67,5,0
CUST_1841,43,1,Male,Urban,Prepaid,32.85,0,2022-12-11,12,582.30,9.35,30.58,8,0
CUST_1842,43,1,Female,Rural,Yearly,63.15,0,2020-05-08,43,705.32,10.54,25.58,3,0
CUST_1843,43,1,Female,Rural,Prepaid,26.73,0,2020-05-03,43,385.78,8.98,32.42,7,0
CUST_1844,43,1,Female,Suburban,Monthly,57.93,0,2023-04-11,8,582.17,9.25,23.33,6,0
CUST_1845,53,0,Male,Rural,Prepaid,30.47,0,2021-12-10,24,382.49,10.50,23.67,7,0
CUST_1846,43,1,Male,Suburban,Prepaid,27.30,0,2021-04-17,32,579.78,8.37,22.75,4,0
CUST_1847,55,0,Male,Urban,Monthly,31.95,0,2021-11-30,25,695.78,9.41,25.33,6,0
CUST_1848,43,1,Female,Rural,Prepaid,66.13,0,2020-07-04,41,388.68,9.75,23.17,2,0
CUST_1849,22,0,Male,Rural,Monthly,31.96,0,2019-04-08,56,385.66,9.35,25.67,7,0
CUST_185,61,0,Male,Rural,Monthly,34.05,0,2020-07-01,41,452.06,9.27,27.50,10,0
CUST_1850,60,0,Female,Suburban,Monthly,67.13,0,2020-08-01,40,468.73,10.37,30.08,6,0
CUST_1851,62,0,Male,Urban,Prepaid,53.04,0,2021-01-05,35,488.78,9.63,19.92,6,0
CUST_1852,68,0,Male,Urban,Prepaid,42.22,0,2018-12-06,60,512.93,9.81,28.50,4,0
CUST_1853,48,0,Male,Suburban,Monthly,34.22,0,2019-03-28,57,471.03,10.68,18.08,3,1
CUST_1854,43,1,Male,Urban,Yearly,78.57,0,2018-02-08,70,360.31,9.24,28.33,1,0
CUST_1855,59,0,Female,Urban,Monthly,41.17,0,2022-05-01,19,293.03,7.56,31.17,5,0
CUST_1856,43,1,Female,Urban,Monthly,41.24,0,2022-01-21,23,550.07,10.00,26.17,4,0
CUST_1857,49,0,Female,Urban,Monthly,71.77,0,2019-03-03,57,499.64,10.29,28.00,4,0
CUST_1858,60,0,Female,Urban,Prepaid,74.43,0,2018-07-20,65,333.82,11.81,25.75,3,0
CUST_1859,47,0,Male,Urban,Monthly,47.90,0,2022-03-05,21,466.05,11.83,28.42,3,0
CUST_186,37,0,Female,Urban,Prepaid,79.30,0,2021-03-29,33,249.26,10.81,19.58,8,1
CUST_1860,43,1,Female,Urban,Yearly,67.76,0,2020-06-25,42,519.03,7.05,21.17,5,0
CUST_1861,48,0,Female,Urban,Monthly,40.81,0,2018-07-06,65,427.83,10.17,25.08,8,1
CUST_1862,43,1,Female,Rural,Monthly,83.70,0,2022-09-04,15,338.57,9.89,21.17,8,0
CUST_1863,43,1,Male,Suburban,Monthly,30.33,0,2019-06-18,54,593.66,10.84,26.25,9,0
CUST_1864,19,0,Female,Urban,Monthly,36.29,0,2019-12-17,48,460.37,9.64,24.50,1,0
CUST_1865,43,1,Female,Suburban,Monthly,69.69,0,2018-04-18,68,578.03,10.39,30.83,7,0
CUST_1866,30,0,Male,Urban,Monthly,45.66,0,2022-03-12,21,335.31,7.66,24.83,5,0
CUST_1867,43,1,Male,Urban,Monthly,70.58,0,2021-01-29,35,503.76,9.69,24.00,6,0
CUST_1868,43,1,Female,Rural,Prepaid,43.01,0,2019-07-01,53,611.98,9.90,28.33,7,1
CUST_1869,56,0,Female,Suburban,Monthly,59.89,0,2021-11-20,25,564.53,9.67,28.25,12,0
CUST_187,47,0,Female,Suburban,Monthly,65.64,0,2020-08-22,40,496.29,10.26,22.08,4,0
CUST_1870,19,0,Male,Suburban,Yearly,39.61,0,2020-07-14,41,472.90,11.50,25.58,6,0
CUST_1871,49,0,Female,Rural,Prepaid,48.86,0,2021-03-13,33,458.63,10.22,21.67,4,0
CUST_1872,43,1,Male,Rural,Yearly,30.79,0,2020-01-19,47,411.70,10.39,26.50,2,0
CUST_1873,43,1,Female,Suburban,Prepaid,49.28,0,2021-08-28,28,368.15,8.31,32.00,8,0
CUST_1874,43,1,Female,Urban,Prepaid,36.83,0,2021-06-27,30,567.01,11.23,27.58,4,0
CUST_1875,43,1,Female,Urban,Monthly,81.09,0,2019-09-24,51,345.48,11.03,30.25,11,0
CUST_1876,58,0,Female,Suburban,Monthly,45.19,0,2022-07-09,17,543.48,9.23,19.17,6,0
CUST_1877,34,0,Female,Urban,Monthly,32.04,0,2020-06-21,42,699.63,11.64,27.83,5,0
CUST_1878,43,1,Male,Rural,Prepaid,301.90,0,2019-09-01,51,507.59,9.28,29.50,4,0
CUST_1879,43,1,Male,Rural,Prepaid,31.88,0,2021-09-18,27,326.82,9.66,26.50,3,0
CUST_188,28,0,Male,Rural,Prepaid,65.74,0,2020-09-05,39,414.80,9.71,24.33,5,0
CUST_1880,51,0,Female,Rural,Monthly,63.15,0,2020-01-21,47,562.12,9.28,32.42,2,1
CUST_1881,41,0,Female,Suburban,Prepaid,41.63,0,2023-02-07,10,535.50,9.83,20.67,7,0
CUST_1882,43,1,Female,Suburban,Monthly,49.43,0,2019-05-01,55,302.04,11.68,23.25,5,0
CUST_1883,52,0,Male,Suburban,Monthly,47.15,0,2019-10-05,50,307.14,9.75,27.58,6,0
CUST_1884,65,0,Male,Urban,Monthly,46.19,0,2018-12-28,60,565.74,10.46,24.08,7,0
CUST_1885,43,1,Male,Suburban,Prepaid,50.93,0,2018-03-05,69,464.59,9.97,19.67,6,1
CUST_1886,36,0,Male,Suburban,Prepaid,40.05,0,2022-06-01,18,473.32,8.24,20.25,8,0
CUST_1887,43,1,Male,Rural,Prepaid,33.62,0,2019-04-28,56,455.95,9.63,24.33,7,0
CUST_1888,24,0,Male,Urban,Prepaid,50.58,0,2018-05-31,67,369.99,8.88,29.75,9,0
CUST_1889,43,1,Male,Urban,Monthly,44.03,0,2019-03-17,57,510.80,9.83,31.83,6,0
CUST_189,45,0,Female,Urban,Yearly,35.91,0,2018-04-28,68,465.06,7.21,26.83,6,0
CUST_1890,58,0,Male,Rural,Yearly,30.82,0,2023-02-23,10,616.67,11.20,25.50,7,1
CUST_1891,49,0,Female,Urban,Prepaid,59.21,0,2020-02-13,46,535.01,9.12,20.17,9,0
CUST_1892,51,0,Male,Suburban,Prepaid,49.75,0,2018-10-02,62,513.07,9.26,24.00,5,0
CUST_1893,45,0,Male,Urban,Prepaid,33.70,0,2020-01-29,47,374.81,9.95,21.17,2,0
CUST_1894,32,0,Male,Rural,Yearly,46.43,0,2018-11-22,61,476.23,9.81,22.00,7,0
CUST_1895,47,0,Male,Urban,Prepaid,47.83,0,2018-05-05,67,593.04,9.49,28.00,9,0
CUST_1896,54,0,Female,Rural,Yearly,34.54,0,2022-11-21,13,574.10,9.93,26.17,2,0
CUST_1897,46,0,Male,Suburban,Prepaid,97.44,0,2021-10-03,26,533.56,9.74,30.25,8,0
CUST_1898,43,1,Female,Suburban,Prepaid,49.88,0,2021-09-24,27,472.63,9.13,23.92,10,0
CUST_1899,21,0,Female,Rural,Prepaid,46.70,0,2018-05-10,67,222.30,8.63,17.83,2,0
CUST_19,41,0,Female,Rural,Prepaid,75.06,0,2021-12-01,24,510.39,9.17,25.17,3,0
CUST_190,42,0,Female,Rural,Yearly,71.77,0,2021-08-25,28,634.28,9.28,22.83,5,0
CUST_1900,43,1,Female,Suburban,Monthly,86.55,0,2019-12-03,48,357.90,10.53,16.58,7,0
CUST_1901,43,1,Male,Suburban,Monthly,56.85,0,2018-11-16,61,493.45,11.34,31.42,8,0
CUST_1902,53,0,Male,Urban,Monthly,68.13,0,2018-09-20,63,618.67,7.56,33.42,6,0
CUST_1903,43,1,Male,Suburban,Prepaid,51.41,0,2018-08-16,64,574.95,9.77,17.00,7,0
CUST_1904,43,1,Female,Rural,Prepaid,50.96,0,2018-01-06,71,412.46,9.81,32.92,6,1
CUST_1905,44,0,Female,Suburban,Prepaid,37.17,0,2020-08-24,40,410.23,10.13,24.67,10,0
CUST_1906,43,1,Female,Urban,Monthly,60.03,0,2022-11-04,13,595.66,9.07,21.25,4,0
CUST_1907,29,0,Female,Rural,Prepaid,77.73,0,2018-11-13,61,389.81,9.87,29.08,11,0
CUST_1908,39,0,Male,Suburban,Monthly,73.66,0,2018-01-25,71,406.61,9.52,23.50,5,0
CUST_1909,34,0,Male,Suburban,Prepaid,31.84,0,2022-10-21,14,350.88,12.71,21.92,8,0
CUST_191,43,1,Male,Rural,Yearly,37.75,0,2019-01-01,59,430.48,10.29,24.33,11,0
CUST_1910,43,1,Male,Suburban,Prepaid,77.89,0,2019-06-26,54,440.48,9.90,26.08,4,0
CUST_1911,43,1,Female,Rural,Monthly,37.59,0,2019-12-02,48,728.88,9.39,25.75,7,0
CUST_1912,39,0,Female,Urban,Prepaid,35.89,0,2018-10-27,62,528.64,9.08,27.00,7,0
CUST_1913,43,0,Male,Rural,Monthly,36.71,0,2018-05-27,67,599.58,9.27,29.42,9,0
CUST_1914,35,0,Male,Rural,Prepaid,44.13,0,2022-04-13,20,400.32,10.16,20.75,3,0
CUST_1915,67,0,Female,Urban,Prepaid,21.01,0,2018-06-24,66,381.60,10.24,29.33,7,0
CUST_1916,43,1,Male,Rural,Yearly,50.79,0,2023-06-09,6,418.53,10.49,20.83,6,0
CUST_1917,43,1,Male,Rural,Prepaid,46.11,0,2021-08-21,28,597.06,9.88,26.33,10,0
CUST_1918,43,1,Female,Suburban,Monthly,50.62,0,2023-01-22,11,599.70,9.90,24.42,5,1
CUST_1919,29,0,Female,Rural,Yearly,42.56,0,2020-01-10,47,472.48,9.45,25.75,9,0
CUST_192,43,1,Female,Urban,Prepaid,51.37,0,2018-11-09,61,526.63,10.46,29.42,9,0
CUST_1920,53,0,Female,Suburban,Prepaid,26.12,0,2023-03-13,9,564.50,10.62,22.33,5,0
CUST_1921,43,1,Male,Rural,Yearly,46.09,0,2018-02-07,70,509.51,11.00,26.08,5,0
CUST_1922,69,0,Female,Suburban,Prepaid,68.31,0,2022-07-13,17,531.87,11.37,22.17,8,0
CUST_1923,29,0,Male,Suburban,Monthly,34.85,0,2019-01-26,59,438.79,9.55,26.33,6,1
CUST_1924,24,0,Male,Suburban,Monthly,36.84,0,2019-02-05,58,350.04,10.46,20.42,3,0
CUST_1925,46,0,Female,Urban,Yearly,56.82,0,2022-01-18,23,570.83,9.62,26.17,6,0
CUST_1926,28,0,Male,Rural,Monthly,31.43,0,2021-03-12,33,647.41,9.22,27.67,6,0
CUST_1927,50,0,Female,Rural,Monthly,53.39,0,2020-05-21,43,403.18,10.53,23.08,4,1
CUST_1928,43,1,Female,Rural,Monthly,56.66,0,2018-04-02,68,225.81,8.72,22.42,4,0
CUST_1929,43,1,Male,Urban,Prepaid,41.55,0,2021-04-27,32,521.09,10.84,19.33,5,0
CUST_193,18,0,Male,Rural,Prepaid,60.42,0,2021-04-04,32,444.59,9.54,22.58,4,0
CUST_1930,43,1,Male,Suburban,Monthly,38.75,0,2020-12-11,36,657.62,10.22,25.50,5,0
CUST_1931,43,1,Female,Rural,Prepaid,28.86,0,2022-01-29,23,490.24,10.29,24.83,6,0
CUST_1932,68,0,Female,Urban,Monthly,38.13,0,2019-07-22,53,310.51,11.23,24.00,3,0
CUST_1933,28,0,Female,Urban,Monthly,58.52,0,2019-12-02,48,383.76,10.49,35.08,8,0
CUST_1934,43,1,Female,Rural,Yearly,62.57,0,2018-05-29,67,545.66,11.07,31.58,5,1
CUST_1935,43,0,Female,Suburban,Monthly,50.96,0,2019-08-24,52,337.88,8.26,24.33,2,0
CUST_1936,43,1,Female,Urban,Monthly,40.78,0,2023-05-03,7,403.96,9.47,26.83,2,0
CUST_1937,63,0,Male,Rural,Prepaid,51.10,0,2022-06-21,18,573.81,9.60,29.83,12,0
CUST_1938,51,0,Male,Suburban,Prepaid,37.73,0,2022-07-13,17,584.14,9.99,19.58,6,0
CUST_1939,46,0,Male,Urban,Monthly,52.69,0,2021-12-31,24,503.15,9.27,23.08,4,0
CUST_194,44,0,Male,Urban,Yearly,62.49,0,2022-03-30,21,725.91,11.36,27.00,4,0
CUST_1940,43,1,Male,Urban,Monthly,61.20,0,2022-07-08,17,428.34,9.27,27.08,5,1
CUST_1941,34,0,Female,Rural,Monthly,43.02,0,2018-08-31,64,448.04,9.86,24.25,5,0
CUST_1942,43,1,Male,Rural,Monthly,37.95,0,2018-02-22,70,469.14,10.27,20.33,9,0
CUST_1943,43,1,Male,Suburban,Prepaid,42.68,0,2018-07-27,65,279.46,8.89,18.33,6,0
CUST_1944,43,1,Female,Rural,Monthly,66.31,0,2018-09-17,63,794.58,10.62,32.67,3,0
CUST_1945,43,1,Male,Rural,Prepaid,91.87,0,2021-02-03,34,463.62,11.05,28.42,7,0
CUST_1946,32,0,Female,Suburban,Prepaid,59.73,0,2019-08-19,52,437.18,9.80,23.33,3,0
CUST_1947,46,0,Female,Rural,Prepaid,48.90,0,2018-09-17,63,518.52,11.04,23.25,7,0
CUST_1948,43,1,Female,Suburban,Monthly,35.40,0,2020-12-11,36,722.08,10.41,27.67,4,0
CUST_1949,28,0,Female,Suburban,Monthly,34.47,0,2022-10-01,14,533.57,8.98,33.50,4,0
CUST_195,69,0,Female,Suburban,Yearly,57.40,0,2020-04-14,44,484.47,12.43,24.08,3,0
CUST_1950,69,0,Female,Suburban,Prepaid,56.41,0,2022-03-09,21,389.52,10.60,26.42,7,0
CUST_1951,49,0,Male,Rural,Monthly,38.30,0,2019-06-17,54,357.76,9.06,31.67,8,0
CUST_1952,19,0,Male,Suburban,Prepaid,65.34,0,2022-02-11,22,456.06,10.12,26.92,7,0
CUST_1953,64,0,Male,Rural,Yearly,40.95,0,2020-05-09,43,563.93,10.24,24.00,0,0
CUST_1954,31,0,Female,Suburban,Monthly,71.35,0,2018-12-31,60,348.92,9.93,21.25,4,0
CUST_1955,43,1,Male,Rural,Prepaid,43.86,0,2019-09-07,51,577.66,9.29,25.83,10,0
CUST_1956,39,0,Male,Suburban,Yearly,67.00,0,2020-10-14,38,439.27,9.31,15.08,10,0
CUST_1957,43,1,Male,Urban,Prepaid,60.10,0,2020-09-30,39,441.18,9.56,24.92,5,0
CUST_1958,43,1,Male,Urban,Monthly,62.70,0,2020-10-31,38,325.76,11.05,16.25,6,0
CUST_1959,20,0,Female,Urban,Monthly,48.97,0,2023-01-09,11,685.53,10.20,23.67,5,0
CUST_196,43,1,Male,Urban,Yearly,46.99,0,2023-01-15,11,451.94,10.69,24.08,4,0
CUST_1960,43,1,Male,Suburban,Prepaid,40.04,0,2022-09-05,15,455.83,10.01,25.83,7,0
CUST_1961,43,1,Female,Rural,Monthly,65.14,0,2022-08-24,16,397.60,9.59,23.92,5,0
CUST_1962,45,0,Female,Suburban,Prepaid,76.90,0,2020-02-19,46,362.30,9.63,31.42,4,1
CUST_1963,46,0,Male,Suburban,Yearly,34.96,0,2023-01-30,11,533.80,8.85,30.25,4,0
CUST_1964,38,0,Female,Suburban,Prepaid,57.13,0,2022-05-09,19,615.34,8.02,26.92,4,0
CUST_1965,43,1,Female,Suburban,Prepaid,57.08,0,2022-10-19,14,475.83,9.13,25.67,11,0
CUST_1966,33,0,Female,Rural,Monthly,52.49,0,2023-06-11,6,622.28,8.16,22.33,3,0
CUST_1967,43,1,Female,Suburban,Prepaid,71.47,0,2019-09-07,51,603.30,9.46,21.92,9,0
CUST_1968,37,0,Female,Urban,Monthly,38.37,0,2022-08-24,16,526.66,8.74,26.75,7,0
CUST_1969,43,1,Female,Urban,Yearly,66.48,0,2019-04-25,56,555.08,9.65,23.00,8,0
CUST_197,43,1,Male,Suburban,Monthly,22.29,0,2021-04-16,32,404.35,9.95,26.83,9,0
CUST_1970,36,0,Female,Urban,Monthly,45.84,0,2018-07-16,65,370.07,9.74,18.25,8,0
CUST_1971,43,1,Male,Suburban,Prepaid,14.95,0,2022-05-04,19,313.79,9.70,20.75,2,0
CUST_1972,20,0,Male,Rural,Monthly,28.14,0,2023-05-25,7,434.14,10.52,20.17,6,0
CUST_1973,18,0,Female,Rural,Yearly,50.54,0,2021-05-09,31,419.47,9.00,26.83,4,0
CUST_1974,55,0,Female,Rural,Prepaid,68.30,0,2022-01-07,23,371.44,9.49,23.50,4,0
CUST_1975,32,0,Male,Suburban,Monthly,66.22,0,2022-10-18,14,356.07,10.56,21.58,10,0
CUST_1976,51,0,Male,Rural,Prepaid,51.58,0,2020-05-25,43,410.83,8.99,18.67,11,0
CUST_1977,43,1,Male,Urban,Yearly,32.82,0,2018-08-20,64,533.63,10.17,17.50,5,0
CUST_1978,66,0,Male,Rural,Monthly,31.89,0,2020-09-07,39,446.41,12.08,26.50,4,0
CUST_1979,42,0,Female,Suburban,Yearly,56.31,0,2022-08-03,16,597.79,9.92,21.00,10,0
CUST_198,43,1,Male,Rural,Monthly,51.24,0,2018-01-13,71,516.10,10.95,28.75,12,0
CUST_1980,41,0,Female,Suburban,Yearly,49.37,0,2018-12-22,60,527.59,9.93,24.33,5,0
CUST_1981,29,0,Male,Rural,Prepaid,64.56,0,2019-01-17,59,419.01,9.95,26.92,5,1
CUST_1982,35,0,Male,Suburban,Prepaid,45.02,0,2022-01-27,23,420.34,10.69,18.33,8,0
CUST_1983,32,0,Male,Rural,Prepaid,38.42,0,2021-08-19,28,452.80,10.19,30.25,9,0
CUST_1984,43,1,Male,Rural,Prepaid,45.83,0,2022-10-19,14,476.77,8.82,25.75,5,0
CUST_1985,33,0,Female,Urban,Monthly,49.80,0,2023-02-02,10,401.02,10.79,24.67,6,0
CUST_1986,44,0,Male,Suburban,Monthly,97.55,0,2023-03-15,9,367.28,9.58,18.17,4,0
CUST_1987,25,0,Male,Urban,Prepaid,57.09,0,2019-08-11,52,468.18,10.74,24.92,8,0
CUST_1988,63,0,Male,Suburban,Monthly,52.14,0,2022-08-29,16,502.53,9.40,30.75,4,0
CUST_1989,42,0,Female,Rural,Monthly,64.21,0,2020-06-10,42,501.14,9.68,21.83,6,0
CUST_199,56,0,Female,Urban,Prepaid,17.47,0,2020-07-11,41,556.78,10.88,27.25,9,0
CUST_1990,43,1,Female,Suburban,Prepaid,61.70,0,2023-03-24,9,553.93,10.65,22.25,7,0
CUST_1991,43,1,Female,Rural,Prepaid,66.25,0,2022-05-23,19,429.00,10.14,27.75,5,0
CUST_1992,25,0,Male,Suburban,Monthly,75.21,0,2023-01-06,11,375.43,9.91,22.67,6,0
CUST_1993,43,1,Male,Urban,Monthly,52.09,0,2020-11-23,37,544.36,10.87,26.00,6,0
CUST_1994,44,0,Male,Urban,Yearly,16.90,0,2018-03-20,69,450.60,11.62,25.83,5,0
CUST_1995,43,1,Female,Rural,Prepaid,62.92,0,2018-08-25,64,521.28,9.22,17.08,0,0
CUST_1996,67,0,Female,Urban,Monthly,67.99,0,2021-08-09,28,533.45,10.89,22.83,3,0
CUST_1997,69,0,Male,Rural,Monthly,46.59,0,2023-05-30,7,346.32,9.89,19.17,6,0
CUST_1998,43,1,Male,Rural,Prepaid,19.75,0,2023-02-12,10,612.59,10.05,29.08,7,0
CUST_1999,20,0,Female,Rural,Prepaid,65.60,0,2019-09-24,51,475.97,9.86,26.67,7,0
CUST_2,46,0,Female,Rural,Monthly,48.56,0,2022-08-31,16,578.36,8.78,26.25,6,0
CUST_20,61,0,Male,Urban,Prepaid,56.79,0,2019-06-09,54,419.32,9.82,21.67,5,0
CUST_200,23,0,Female,Urban,Yearly,58.51,0,2021-12-03,24,384.74,10.54,20.75,5,0
CUST_2000,46,0,Male,Suburban,Prepaid,49.71,0,2020-05-10,43,415.45,10.60,31.17,4,0
CUST_2001,61,0,Male,Rural,Prepaid,29.98,0,2022-09-12,15,401.38,9.22,16.58,13,0
CUST_2002,41,0,Male,Urban,Prepaid,45.99,0,2018-01-17,71,361.46,9.31,22.17,10,0
CUST_2003,43,1,Female,Suburban,Monthly,49.93,0,2021-08-25,28,711.39,10.17,17.08,4,0
CUST_2004,37,0,Male,Urban,Monthly,45.98,0,2018-04-30,68,506.83,11.13,15.08,5,0
CUST_2005,63,0,Male,Rural,Monthly,42.42,0,2018-12-11,60,521.95,8.76,20.42,6,0
CUST_2006,32,0,Male,Rural,Prepaid,64.28,0,2019-03-06,57,289.98,9.97,25.50,7,0
CUST_2007,42,0,Male,Urban,Monthly,70.27,0,2019-07-19,53,502.95,7.55,20.08,5,0
CUST_2008,43,1,Female,Suburban,Monthly,78.98,0,2020-06-21,42,405.85,9.57,19.58,9,0
CUST_2009,43,1,Female,Urban,Yearly,34.94,0,2022-12-21,12,539.46,10.11,28.92,6,0
CUST_201,25,0,Female,Urban,Monthly,176.60,0,2020-12-16,36,446.80,9.20,21.58,5,0
CUST_2010,24,0,Female,Rural,Yearly,69.51,0,2021-02-25,34,645.00,11.15,23.67,9,0
CUST_2011,43,1,Male,Suburban,Monthly,52.86,0,2019-02-03,58,506.65,10.86,19.33,10,0
CUST_2012,61,0,Female,Rural,Monthly,55.64,0,2023-05-01,7,553.67,9.24,24.58,5,0
CUST_2013,43,1,Male,Rural,Prepaid,68.22,0,2022-11-09,13,350.81,9.62,25.67,5,0
CUST_2014,43,1,Female,Urban,Prepaid,49.25,0,2021-10-13,26,383.14,7.93,23.67,7,0
CUST_2015,26,0,Male,Rural,Yearly,47.26,0,2022-11-07,13,586.96,10.17,30.75,7,0
CUST_2016,55,0,Female,Urban,Monthly,39.60,0,2019-04-08,56,476.43,9.43,19.00,9,0
CUST_2017,65,0,Female,Suburban,Monthly,32.50,0,2019-03-11,57,503.63,10.94,25.42,7,0
CUST_2018,43,1,Female,Rural,Yearly,40.51,0,2019-04-01,56,600.14,8.35,18.67,2,0
CUST_2019,43,1,Male,Rural,Monthly,52.57,0,2018-07-26,65,428.91,9.88,20.92,9,0
CUST_202,44,0,Male,Urban,Prepaid,47.61,0,2020-11-29,37,463.53,10.77,25.25,9,0
CUST_2020,41,0,Male,Suburban,Prepaid,49.25,0,2018-01-08,71,530.23,9.94,28.58,3,0
CUST_2021,43,1,Male,Urban,Prepaid,44.29,0,2018-06-28,66,368.57,9.64,26.50,6,0
CUST_2022,43,1,Female,Rural,Prepaid,44.75,0,2019-01-21,59,354.08,10.05,30.25,6,0
CUST_2023,43,1,Male,Suburban,Monthly,65.77,0,2018-07-30,65,597.60,10.11,24.75,7,0
CUST_2024,34,0,Male,Rural,Monthly,52.63,0,2019-10-18,50,602.92,9.45,16.17,9,0
CUST_2025,43,1,Male,Urban,Yearly,35.10,0,2022-06-07,18,394.19,10.29,32.42,5,0
CUST_2026,38,0,Male,Urban,Monthly,50.87,0,2022-08-06,16,289.79,11.00,16.83,7,0
CUST_2027,35,0,Male,Urban,Prepaid,59.24,0,2022-04-19,20,651.11,10.33,24.58,10,0
CUST_2028,47,0,Male,Urban,Prepaid,64.35,0,2019-09-26,51,557.49,9.42,22.83,6,0
CUST_2029,43,1,Female,Suburban,Monthly,58.46,0,2019-02-01,58,242.68,7.29,26.00,8,0
CUST_203,26,0,Male,Suburban,Prepaid,42.33,0,2021-04-26,32,617.51,10.22,28.58,7,0
CUST_2030,43,1,Female,Rural,Yearly,62.73,0,2022-04-25,20,458.85,9.88,26.00,6,0
CUST_2031,64,0,Male,Suburban,Prepaid,57.59,0,2018-08-18,64,396.67,11.17,26.25,5,0
CUST_2032,48,0,Female,Urban,Yearly,19.90,0,2023-05-09,7,363.17,8.39,29.42,10,0
CUST_2033,43,1,Female,Urban,Prepaid,47.60,0,2022-11-24,13,294.67,10.30,23.42,6,0
CUST_2034,49,0,Male,Urban,Prepaid,48.65,0,2020-09-10,39,320.36,9.59,26.83,6,0
CUST_2035,28,0,Male,Urban,Yearly,80.59,0,2018-03-11,69,419.92,9.63,28.08,6,0
CUST_2036,62,0,Female,Rural,Prepaid,61.39,0,2022-02-22,22,435.70,10.50,31.50,9,1
CUST_2037,42,0,Male,Urban,Monthly,45.64,0,2018-08-01,64,690.13,10.82,23.58,5,0
CUST_2038,43,1,Female,Rural,Prepaid,38.41,0,2018-11-28,61,362.78,11.11,21.50,3,0
CUST_2039,43,1,Female,Urban,Yearly,44.84,0,2018-11-01,61,513.71,10.58,23.00,6,0
CUST_204,43,1,Female,Suburban,Monthly,58.49,0,2023-03-06,9,404.71,8.21,24.50,4,0
CUST_2040,43,1,Female,Rural,Yearly,37.87,0,2023-03-06,9,335.72,11.38,22.42,6,0
CUST_2041,43,1,Male,Rural,Yearly,82.70,0,2018-01-16,71,552.68,9.70,18.25,9,0
CUST_2042,28,0,Female,Urban,Prepaid,49.77,0,2022-06-12,18,322.16,8.79,21.25,7,0
CUST_2043,39,0,Male,Suburban,Prepaid,62.37,0,2020-09-27,39,483.40,10.28,22.50,8,0
CUST_2044,43,1,Male,Suburban,Monthly,57.73,0,2020-02-09,46,406.63,9.87,19.50,4,0
CUST_2045,41,0,Male,Suburban,Prepaid,59.86,0,2021-07-25,29,427.54,11.09,31.42,5,0
CUST_2046,58,0,Male,Suburban,Monthly,36.79,0,2020-08-14,40,329.55,11.38,27.33,7,0
CUST_2047,34,0,Male,Suburban,Monthly,70.06,0,2020-12-31,36,307.33,10.41,26.67,8,0
CUST_2048,29,0,Female,Urban,Prepaid,48.68,0,2018-01-26,71,447.17,10.71,18.17,9,0
CUST_2049,63,0,Male,Urban,Monthly,72.51,0,2020-10-14,38,464.07,10.04,35.08,6,0
CUST_205,50,0,Female,Rural,Monthly,38.15,0,2018-03-13,69,317.23,8.71,27.08,6,0
CUST_2050,49,0,Male,Urban,Yearly,56.39,0,2022-05-23,19,487.01,8.56,31.42,7,0
CUST_2051,32,0,Male,Urban,Yearly,76.31,0,2023-01-25,11,532.47,10.10,20.25,5,0
CUST_2052,33,0,Male,Urban,Prepaid,59.00,0,2022-08-20,16,520.81,9.94,22.00,2,0
CUST_2053,39,0,Male,Urban,Prepaid,47.22,0,2018-01-20,71,435.10,11.67,22.08,10,0
CUST_2054,43,1,Female,Rural,Prepaid,71.08,0,2018-11-28,61,596.59,7.89,23.58,7,0
CUST_2055,43,1,Male,Rural,Prepaid,52.07,0,2019-02-26,58,489.94,10.06,31.08,14,0
CUST_2056,50,0,Male,Urban,Prepaid,58.07,0,2020-04-30,44,341.93,8.53,21.50,6,0
CUST_2057,43,1,Female,Urban,Yearly,51.34,0,2019-10-17,50,655.64,9.56,20.00,9,1
CUST_2058,57,0,Male,Rural,Prepaid,41.89,0,2022-09-10,15,555.52,9.54,24.08,8,0
CUST_2059,43,1,Female,Rural,Prepaid,47.61,0,2022-08-28,16,370.29,9.58,22.33,6,1
CUST_206,43,1,Male,Rural,Prepaid,53.84,0,2020-03-27,45,362.93,10.06,25.33,4,0
CUST_2060,67,0,Female,Urban,Prepaid,60.67,0,2021-03-25,33,638.50,9.47,16.08,4,0
CUST_2061,50,0,Female,Rural,Prepaid,64.58,0,2022-10-25,14,548.58,11.27,19.08,8,0
CUST_2062,43,1,Female,Suburban,Prepaid,19.71,0,2019-07-24,53,470.79,10.11,24.33,7,0
CUST_2063,50,0,Male,Suburban,Monthly,54.80,0,2020-01-06,47,469.63,9.35,17.92,9,0
CUST_2064,43,1,Male,Suburban,Monthly,48.83,0,2023-01-28,11,322.23,9.37,25.25,5,0
CUST_2065,58,0,Female,Rural,Prepaid,29.45,0,2020-09-24,39,470.57,9.91,30.00,4,0
CUST_2066,30,0,Female,Urban,Prepaid,62.86,0,2018-03-23,69,494.69,10.57,23.25,8,0
CUST_2067,43,1,Male,Urban,Monthly,77.10,0,2019-11-17,49,449.86,10.22,24.08,9,0
CUST_2068,50,0,Female,Urban,Prepaid,72.23,0,2022-01-04,23,316.35,8.95,27.17,8,0
CUST_2069,30,0,Female,Rural,Prepaid,15.00,0,2022-08-26,16,466.58,10.66,23.92,4,1
CUST_207,59,0,Female,Rural,Prepaid,52.77,0,2021-04-06,32,626.83,10.50,26.33,6,0
CUST_2070,69,0,Female,Rural,Yearly,54.87,0,2019-03-09,57,439.11,10.22,26.75,5,0
CUST_2071,43,0,Male,Suburban,Monthly,40.26,0,2020-08-12,40,548.63,10.75,27.08,7,0
CUST_2072,39,0,Female,Rural,Monthly,43.28,0,2021-09-11,27,390.97,8.96,30.33,9,0
CUST_2073,56,0,Male,Suburban,Yearly,46.22,0,2022-08-06,16,420.38,9.79,21.00,3,0
CUST_2074,19,0,Male,Suburban,Monthly,16.66,0,2022-01-28,23,496.47,11.11,25.25,7,1
CUST_2075,43,1,Male,Urban,Yearly,19.13,0,2021-01-16,35,461.85,9.46,27.42,2,0
CUST_2076,56,0,Female,Rural,Yearly,51.28,0,2021-12-17,24,609.70,8.17,12.50,6,0
CUST_2077,43,0,Female,Urban,Prepaid,53.72,0,2019-09-02,51,605.91,9.35,13.83,8,0
CUST_2078,43,1,Male,Urban,Yearly,47.07,0,2021-05-11,31,503.93,10.02,23.58,2,0
CUST_2079,43,1,Male,Rural,Prepaid,31.27,0,2022-11-25,13,598.76,9.47,20.33,7,0
CUST_208,43,1,Female,Rural,Prepaid,50.99,0,2021-07-23,29,583.74,8.33,22.50,5,0
CUST_2080,32,0,Male,Rural,Prepaid,43.94,0,2020-10-23,38,604.66,10.28,20.83,9,0
CUST_2081,43,1,Female,Suburban,Yearly,71.68,0,2022-08-29,16,457.10,7.53,28.50,6,0
CUST_2082,59,0,Female,Suburban,Yearly,44.56,0,2018-07-14,65,551.12,10.67,24.83,5,1
CUST_2083,61,0,Male,Suburban,Monthly,42.46,0,2018-12-31,60,525.88,10.93,28.50,5,0
CUST_2084,66,0,Male,Suburban,Prepaid,68.55,0,2023-01-21,11,411.33,9.16,24.25,5,0
CUST_2085,57,0,Female,Urban,Monthly,46.76,0,2022-07-11,17,436.00,9.74,24.42,3,0
CUST_2086,28,0,Male,Urban,Monthly,60.21,0,2021-01-29,35,409.05,9.72,25.50,6,0
CUST_2087,20,0,Female,Rural,Prepaid,56.91,0,2023-05-01,7,554.68,10.27,27.50,9,0
CUST_2088,23,0,Female,Suburban,Yearly,36.62,0,2023-06-19,6,577.65,8.77,29.58,7,0
CUST_2089,26,0,Male,Suburban,Prepaid,35.14,0,2019-05-31,55,513.40,10.23,21.42,3,0
CUST_209,43,1,Female,Urban,Prepaid,55.89,0,2023-09-02,3,535.53,9.76,17.75,3,0
CUST_2090,23,0,Male,Suburban,Prepaid,29.78,0,2019-02-05,58,561.14,10.80,26.83,3,0
CUST_2091,26,0,Female,Urban,Prepaid,34.85,0,2018-10-16,62,454.09,10.05,17.42,4,0
CUST_2092,56,0,Female,Rural,Prepaid,62.40,0,2019-07-11,53,528.36,8.50,27.92,5,0
CUST_2093,48,0,Female,Urban,Monthly,37.67,0,2022-03-26,21,472.24,10.54,20.75,8,0
CUST_2094,49,0,Female,Rural,Prepaid,47.93,0,2020-08-02,40,740.36,8.12,25.08,7,0
CUST_2095,58,0,Female,Rural,Monthly,45.78,0,2022-08-04,16,457.75,10.17,22.00,5,0
CUST_2096,67,0,Male,Urban,Prepaid,55.69,0,2019-09-11,51,592.11,10.37,22.58,3,0
CUST_2097,29,0,Female,Urban,Monthly,29.53,0,2020-10-18,38,562.06,11.09,18.58,7,0
CUST_2098,25,0,Female,Rural,Monthly,66.47,0,2022-04-05,20,667.58,10.95,22.58,5,0
CUST_2099,25,0,Female,Urban,Prepaid,71.54,0,2020-12-26,36,330.62,8.60,31.00,6,0
CUST_21,47,0,Female,Urban,Prepaid,54.06,0,2020-12-25,36,509.73,9.21,24.83,3,0
CUST_210,32,0,Female,Suburban,Yearly,31.96,0,2021-05-06,31,495.56,10.09,25.33,6,0
CUST_2100,67,0,Male,Urban,Monthly,49.62,0,2021-02-10,34,446.23,9.22,22.58,8,0
CUST_2101,45,0,Male,Rural,Monthly,16.41,0,2020-10-18,38,692.70,11.08,32.25,8,0
CUST_2102,37,0,Female,Rural,Monthly,37.11,0,2021-11-14,25,592.05,9.73,26.92,8,0
CUST_2103,43,1,Female,Suburban,Monthly,54.74,0,2023-04-17,8,622.68,10.46,30.75,9,0
CUST_2104,24,0,Male,Urban,Yearly,55.58,0,2019-01-12,59,395.50,9.80,26.42,9,0
CUST_2105,43,1,Male,Rural,Yearly,46.13,0,2019-07-10,53,299.69,9.04,25.83,7,0
CUST_2106,37,0,Male,Urban,Prepaid,66.51,0,2019-09-24,51,643.06,11.20,24.83,9,0
CUST_2107,43,1,Male,Urban,Monthly,41.36,0,2020-03-07,45,480.11,11.22,21.17,5,0
CUST_2108,21,0,Female,Rural,Prepaid,64.76,0,2020-10-25,38,478.13,8.27,20.17,4,0
CUST_2109,23,0,Male,Suburban,Prepaid,50.02,0,2021-09-06,27,452.50,10.29,25.42,6,0
CUST_211,49,0,Female,Suburban,Monthly,32.51,0,2022-04-09,20,349.56,8.82,23.75,8,0
CUST_2110,39,0,Female,Rural,Prepaid,41.51,0,2021-07-11,29,333.25,7.58,21.83,7,0
CUST_2111,43,0,Female,Rural,Yearly,60.97,0,2018-01-15,71,392.10,10.01,19.08,6,0
CUST_2112,20,0,Male,Urban,Monthly,49.34,0,2021-02-03,34,505.99,10.40,23.25,9,0
CUST_2113,58,0,Male,Suburban,Prepaid,63.31,0,2021-03-23,33,466.95,9.57,24.67,6,0
CUST_2114,59,0,Male,Rural,Prepaid,93.60,0,2021-10-11,26,548.06,10.08,30.08,6,0
CUST_2115,31,0,Male,Urban,Yearly,35.99,0,2019-08-31,52,384.34,8.52,15.92,5,0
CUST_2116,28,0,Female,Rural,Prepaid,63.21,0,2019-06-10,54,549.53,9.40,29.50,6,0
CUST_2117,43,1,Female,Urban,Prepaid,59.57,0,2019-05-29,55,644.83,10.89,24.58,5,0
CUST_2118,43,1,Female,Rural,Yearly,76.69,0,2020-11-25,37,533.57,9.38,29.75,9,0
CUST_2119,40,0,Male,Suburban,Monthly,63.71,0,2020-08-14,40,374.43,11.36,18.83,8,0
CUST_212,43,1,Male,Suburban,Monthly,71.50,0,2020-11-06,37,521.32,10.74,27.08,6,0
CUST_2120,43,1,Female,Rural,Prepaid,73.59,0,2019-12-13,48,398.18,10.93,26.42,6,0
CUST_2121,30,0,Male,Urban,Monthly,35.24,0,2022-05-31,19,578.46,10.77,21.00,5,0
CUST_2122,42,0,Female,Rural,Yearly,30.87,0,2019-05-09,55,489.99,10.26,25.00,7,0
CUST_2123,62,0,Male,Suburban,Yearly,35.89,0,2019-02-21,58,374.12,10.73,26.83,11,0
CUST_2124,68,0,Female,Suburban,Prepaid,47.65,0,2019-06-11,54,615.85,11.60,31.83,6,0
CUST_2125,36,0,Female,Suburban,Prepaid,70.74,0,2023-02-17,10,467.40,9.44,23.25,10,0
CUST_2126,43,1,Male,Suburban,Prepaid,74.09,0,2022-05-06,19,510.81,9.24,26.33,3,0
CUST_2127,53,0,Female,Urban,Monthly,44.53,0,2020-04-07,44,290.23,11.40,24.92,4,0
CUST_2128,62,0,Female,Rural,Monthly,48.32,0,2023-06-11,6,484.61,9.90,25.42,2,0
CUST_2129,25,0,Male,Suburban,Prepaid,32.42,0,2020-04-03,44,465.14,9.93,28.58,6,0
CUST_213,41,0,Female,Suburban,Monthly,26.90,0,2022-12-14,12,610.85,9.62,30.83,4,0
CUST_2130,43,1,Male,Rural,Monthly,51.09,0,2020-07-21,41,566.66,10.69,23.25,0,0
CUST_2131,49,0,Male,Urban,Monthly,47.03,0,2018-11-19,61,461.97,9.93,19.75,6,0
CUST_2132,43,1,Male,Rural,Monthly,47.07,0,2018-08-16,64,607.75,9.96,23.83,7,1
CUST_2133,61,0,Male,Rural,Yearly,67.71,0,2022-02-06,22,511.63,11.43,26.50,8,0
CUST_2134,35,0,Female,Suburban,Monthly,56.07,0,2019-07-30,53,484.70,9.69,21.83,11,0
CUST_2135,23,0,Male,Suburban,Prepaid,30.39,0,2018-01-05,71,537.54,10.01,32.17,8,0
CUST_2136,35,0,Female,Urban,Monthly,11.75,0,2021-09-29,27,438.00,9.04,26.92,6,0
CUST_2137,36,0,Female,Rural,Yearly,58.28,0,2019-06-06,54,506.69,10.51,21.25,3,0
CUST_2138,39,0,Male,Urban,Prepaid,53.49,0,2018-03-22,69,551.51,10.15,26.58,6,0
CUST_2139,54,0,Female,Urban,Yearly,55.66,0,2019-11-11,49,400.04,8.87,19.67,5,0
CUST_214,58,0,Female,Rural,Prepaid,82.50,0,2019-12-20,48,393.37,10.22,25.58,3,0
CUST_2140,43,1,Female,Urban,Prepaid,53.49,0,2021-12-02,24,556.84,10.32,24.42,7,0
CUST_2141,43,1,Male,Suburban,Prepaid,32.83,0,2021-07-17,29,574.53,9.88,31.17,7,0
CUST_2142,20,0,Female,Suburban,Prepaid,47.15,0,2022-02-28,22,467.66,9.77,29.42,10,0
CUST_2143,43,1,Male,Rural,Yearly,45.42,0,2018-01-27,71,450.01,8.74,22.33,9,0
CUST_2144,27,0,Male,Rural,Monthly,48.78,0,2022-09-26,15,686.75,11.28,19.25,8,0
CUST_2145,68,0,Male,Rural,Prepaid,63.18,0,2019-08-24,52,243.00,9.67,20.42,2,0
CUST_2146,43,1,Female,Suburban,Yearly,41.34,0,2020-04-08,44,441.04,9.60,17.50,6,0
CUST_2147,46,0,Female,Suburban,Monthly,32.66,0,2022-04-12,20,535.12,8.26,27.17,7,0
CUST_2148,43,1,Female,Urban,Yearly,70.10,0,2022-10-17,14,466.11,8.39,23.50,10,0
CUST_2149,50,0,Female,Suburban,Prepaid,39.05,0,2022-05-07,19,531.86,9.71,26.50,8,0
CUST_215,69,0,Male,Urban,Monthly,47.93,0,2022-11-05,13,513.51,10.07,17.00,10,0
CUST_2150,24,0,Male,Urban,Prepaid,67.29,0,2021-10-05,26,430.48,11.55,24.67,8,1
CUST_2151,29,0,Female,Urban,Monthly,82.27,0,2018-02-01,70,427.02,9.66,19.75,3,0
CUST_2152,43,1,Male,Suburban,Monthly,72.61,0,2019-04-29,56,520.51,10.91,25.58,3,1
CUST_2153,47,0,Female,Urban,Monthly,59.97,0,2022-02-15,22,564.76,11.22,26.08,8,0
CUST_2154,38,0,Female,Urban,Monthly,47.03,0,2022-01-17,23,451.48,10.81,22.50,8,0
CUST_2155,48,0,Female,Rural,Monthly,318.50,0,2021-05-11,31,398.40,10.59,29.58,3,1
CUST_2156,41,0,Female,Urban,Prepaid,49.66,0,2021-07-08,29,602.14,10.58,23.50,4,0
CUST_2157,43,1,Female,Suburban,Monthly,71.23,0,2020-07-31,41,580.59,10.38,26.75,5,0
CUST_2158,54,0,Male,Suburban,Prepaid,59.58,0,2023-02-22,10,462.92,8.38,22.58,5,0
CUST_2159,21,0,Female,Urban,Prepaid,55.67,0,2020-08-29,40,509.63,11.04,18.92,5,0
CUST_216,66,0,Male,Suburban,Yearly,37.24,0,2019-03-25,57,371.41,10.61,27.58,2,0
CUST_2160,45,0,Female,Rural,Prepaid,50.74,0,2019-07-06,53,480.31,8.70,22.25,4,0
CUST_2161,61,0,Female,Suburban,Monthly,42.59,0,2019-06-14,54,494.71,9.33,29.67,6,0
CUST_2162,37,0,Female,Suburban,Yearly,49.97,0,2018-11-13,61,595.42,11.38,20.00,7,0
CUST_2163,41,0,Male,Rural,Prepaid,54.39,0,2018-12-10,60,462.53,9.20,11.42,5,0
CUST_2164,67,0,Female,Urban,Prepaid,46.15,0,2019-04-20,56,399.68,11.73,21.58,8,0
CUST_2165,43,1,Male,Suburban,Prepaid,54.47,0,2018-07-23,65,518.92,10.73,22.83,9,0
CUST_2166,68,0,Female,Urban,Yearly,64.78,0,2021-05-19,31,450.29,9.26,23.00,3,0
CUST_2167,43,1,Male,Urban,Monthly,54.16,0,2018-06-08,66,347.59,11.15,31.83,5,0
CUST_2168,58,0,Male,Urban,Yearly,41.98,0,2020-07-31,41,444.04,10.03,30.08,8,0
CUST_2169,53,0,Male,Urban,Yearly,8.67,0,2020-03-01,45,496.78,9.33,24.83,7,0
CUST_217,66,0,Male,Urban,Monthly,62.92,0,2019-05-31,55,318.25,8.22,23.58,9,0
CUST_2170,43,1,Male,Suburban,Prepaid,68.21,0,2019-04-16,56,527.66,10.71,24.00,5,0
CUST_2171,53,0,Male,Rural,Prepaid,48.34,0,2020-02-07,46,431.35,12.23,27.67,9,0
CUST_2172,19,0,Female,Suburban,Monthly,53.01,0,2019-04-27,56,517.64,9.87,25.75,7,0
CUST_2173,43,1,Male,Rural,Prepaid,58.17,0,2022-10-11,14,482.92,11.39,21.50,13,0
CUST_2174,51,0,Female,Urban,Prepaid,58.18,0,2019-09-24,51,507.06,10.31,30.67,7,0
CUST_2175,43,1,Male,Rural,Prepaid,61.37,0,2018-10-20,62,403.51,10.47,23.42,4,0
CUST_2176,23,0,Male,Urban,Monthly,65.13,0,2022-07-21,17,537.30,11.63,18.42,7,0
CUST_2177,56,0,Female,Suburban,Monthly,61.33,0,2019-07-28,53,565.66,9.71,24.67,6,0
CUST_2178,59,0,Male,Suburban,Prepaid,3.24,0,2022-08-23,16,493.18,10.10,21.58,4,0
CUST_2179,68,0,Male,Rural,Monthly,55.89,0,2018-06-18,66,500.58,10.26,23.00,3,0
CUST_218,43,1,Male,Urban,Monthly,41.57,0,2020-03-15,45,617.64,10.60,20.75,9,0
CUST_2180,43,1,Male,Urban,Prepaid,53.82,0,2022-07-04,17,532.44,10.33,29.33,7,0
CUST_2181,29,0,Male,Urban,Monthly,46.21,0,2021-06-02,30,703.67,10.16,15.83,9,0
CUST_2182,43,1,Female,Rural,Monthly,57.19,0,2018-02-24,70,404.73,11.08,28.00,2,0
CUST_2183,62,0,Male,Urban,Prepaid,50.30,0,2022-02-20,22,447.90,10.94,22.83,7,0
CUST_2184,35,0,Male,Urban,Monthly,41.48,0,2022-06-09,18,608.72,11.23,15.25,5,0
CUST_2185,57,0,Female,Urban,Monthly,68.55,0,2021-03-04,33,511.02,9.58,26.08,5,0
CUST_2186,43,1,Female,Suburban,Prepaid,55.22,0,2022-11-05,13,640.08,9.41,20.00,8,0
CUST_2187,32,0,Male,Suburban,Prepaid,52.59,0,2019-12-17,48,439.97,9.37,28.67,3,0
CUST_2188,43,1,Male,Suburban,Yearly,18.75,0,2019-11-11,49,312.39,7.76,32.00,11,0
CUST_2189,43,1,Female,Urban,Prepaid,81.93,0,2018-11-07,61,482.33,10.40,22.25,8,0
CUST_219,29,0,Female,Urban,Monthly,55.07,0,2021-07-08,29,319.80,8.55,25.83,6,1
CUST_2190,43,0,Male,Suburban,Monthly,22.04,0,2021-06-02,30,446.12,9.61,32.08,1,0
CUST_2191,25,0,Female,Urban,Yearly,57.86,0,2018-08-22,64,542.04,10.21,25.42,7,0
CUST_2192,53,0,Male,Urban,Prepaid,60.69,0,2019-02-05,58,591.14,8.97,19.25,5,0
CUST_2193,65,0,Female,Rural,Prepaid,74.67,0,2018-01-30,71,435.54,8.15,31.17,9,0
CUST_2194,47,0,Female,Urban,Yearly,35.58,0,2021-08-13,28,388.76,8.02,23.67,5,0
CUST_2195,40,0,Female,Suburban,Prepaid,37.87,0,2019-10-27,50,519.27,10.42,25.33,5,0
CUST_2196,59,0,Male,Suburban,Monthly,62.01,0,2019-10-27,50,629.93,10.08,23.00,6,0
CUST_2197,61,0,Male,Urban,Monthly,59.76,0,2021-01-24,35,593.97,9.92,30.17,5,0
CUST_2198,43,1,Male,Suburban,Monthly,75.53,0,2021-09-06,27,599.53,10.79,27.75,8,0
CUST_2199,43,1,Male,Urban,Yearly,66.31,0,2020-06-07,42,552.23,10.00,28.17,11,0
CUST_22,55,0,Male,Rural,Prepaid,42.70,0,2020-10-08,38,566.77,9.19,30.17,9,0
CUST_220,56,0,Female,Urban,Yearly,68.65,0,2021-11-18,25,372.88,10.36,23.58,5,0
CUST_2200,19,0,Female,Rural,Yearly,44.92,0,2021-02-18,34,385.07,9.93,31.83,9,0
CUST_2201,54,0,Female,Urban,Monthly,48.33,0,2018-05-22,67,494.49,9.65,23.83,4,0
CUST_2202,22,0,Female,Urban,Yearly,57.85,0,2022-03-08,21,531.78,8.38,24.67,2,1
CUST_2203,55,0,Male,Rural,Yearly,27.07,0,2019-10-16,50,631.45,8.78,27.25,5,0
CUST_2204,62,0,Male,Suburban,Yearly,58.42,0,2018-12-24,60,726.13,10.31,25.75,7,0
CUST_2205,58,0,Male,Rural,Monthly,59.50,0,2021-07-24,29,420.18,9.22,29.33,7,0
CUST_2206,64,0,Female,Rural,Prepaid,37.85,0,2020-11-21,37,515.26,9.23,33.33,6,0
CUST_2207,43,1,Male,Urban,Monthly,46.81,0,2020-11-02,37,679.10,10.95,22.58,6,0
CUST_2208,43,1,Male,Urban,Prepaid,20.27,0,2022-07-19,17,511.66,9.07,30.17,7,0
CUST_2209,43,1,Female,Rural,Prepaid,63.93,0,2020-05-22,43,545.39,9.49,29.50,3,1
CUST_221,19,0,Female,Suburban,Prepaid,60.70,0,2022-01-02,23,335.90,11.78,23.75,5,1
CUST_2210,37,0,Female,Suburban,Prepaid,56.27,0,2019-08-14,52,507.81,8.93,26.42,2,0
CUST_2211,19,0,Male,Rural,Yearly,30.40,0,2022-11-29,13,453.43,10.42,21.00,6,0
CUST_2212,43,1,Female,Suburban,Prepaid,34.10,0,2021-08-09,28,223.00,9.96,20.25,9,0
CUST_2213,43,1,Male,Rural,Monthly,43.48,0,2022-08-26,16,487.25,10.29,22.08,1,0
CUST_2214,34,0,Female,Rural,Monthly,62.74,0,2022-05-18,19,322.03,9.76,24.50,3,0
CUST_2215,43,1,Female,Suburban,Prepaid,57.57,0,2020-04-20,44,530.86,9.66,24.75,6,0
CUST_2216,45,0,Female,Rural,Monthly,37.67,0,2020-01-15,47,557.63,10.17,24.83,9,0
CUST_2217,19,0,Male,Urban,Monthly,41.10,0,2020-10-23,38,572.09,11.19,25.75,11,0
CUST_2218,52,0,Male,Rural,Yearly,50.79,0,2021-12-31,24,416.02,10.46,22.83,5,0
CUST_2219,54,0,Male,Urban,Prepaid,37.99,0,2019-05-22,55,550.69,11.36,26.92,6,1
CUST_222,43,1,Female,Suburban,Prepaid,56.40,0,2023-06-03,6,443.34,8.38,24.33,7,0
CUST_2220,43,1,Female,Suburban,Prepaid,42.19,0,2019-10-10,50,597.99,9.88,14.75,5,0
CUST_2221,18,0,Female,Suburban,Monthly,60.38,0,2020-03-04,45,690.29,10.33,28.00,4,0
CUST_2222,57,0,Female,Urban,Prepaid,31.60,0,2022-06-16,18,387.76,11.52,21.67,7,0
CUST_2223,43,1,Female,Rural,Prepaid,47.86,0,2021-02-24,34,591.39,10.35,20.50,8,0
CUST_2224,43,1,Male,Urban,Prepaid,46.75,0,2018-02-18,70,339.87,11.66,25.83,7,0
CUST_2225,43,1,Male,Urban,Monthly,49.36,0,2023-06-23,6,630.49,9.79,25.08,4,0
CUST_2226,40,0,Male,Suburban,Prepaid,53.96,0,2020-05-23,43,359.39,8.62,29.50,2,0
CUST_2227,64,0,Female,Urban,Monthly,59.22,0,2020-11-10,37,455.09,9.13,27.67,6,0
CUST_2228,48,0,Female,Rural,Yearly,61.76,0,2022-07-02,17,480.81,9.28,26.92,5,0
CUST_2229,43,1,Male,Urban,Monthly,44.84,0,2022-09-27,15,403.05,9.45,22.67,2,0
CUST_223,66,0,Male,Suburban,Yearly,59.82,0,2020-03-09,45,405.83,7.75,26.67,3,0
CUST_2230,27,0,Female,Suburban,Prepaid,47.73,0,2018-06-15,66,595.79,9.77,20.17,7,0
CUST_2231,20,0,Male,Rural,Monthly,55.26,0,2018-01-19,71,321.91,11.08,19.42,5,0
CUST_2232,43,1,Female,Suburban,Prepaid,52.70,0,2021-01-29,35,526.94,9.45,20.83,6,0
CUST_2233,33,0,Female,Urban,Prepaid,58.56,0,2023-01-12,11,384.32,10.48,32.17,4,0
CUST_2234,43,1,Male,Urban,Prepaid,56.75,0,2021-09-29,27,477.59,9.38,25.33,4,0
CUST_2235,46,0,Male,Suburban,Prepaid,37.64,0,2022-04-19,20,586.86,10.22,16.50,7,0
CUST_2236,43,1,Female,Suburban,Monthly,78.12,0,2018-07-21,65,276.85,10.02,23.33,4,0
CUST_2237,29,0,Male,Rural,Yearly,50.06,0,2018-09-14,63,390.25,9.15,30.50,2,0
CUST_2238,47,0,Male,Suburban,Yearly,60.50,0,2023-06-03,6,648.65,10.65,32.25,2,0
CUST_2239,58,0,Female,Suburban,Prepaid,59.16,0,2020-01-23,47,578.14,8.60,13.67,6,0
CUST_224,54,0,Male,Rural,Yearly,50.60,0,2019-08-14,52,542.94,11.60,26.08,6,0
CUST_2240,43,1,Female,Urban,Monthly,54.08,0,2023-03-14,9,445.57,9.88,24.17,8,0
CUST_2241,22,0,Female,Urban,Prepaid,53.94,0,2021-12-27,24,646.07,10.81,24.92,1,0
CUST_2242,43,1,Male,Suburban,Monthly,63.91,0,2020-07-31,41,402.76,11.05,24.33,6,0
CUST_2243,43,1,Female,Suburban,Prepaid,46.88,0,2022-10-10,14,527.45,10.27,28.83,5,0
CUST_2244,43,1,Female,Urban,Yearly,61.63,0,2022-06-02,18,358.28,8.82,26.08,8,0
CUST_2245,29,0,Female,Rural,Yearly,57.54,0,2019-06-07,54,614.79,9.26,30.25,12,0
CUST_2246,18,0,Female,Rural,Prepaid,67.64,0,2023-03-05,9,539.26,8.70,32.33,4,0
CUST_2247,37,0,Female,Rural,Monthly,42.55,0,2021-07-14,29,551.01,10.27,19.17,7,0
CUST_2248,45,0,Male,Rural,Monthly,51.26,0,2018-11-12,61,512.67,10.41,23.92,8,0
CUST_2249,60,0,Female,Urban,Monthly,37.17,0,2018-01-15,71,361.55,9.44,13.75,5,0
CUST_225,66,0,Female,Suburban,Monthly,62.17,0,2022-09-16,15,429.36,9.88,22.17,5,0
CUST_2250,54,0,Female,Suburban,Monthly,66.65,0,2022-06-22,18,488.42,10.88,29.00,4,0
CUST_2251,64,0,Male,Rural,Monthly,38.91,0,2020-09-30,39,683.54,9.86,24.83,8,0
CUST_2252,43,1,Female,Urban,Yearly,54.98,0,2022-07-19,17,445.67,10.48,26.17,12,1
CUST_2253,29,0,Female,Suburban,Monthly,43.19,0,2018-02-02,70,570.04,8.40,29.92,5,0
CUST_2254,54,0,Male,Rural,Monthly,67.12,0,2022-05-18,19,472.56,10.59,26.33,6,0
CUST_2255,43,1,Female,Suburban,Yearly,49.12,0,2018-01-31,71,475.34,11.38,20.83,5,0
CUST_2256,66,0,Male,Rural,Yearly,59.77,0,2020-05-01,43,572.93,11.54,18.33,11,0
CUST_2257,43,1,Female,Suburban,Prepaid,33.74,0,2019-12-02,48,364.78,8.96,29.50,1,0
CUST_2258,45,0,Male,Rural,Prepaid,40.53,0,2023-04-22,8,502.94,9.10,24.42,2,0
CUST_2259,43,1,Male,Rural,Monthly,59.11,0,2023-04-19,8,504.09,10.04,24.83,3,0
CUST_226,43,1,Female,Rural,Prepaid,33.91,0,2019-04-06,56,469.21,11.09,26.00,4,0
CUST_2260,32,0,Female,Suburban,Yearly,69.36,0,2020-05-27,43,466.55,9.70,22.08,5,0
CUST_2261,23,0,Male,Suburban,Prepaid,57.89,0,2022-11-13,13,397.80,9.43,33.00,4,0
CUST_2262,43,1,Male,Suburban,Monthly,85.74,0,2019-11-08,49,381.87,9.43,15.92,3,0
CUST_2263,43,1,Female,Urban,Prepaid,61.87,0,2022-03-04,21,460.95,10.94,21.83,4,0
CUST_2264,67,0,Female,Urban,Monthly,50.24,0,2022-07-16,17,542.90,10.13,35.08,11,1
CUST_2265,43,1,Male,Suburban,Yearly,45.19,0,2020-03-31,45,293.26,9.23,21.33,8,0
CUST_2266,19,0,Female,Urban,Monthly,77.26,0,2018-10-11,62,507.21,10.97,23.33,6,0
CUST_2267,43,1,Male,Rural,Monthly,62.11,0,2022-04-05,20,428.05,9.71,19.92,11,0
CUST_2268,54,0,Male,Suburban,Yearly,42.27,0,2022-04-09,20,329.57,9.58,30.17,8,0
CUST_2269,37,0,Female,Urban,Prepaid,40.12,0,2020-10-15,38,336.91,9.48,32.33,3,0
CUST_227,66,0,Female,Rural,Prepaid,71.89,0,2018-12-05,60,258.08,9.94,24.25,4,0
CUST_2270,43,0,Female,Suburban,Yearly,40.04,0,2022-03-27,21,517.07,10.78,23.25,2,0
CUST_2271,43,1,Male,Rural,Prepaid,57.67,0,2018-05-13,67,639.99,10.64,28.50,8,0
CUST_2272,18,0,Female,Rural,Monthly,27.23,0,2018-01-20,71,324.27,8.25,27.00,4,0
CUST_2273,52,0,Female,Urban,Monthly,42.34,0,2023-03-14,9,536.22,10.36,23.75,10,0
CUST_2274,23,0,Male,Rural,Monthly,54.46,0,2019-03-19,57,577.54,9.46,24.83,13,1
CUST_2275,43,1,Male,Suburban,Yearly,50.41,0,2023-01-28,11,562.21,7.93,23.67,4,0
CUST_2276,22,0,Male,Urban,Yearly,43.18,0,2020-06-04,42,742.42,10.90,25.25,4,0
CUST_2277,50,0,Male,Suburban,Yearly,60.42,0,2020-05-27,43,543.57,9.68,24.08,7,0
CUST_2278,66,0,Male,Suburban,Prepaid,60.35,0,2018-12-07,60,321.37,7.94,23.33,9,0
CUST_2279,68,0,Male,Suburban,Prepaid,46.75,0,2019-09-05,51,454.36,9.13,29.08,8,0
CUST_228,43,1,Female,Rural,Monthly,47.66,0,2022-09-28,15,600.20,10.17,24.33,7,0
CUST_2280,43,1,Female,Rural,Monthly,42.03,0,2021-03-12,33,444.31,10.00,32.08,4,0
CUST_2281,43,1,Male,Suburban,Yearly,62.97,0,2021-09-29,27,679.03,10.52,33.00,3,0
CUST_2282,59,0,Female,Rural,Monthly,47.62,0,2019-09-25,51,530.77,10.47,29.17,5,0
CUST_2283,37,0,Female,Suburban,Yearly,50.21,0,2020-01-04,47,510.11,9.79,21.75,5,0
CUST_2284,67,0,Male,Rural,Yearly,61.74,0,2019-01-01,59,325.98,9.70,22.92,9,0
CUST_2285,41,0,Female,Rural,Monthly,33.50,0,2019-09-22,51,393.49,11.82,27.25,7,0
CUST_2286,60,0,Male,Rural,Yearly,42.23,0,2018-06-29,66,568.66,9.67,25.08,4,0
CUST_2287,51,0,Female,Suburban,Yearly,46.09,0,2018-08-23,64,506.84,9.17,22.08,2,0
CUST_2288,42,0,Male,Suburban,Yearly,78.61,0,2019-04-09,56,420.75,10.13,27.17,5,0
CUST_2289,67,0,Male,Rural,Monthly,31.21,0,2020-10-22,38,528.41,9.77,23.67,3,0
CUST_229,43,1,Male,Suburban,Yearly,52.66,0,2023-01-19,11,444.61,10.74,20.58,7,0
CUST_2290,43,1,Male,Suburban,Yearly,50.60,0,2019-03-24,57,459.47,10.79,31.50,6,0
CUST_2291,56,0,Male,Rural,Prepaid,36.70,0,2020-10-21,38,572.15,9.13,29.75,2,0
CUST_2292,48,0,Female,Suburban,Monthly,84.64,0,2019-12-13,48,415.89,11.28,23.50,7,0
CUST_2293,64,0,Female,Rural,Prepaid,54.00,0,2023-05-25,7,550.19,10.29,27.83,5,0
CUST_2294,60,0,Female,Rural,Prepaid,35.70,0,2023-02-16,10,399.26,10.30,17.58,8,0
CUST_2295,43,1,Female,Urban,Yearly,25.31,0,2022-09-25,15,482.69,9.25,24.58,9,0
CUST_2296,40,0,Female,Suburban,Monthly,59.18,0,2020-10-12,38,598.59,10.04,21.42,8,0
CUST_2297,61,0,Male,Suburban,Prepaid,52.90,0,2019-05-23,55,528.25,10.60,29.58,7,0
CUST_2298,55,0,Male,Urban,Prepaid,59.54,0,2019-07-04,53,402.23,9.91,23.67,7,0
CUST_2299,43,1,Male,Rural,Yearly,34.90,0,2023-03-02,9,379.80,10.53,23.25,8,0
CUST_23,43,1,Female,Suburban,Monthly,42.31,0,2022-12-17,12,519.39,11.62,26.75,8,0
CUST_230,43,1,Female,Suburban,Prepaid,45.30,0,2019-01-17,59,623.12,10.60,24.17,4,0
CUST_2300,43,1,Male,Rural,Yearly,78.02,0,2022-01-20,23,432.03,11.57,23.92,6,0
CUST_2301,43,1,Male,Urban,Prepaid,51.23,0,2018-03-01,69,543.83,9.74,24.75,7,0
CUST_2302,43,1,Female,Urban,Yearly,56.37,0,2021-12-14,24,435.84,10.85,22.17,5,0
CUST_2303,33,0,Male,Rural,Prepaid,59.36,0,2019-03-02,57,617.30,10.76,17.50,2,0
CUST_2304,43,1,Male,Suburban,Monthly,51.54,0,2019-02-02,58,390.69,9.79,17.92,4,0
CUST_2305,59,0,Female,Urban,Monthly,69.58,0,2018-06-09,66,489.24,10.91,21.42,9,0
CUST_2306,25,0,Female,Urban,Yearly,42.05,0,2020-04-09,44,383.25,9.03,26.17,8,1
CUST_2307,67,0,Male,Urban,Yearly,65.33,0,2018-03-20,69,355.15,8.90,26.25,6,0
CUST_2308,38,0,Male,Urban,Prepaid,70.00,0,2019-09-07,51,434.81,9.51,28.00,12,0
CUST_2309,18,0,Female,Urban,Monthly,65.55,0,2021-10-28,26,255.95,8.69,25.25,6,0
CUST_231,40,0,Male,Suburban,Monthly,59.09,0,2021-04-24,32,708.58,10.53,25.67,10,0
CUST_2310,43,1,Male,Urban,Prepaid,71.52,0,2021-04-16,32,430.07,9.76,29.33,4,0
CUST_2311,46,0,Male,Rural,Monthly,39.04,0,2018-05-13,67,460.49,9.80,20.58,4,0
CUST_2312,43,1,Male,Rural,Monthly,57.45,0,2023-02-22,10,495.13,9.63,20.92,6,0
CUST_2313,55,0,Female,Urban,Prepaid,56.26,0,2019-11-08,49,616.55,9.68,11.42,3,0
CUST_2314,22,0,Male,Rural,Monthly,51.12,0,2022-01-08,23,545.11,9.86,28.50,7,0
CUST_2315,64,0,Male,Suburban,Prepaid,59.40,0,2021-05-24,31,515.77,9.35,21.92,11,1
CUST_2316,43,1,Female,Suburban,Monthly,68.11,0,2023-04-11,8,537.12,10.81,21.83,7,1
CUST_2317,64,0,Female,Urban,Monthly,39.16,0,2022-08-02,16,533.35,10.00,22.50,10,0
CUST_2318,43,1,Female,Suburban,Monthly,31.89,0,2020-04-15,44,391.21,9.23,31.17,10,0
CUST_2319,43,1,Male,Suburban,Yearly,46.92,0,2023-03-19,9,571.73,9.85,29.50,7,0
CUST_232,54,0,Male,Rural,Yearly,65.81,0,2019-03-30,57,461.54,9.97,23.92,5,0
CUST_2320,43,1,Female,Rural,Prepaid,12.73,0,2018-09-06,63,434.76,8.66,20.42,9,0
CUST_2321,43,1,Male,Rural,Monthly,48.96,0,2022-05-29,19,369.62,9.42,18.33,5,0
CUST_2322,27,0,Female,Rural,Monthly,71.44,0,2022-02-02,22,447.74,10.61,24.08,9,0
CUST_2323,47,0,Male,Rural,Prepaid,28.65,0,2022-01-16,23,742.14,10.36,25.33,3,0
CUST_2324,67,0,Female,Suburban,Prepaid,43.73,0,2022-11-28,13,312.11,10.82,23.33,6,0
CUST_2325,35,0,Male,Urban,Yearly,32.95,0,2021-07-29,29,539.65,7.97,25.08,6,0
CUST_2326,43,1,Male,Rural,Monthly,55.95,0,2022-08-28,16,490.25,10.24,27.58,7,0
CUST_2327,43,1,Female,Suburban,Monthly,59.55,0,2023-06-24,6,487.07,9.70,26.42,7,1
CUST_2328,25,0,Female,Rural,Monthly,50.32,0,2021-12-05,24,391.31,9.08,20.17,7,0
CUST_2329,64,0,Male,Suburban,Yearly,39.73,0,2020-05-05,43,594.32,10.74,28.50,4,0
CUST_233,49,0,Male,Rural,Prepaid,35.12,0,2022-04-01,20,590.55,10.52,25.50,4,0
CUST_2330,57,0,Female,Rural,Prepaid,52.85,0,2019-04-15,56,391.22,10.04,34.58,6,0
CUST_2331,43,1,Male,Urban,Yearly,68.56,0,2018-06-29,66,344.23,10.02,24.50,10,0
CUST_2332,29,0,Female,Rural,Prepaid,63.35,0,2023-05-14,7,523.96,9.86,17.58,12,0
CUST_2333,44,0,Female,Urban,Monthly,43.90,0,2019-06-05,54,398.94,10.48,20.58,5,0
CUST_2334,25,0,Male,Rural,Prepaid,45.14,0,2022-05-07,19,510.40,9.68,27.50,4,0
CUST_2335,43,1,Female,Rural,Yearly,44.72,0,2019-12-07,48,425.51,9.89,23.83,8,0
CUST_2336,63,0,Female,Rural,Monthly,57.36,0,2018-03-13,69,487.42,10.24,20.75,7,0
CUST_2337,43,1,Male,Suburban,Monthly,29.27,0,2021-08-22,28,583.83,9.77,21.50,7,0
CUST_2338,43,1,Male,Suburban,Prepaid,58.14,0,2018-03-09,69,620.07,10.53,26.25,4,0
CUST_2339,18,0,Female,Urban,Monthly,41.88,0,2019-04-07,56,474.13,9.79,24.25,9,0
CUST_234,50,0,Male,Urban,Monthly,48.96,0,2022-07-19,17,465.44,12.31,22.75,7,0
CUST_2340,43,1,Male,Urban,Prepaid,46.03,0,2018-05-01,67,409.80,10.34,23.75,6,0
CUST_2341,48,0,Female,Suburban,Monthly,39.04,0,2019-08-08,52,431.22,10.85,21.92,3,0
CUST_2342,43,1,Female,Urban,Yearly,60.97,0,2019-05-17,55,406.67,9.12,25.83,7,0
CUST_2343,43,1,Male,Urban,Monthly,41.11,0,2022-01-28,23,475.15,10.10,14.08,10,0
CUST_2344,43,1,Male,Suburban,Prepaid,35.61,0,2019-06-30,54,508.36,10.40,27.83,6,0
CUST_2345,22,0,Male,Suburban,Yearly,41.31,0,2019-02-15,58,338.73,10.13,28.50,2,0
CUST_2346,43,1,Male,Suburban,Yearly,33.77,0,2022-05-26,19,553.65,9.74,27.83,5,0
CUST_2347,43,0,Male,Suburban,Monthly,62.93,0,2022-12-20,12,676.92,9.33,16.75,6,0
CUST_2348,45,0,Male,Rural,Monthly,33.46,0,2022-03-16,21,610.34,9.96,19.67,7,0
CUST_2349,43,1,Female,Suburban,Yearly,49.35,0,2018-09-16,63,436.51,8.08,22.67,11,0
CUST_235,18,0,Female,Rural,Prepaid,52.55,0,2019-01-10,59,540.21,9.10,29.42,5,0
CUST_2350,43,1,Female,Urban,Monthly,40.24,0,2019-08-28,52,355.55,9.60,19.83,3,1
CUST_2351,23,0,Male,Rural,Monthly,73.53,0,2018-10-31,62,586.95,9.54,19.92,4,0
CUST_2352,26,0,Female,Rural,Monthly,56.34,0,2020-10-15,38,336.56,8.77,24.75,6,0
CUST_2353,50,0,Female,Urban,Prepaid,40.56,0,2021-04-24,32,482.84,10.65,27.25,9,0
CUST_2354,58,0,Female,Rural,Yearly,52.57,0,2022-08-19,16,419.77,10.62,21.50,9,0
CUST_2355,42,0,Female,Urban,Monthly,36.36,0,2020-06-20,42,437.39,9.60,36.33,7,0
CUST_2356,65,0,Male,Rural,Monthly,60.07,0,2020-06-18,42,472.96,8.52,16.58,5,0
CUST_2357,30,0,Female,Rural,Prepaid,52.52,0,2023-01-08,11,445.30,9.86,25.83,6,0
CUST_2358,26,0,Female,Urban,Prepaid,56.28,0,2021-09-13,27,423.88,8.45,24.33,1,0
CUST_2359,43,1,Male,Urban,Monthly,35.70,0,2022-11-05,13,651.20,8.16,20.00,7,0
CUST_236,36,0,Female,Rural,Yearly,56.54,0,2021-05-10,31,468.40,10.74,20.58,8,0
CUST_2360,48,0,Male,Urban,Monthly,29.24,0,2021-12-09,24,371.90,9.42,30.08,3,0
CUST_2361,43,1,Male,Urban,Monthly,25.05,0,2020-11-23,37,715.46,9.27,30.50,6,0
CUST_2362,43,1,Male,Suburban,Prepaid,26.18,0,2020-01-15,47,586.15,9.82,16.33,5,0
CUST_2363,43,1,Female,Suburban,Prepaid,50.16,0,2023-04-20,8,432.44,9.21,23.50,10,0
CUST_2364,51,0,Male,Urban,Monthly,78.83,0,2019-09-25,51,354.34,8.59,22.25,10,0
CUST_2365,55,0,Female,Suburban,Monthly,44.01,0,2022-04-04,20,374.24,9.02,27.67,3,0
CUST_2366,63,0,Female,Urban,Prepaid,41.32,0,2022-08-18,16,455.70,9.07,26.33,5,0
CUST_2367,21,0,Male,Urban,Prepaid,49.19,0,2022-03-21,21,634.82,9.32,19.42,12,0
CUST_2368,43,1,Male,Rural,Yearly,38.21,0,2019-11-27,49,505.00,10.01,24.08,8,0
CUST_2369,36,0,Male,Urban,Prepaid,30.77,0,2022-08-23,16,565.89,10.77,23.67,8,0
CUST_237,19,0,Female,Suburban,Yearly,45.63,0,2021-05-26,31,507.46,10.36,22.42,3,0
CUST_2370,23,0,Male,Urban,Yearly,40.18,0,2021-07-08,29,478.56,9.63,24.08,3,0
CUST_2371,43,1,Male,Urban,Prepaid,46.60,0,2020-01-04,47,366.68,10.14,24.33,7,0
CUST_2372,35,0,Male,Urban,Monthly,77.89,0,2022-02-28,22,350.74,10.24,16.58,8,0
CUST_2373,30,0,Female,Rural,Prepaid,42.67,0,2018-02-23,70,504.05,11.16,28.92,7,0
CUST_2374,43,1,Female,Urban,Yearly,52.92,0,2019-09-14,51,513.37,11.09,24.75,7,0
CUST_2375,40,0,Female,Rural,Prepaid,29.42,0,2018-12-30,60,567.17,8.70,32.75,10,0
CUST_2376,36,0,Female,Urban,Prepaid,60.41,0,2021-08-05,28,588.21,9.10,33.00,5,0
CUST_2377,62,0,Male,Rural,Prepaid,38.91,0,2020-11-07,37,555.05,8.97,30.42,8,0
CUST_2378,28,0,Male,Suburban,Yearly,33.06,0,2018-08-07,64,520.38,8.35,28.17,8,0
CUST_2379,43,1,Female,Rural,Yearly,34.58,0,2021-02-28,34,527.23,11.05,26.67,5,0
CUST_238,61,0,Female,Urban,Prepaid,43.52,0,2022-02-08,22,475.30,8.36,27.08,5,1
CUST_2380,41,0,Female,Rural,Prepaid,40.37,0,2019-05-30,55,300.69,12.08,22.67,2,0
CUST_2381,24,0,Female,Urban,Prepaid,32.66,0,2021-02-02,34,404.06,11.37,27.08,2,0
CUST_2382,42,0,Male,Rural,Monthly,54.37,0,2019-09-26,51,339.03,10.41,19.67,9,0
CUST_2383,43,1,Male,Rural,Yearly,33.73,0,2022-05-25,19,436.87,8.59,24.92,10,0
CUST_2384,32,0,Male,Urban,Monthly,59.69,0,2022-07-14,17,671.24,9.27,17.58,6,0
CUST_2385,18,0,Female,Suburban,Yearly,42.37,0,2021-09-30,27,508.87,8.98,32.17,3,0
CUST_2386,43,1,Female,Suburban,Prepaid,36.25,0,2021-06-12,30,721.42,10.74,22.92,6,0
CUST_2387,43,1,Male,Suburban,Prepaid,39.75,0,2018-06-11,66,593.46,9.37,21.67,7,0
CUST_2388,32,0,Male,Rural,Prepaid,34.77,0,2022-09-20,15,385.94,9.66,18.08,7,0
CUST_2389,38,0,Female,Urban,Monthly,50.32,0,2023-06-09,6,664.71,9.53,29.83,6,1
CUST_239,43,0,Male,Urban,Yearly,63.29,0,2021-04-19,32,463.27,9.37,30.00,3,0
CUST_2390,36,0,Female,Suburban,Monthly,41.82,0,2022-03-03,21,468.33,8.91,21.25,6,0
CUST_2391,46,0,Male,Suburban,Prepaid,66.67,0,2022-09-17,15,575.25,9.54,17.00,7,0
CUST_2392,43,1,Female,Suburban,Prepaid,15.42,0,2020-04-23,44,489.78,10.75,27.33,3,0
CUST_2393,50,0,Male,Suburban,Monthly,67.52,0,2019-09-25,51,294.34,9.98,32.00,5,0
CUST_2394,66,0,Male,Urban,Prepaid,39.91,0,2018-07-26,65,489.88,9.69,31.00,6,0
CUST_2395,49,0,Female,Suburban,Prepaid,74.01,0,2019-04-23,56,545.88,10.09,25.08,6,0
CUST_2396,66,0,Female,Rural,Yearly,51.81,0,2018-07-09,65,558.59,8.15,28.58,10,1
CUST_2397,43,1,Female,Rural,Prepaid,68.00,0,2021-11-08,25,369.74,9.75,26.50,5,0
CUST_2398,61,0,Male,Urban,Prepaid,48.86,0,2018-01-26,71,683.06,10.03,32.08,3,1
CUST_2399,43,1,Female,Suburban,Monthly,47.94,0,2020-03-29,45,664.35,10.63,21.17,6,0
CUST_24,38,0,Female,Urban,Prepaid,32.26,0,2018-07-02,65,383.81,10.64,28.00,1,0
CUST_240,49,0,Male,Urban,Yearly,57.63,0,2018-03-24,69,534.46,10.25,23.33,6,0
CUST_2400,43,0,Female,Suburban,Yearly,35.77,0,2019-12-26,48,545.78,9.33,30.83,3,0
CUST_2401,43,1,Male,Rural,Monthly,48.63,0,2021-09-24,27,428.96,9.20,22.58,7,1
CUST_2402,52,0,Male,Urban,Prepaid,35.00,0,2022-10-28,14,369.33,9.35,23.25,1,0
CUST_2403,25,0,Female,Rural,Yearly,52.81,0,2020-01-24,47,480.47,10.40,24.83,1,0
CUST_2404,63,0,Male,Urban,Monthly,52.42,0,2022-09-19,15,574.41,11.11,22.50,4,0
CUST_2405,31,0,Male,Urban,Prepaid,48.16,0,2021-11-04,25,360.27,8.15,26.17,6,0
CUST_2406,43,1,Male,Urban,Monthly,68.55,0,2019-01-13,59,683.90,9.97,25.83,10,0
CUST_2407,43,1,Female,Rural,Monthly,57.46,0,2020-02-11,46,451.10,11.12,22.50,5,1
CUST_2408,63,0,Female,Urban,Monthly,36.20,0,2019-02-24,58,442.20,10.72,25.08,5,0
CUST_2409,26,0,Male,Rural,Yearly,58.53,0,2022-08-03,16,598.08,9.74,24.25,10,0
CUST_241,23,0,Male,Suburban,Yearly,53.23,0,2021-09-21,27,370.22,10.42,21.67,3,0
CUST_2410,20,0,Male,Rural,Monthly,64.28,0,2021-12-02,24,556.36,9.39,19.67,3,0
CUST_2411,38,0,Male,Suburban,Yearly,14.08,0,2019-05-12,55,465.09,11.01,23.17,5,0
CUST_2412,43,1,Female,Rural,Monthly,33.76,0,2023-04-23,8,609.55,9.42,24.92,3,0
CUST_2413,25,0,Male,Rural,Prepaid,42.96,0,2019-07-06,53,472.04,9.81,29.50,6,0
CUST_2414,65,0,Male,Suburban,Monthly,37.79,0,2018-06-27,66,589.69,9.45,25.58,8,0
CUST_2415,19,0,Female,Suburban,Prepaid,59.57,0,2021-01-10,35,409.30,9.71,33.92,4,0
CUST_2416,43,1,Male,Suburban,Prepaid,36.70,0,2020-10-14,38,372.28,11.09,29.33,4,1
CUST_2417,43,1,Female,Urban,Monthly,35.08,0,2021-06-23,30,391.69,9.77,19.25,10,0
CUST_2418,46,0,Female,Urban,Monthly,53.58,0,2018-10-27,62,566.91,9.36,26.42,8,0
CUST_2419,43,1,Female,Suburban,Prepaid,46.54,0,2022-01-12,23,504.48,9.23,29.25,4,0
CUST_242,43,1,Female,Urban,Monthly,68.74,0,2018-10-12,62,528.04,9.60,19.58,3,0
CUST_2420,42,0,Male,Urban,Monthly,66.84,0,2020-03-29,45,478.57,8.16,23.08,3,0
CUST_2421,29,0,Male,Suburban,Prepaid,55.56,0,2021-08-09,28,430.48,10.72,23.42,3,0
CUST_2422,43,1,Female,Urban,Yearly,101.04,0,2021-10-27,26,481.44,10.56,20.25,6,1
CUST_2423,51,0,Male,Rural,Prepaid,33.64,0,2022-01-27,23,398.97,9.71,22.33,8,0
CUST_2424,65,0,Female,Urban,Monthly,27.07,0,2023-02-12,10,573.93,9.67,19.75,8,1
CUST_2425,54,0,Male,Urban,Monthly,70.64,0,2022-11-03,13,589.33,8.45,15.83,10,0
CUST_2426,32,0,Female,Rural,Monthly,96.00,0,2023-03-16,9,372.65,10.95,22.42,5,0
CUST_2427,43,1,Female,Suburban,Prepaid,46.65,0,2018-02-09,70,575.50,9.04,29.50,6,0
CUST_2428,53,0,Male,Urban,Monthly,45.23,0,2021-11-16,25,450.48,9.81,31.08,7,0
CUST_2429,32,0,Male,Urban,Yearly,51.91,0,2021-01-06,35,419.81,11.85,28.17,5,0
CUST_243,21,0,Male,Urban,Monthly,29.93,0,2019-11-14,49,434.92,9.48,25.08,5,0
CUST_2430,60,0,Male,Rural,Monthly,37.21,0,2019-03-25,57,433.29,10.56,29.58,8,0
CUST_2431,65,0,Male,Rural,Monthly,20.82,0,2022-06-24,18,570.48,10.69,26.75,5,0
CUST_2432,40,0,Female,Rural,Monthly,53.64,0,2021-06-11,30,401.17,10.24,32.67,5,0
CUST_2433,23,0,Female,Rural,Prepaid,50.14,0,2020-08-13,40,428.04,9.54,31.08,8,0
CUST_2434,43,1,Male,Suburban,Prepaid,29.25,0,2021-02-06,34,390.25,7.99,31.67,4,0
CUST_2435,43,1,Male,Urban,Yearly,40.74,0,2021-06-26,30,332.59,8.63,22.50,6,0
CUST_2436,43,1,Female,Urban,Yearly,28.91,0,2018-12-09,60,659.00,9.66,34.00,6,1
CUST_2437,60,0,Male,Urban,Monthly,55.57,0,2022-01-25,23,462.53,10.45,29.00,6,0
CUST_2438,62,0,Male,Urban,Monthly,248.00,0,2019-03-03,57,364.72,10.30,31.50,9,0
CUST_2439,43,1,Male,Suburban,Prepaid,52.43,0,2018-06-15,66,451.25,10.43,21.58,12,0
CUST_244,28,0,Male,Suburban,Prepaid,61.98,0,2019-04-17,56,765.01,8.16,21.75,10,0
CUST_2440,43,1,Male,Urban,Prepaid,57.80,0,2020-03-24,45,373.67,10.18,28.25,7,0
CUST_2441,43,1,Female,Suburban,Monthly,66.44,0,2020-05-15,43,522.79,9.90,33.75,8,0
CUST_2442,43,1,Female,Suburban,Yearly,52.67,0,2020-10-19,38,478.57,9.71,30.83,15,0
CUST_2443,64,0,Male,Rural,Monthly,59.23,0,2018-06-25,66,716.85,10.54,25.42,4,0
CUST_2444,43,1,Female,Rural,Prepaid,77.29,0,2018-09-05,63,420.77,10.05,27.83,8,0
CUST_2445,42,0,Male,Urban,Prepaid,64.50,0,2023-05-06,7,533.42,8.15,26.33,7,0
CUST_2446,53,0,Male,Suburban,Prepaid,53.27,0,2019-06-10,54,377.33,11.13,26.83,5,1
CUST_2447,28,0,Male,Rural,Monthly,52.35,0,2019-05-14,55,548.04,10.05,27.50,3,0
CUST_2448,68,0,Female,Suburban,Yearly,37.56,0,2020-08-22,40,534.56,7.41,27.83,4,0
CUST_2449,32,0,Female,Rural,Yearly,40.30,0,2018-10-10,62,703.96,9.75,26.33,6,0
CUST_245,34,0,Male,Urban,Prepaid,55.60,0,2019-01-28,59,555.77,9.34,29.50,4,0
CUST_2450,21,0,Female,Suburban,Yearly,48.52,0,2019-02-20,58,547.65,9.18,21.67,7,0
CUST_2451,38,0,Female,Urban,Monthly,44.70,0,2021-01-15,35,544.13,10.67,23.17,4,0
CUST_2452,30,0,Female,Urban,Monthly,78.28,0,2021-09-22,27,306.12,8.84,24.17,2,0
CUST_2453,39,0,Male,Suburban,Yearly,55.59,0,2023-04-30,8,702.33,10.62,24.58,2,0
CUST_2454,36,0,Male,Rural,Monthly,54.36,0,2022-01-01,23,693.90,9.82,26.17,9,0
CUST_2455,51,0,Female,Rural,Yearly,67.60,0,2020-07-27,41,386.99,8.63,26.17,4,0
CUST_2456,43,1,Female,Urban,Monthly,52.75,0,2018-12-24,60,491.15,11.75,23.42,7,0
CUST_2457,43,1,Female,Urban,Prepaid,45.86,0,2020-01-04,47,425.13,9.31,21.00,2,0
CUST_2458,65,0,Male,Urban,Monthly,53.87,0,2021-03-18,33,649.78,10.95,13.33,6,0
CUST_2459,69,0,Female,Rural,Prepaid,56.10,0,2020-08-04,40,735.98,10.44,25.92,7,0
CUST_246,55,0,Male,Rural,Monthly,28.18,0,2020-01-15,47,378.55,9.40,29.00,11,0
CUST_2460,63,0,Male,Rural,Prepaid,71.00,0,2022-04-25,20,573.16,11.23,21.92,9,0
CUST_2461,44,0,Male,Urban,Prepaid,29.64,0,2019-03-01,57,571.19,9.38,33.50,10,0
CUST_2462,46,0,Female,Suburban,Yearly,38.91,0,2020-05-08,43,384.64,8.79,24.58,9,0
CUST_2463,64,0,Male,Rural,Monthly,48.91,0,2018-04-25,68,447.90,10.76,32.33,2,0
CUST_2464,45,0,Male,Urban,Prepaid,64.06,0,2019-09-26,51,406.47,9.45,24.92,3,0
CUST_2465,43,1,Female,Suburban,Prepaid,61.81,0,2023-03-02,9,610.70,10.75,32.33,7,0
CUST_2466,43,1,Male,Rural,Monthly,51.63,0,2022-12-26,12,386.19,8.70,20.75,3,0
CUST_2467,33,0,Female,Suburban,Monthly,65.29,0,2019-10-30,50,392.23,10.24,24.42,6,0
CUST_2468,59,0,Male,Suburban,Monthly,39.89,0,2023-04-25,8,523.29,9.44,25.33,8,0
CUST_2469,53,0,Female,Rural,Monthly,78.25,0,2019-05-31,55,553.12,9.03,22.58,6,0
CUST_247,41,0,Female,Rural,Prepaid,67.49,0,2019-12-06,48,343.48,10.46,21.58,3,0
CUST_2470,47,0,Female,Urban,Monthly,37.46,0,2022-08-27,16,480.39,9.52,12.92,6,0
CUST_2471,35,0,Male,Suburban,Prepaid,24.29,0,2022-10-08,14,431.50,10.28,30.58,4,0
CUST_2472,43,1,Female,Urban,Monthly,59.08,0,2022-01-26,23,476.19,9.05,29.25,8,0
CUST_2473,43,1,Male,Rural,Prepaid,28.50,0,2021-07-02,29,390.84,10.22,22.58,12,0
CUST_2474,43,1,Male,Suburban,Prepaid,42.37,0,2021-01-10,35,464.37,9.25,18.33,6,0
CUST_2475,21,0,Female,Suburban,Prepaid,47.85,0,2018-04-26,68,465.49,10.72,26.17,7,0
CUST_2476,43,1,Male,Suburban,Monthly,56.22,0,2018-06-16,66,501.20,9.65,23.75,7,0
CUST_2477,42,0,Female,Suburban,Yearly,65.19,0,2021-07-19,29,424.63,10.90,28.33,7,0
CUST_2478,43,1,Male,Suburban,Monthly,29.75,0,2023-03-12,9,542.07,9.87,22.92,11,0
CUST_2479,43,1,Male,Rural,Monthly,33.12,0,2020-11-22,37,433.20,11.06,23.33,12,0
CUST_248,22,0,Male,Rural,Monthly,58.85,0,2022-06-09,18,661.33,10.16,23.58,3,0
CUST_2480,24,0,Female,Suburban,Monthly,101.20,0,2021-05-25,31,542.86,9.15,25.17,3,0
CUST_2481,43,1,Male,Rural,Prepaid,46.83,0,2021-10-23,26,624.00,9.62,21.75,10,0
CUST_2482,61,0,Male,Urban,Prepaid,25.35,0,2020-03-17,45,422.21,10.00,24.67,8,0
CUST_2483,27,0,Male,Rural,Yearly,34.87,0,2021-10-30,26,460.85,11.02,25.83,6,0
CUST_2484,56,0,Male,Suburban,Prepaid,42.09,0,2019-07-31,53,363.73,8.82,19.67,6,0
CUST_2485,30,0,Male,Urban,Monthly,50.07,0,2018-02-24,70,383.57,9.48,30.83,9,0
CUST_2486,43,1,Male,Rural,Prepaid,67.89,0,2023-03-27,9,533.64,10.19,22.92,4,0
CUST_2487,24,0,Male,Rural,Yearly,74.51,0,2019-03-23,57,478.50,10.36,24.50,3,0
CUST_2488,66,0,Male,Rural,Yearly,37.63,0,2019-03-17,57,422.29,8.87,24.58,6,0
CUST_2489,59,0,Female,Suburban,Prepaid,41.48,0,2021-10-27,26,577.99,12.36,27.08,2,0
CUST_249,69,0,Male,Rural,Monthly,60.85,0,2021-01-24,35,363.55,9.60,27.08,6,0
CUST_2490,43,1,Male,Suburban,Monthly,52.23,0,2020-12-21,36,692.66,8.76,22.92,8,0
CUST_2491,43,1,Male,Rural,Prepaid,39.11,0,2021-02-08,34,240.72,9.17,18.75,5,0
CUST_2492,43,1,Female,Rural,Monthly,67.89,0,2020-05-30,43,530.50,9.42,22.42,5,0
CUST_2493,43,1,Female,Urban,Prepaid,87.00,0,2020-03-11,45,677.46,10.24,24.83,5,0
CUST_2494,24,0,Female,Suburban,Prepaid,50.32,0,2019-05-04,55,394.06,9.56,25.75,3,0
CUST_2495,18,0,Male,Suburban,Prepaid,54.93,0,2020-07-28,41,509.55,8.37,20.00,6,0
CUST_2496,43,1,Female,Urban,Yearly,41.21,0,2021-12-29,24,540.68,10.41,28.33,6,0
CUST_2497,43,1,Female,Rural,Yearly,55.04,0,2021-01-23,35,456.00,8.45,25.58,8,0
CUST_2498,59,0,Male,Rural,Prepaid,34.10,0,2020-07-06,41,460.52,10.09,28.92,9,0
CUST_2499,64,0,Male,Urban,Monthly,35.76,0,2020-03-17,45,438.04,10.20,16.83,5,0
CUST_25,50,0,Male,Suburban,Prepaid,45.10,0,2022-05-17,19,473.17,8.60,26.58,4,0
CUST_250,51,0,Female,Rural,Yearly,45.45,0,2022-02-03,22,490.65,8.47,17.08,6,0
CUST_2500,30,0,Female,Rural,Prepaid,22.75,0,2021-01-17,35,512.01,8.77,20.67,5,0
CUST_2501,43,1,Female,Rural,Prepaid,62.24,0,2018-02-17,70,510.95,8.84,19.75,7,0
CUST_2502,43,1,Male,Urban,Yearly,70.83,0,2018-06-22,66,443.03,8.74,18.67,8,0
CUST_2503,39,0,Male,Urban,Prepaid,65.46,0,2023-05-31,7,467.15,7.79,20.17,5,0
CUST_2504,45,0,Male,Urban,Monthly,51.41,0,2022-03-30,21,474.44,9.21,27.25,5,0
CUST_2505,26,0,Male,Rural,Monthly,45.30,0,2023-03-24,9,728.81,9.42,20.25,7,0
CUST_2506,43,1,Male,Urban,Prepaid,48.61,0,2021-10-14,26,599.14,10.19,19.00,3,0
CUST_2507,26,0,Female,Rural,Monthly,34.71,0,2018-04-27,68,453.77,8.35,29.00,4,0
CUST_2508,32,0,Male,Suburban,Yearly,64.11,0,2020-06-21,42,550.92,10.28,18.42,6,0
CUST_2509,27,0,Male,Suburban,Monthly,65.73,0,2020-07-08,41,488.47,7.06,23.67,11,0
CUST_251,43,1,Female,Rural,Yearly,61.44,0,2018-10-11,62,351.27,10.75,23.42,8,0
CUST_2510,41,0,Male,Urban,Prepaid,34.06,0,2019-03-29,57,486.47,9.79,29.92,4,0
CUST_2511,59,0,Male,Rural,Yearly,35.99,0,2019-01-12,59,301.45,9.78,23.08,6,0
CUST_2512,25,0,Male,Rural,Yearly,30.11,0,2019-03-03,57,536.20,11.03,24.42,3,0
CUST_2513,41,0,Female,Rural,Prepaid,46.18,0,2018-04-15,68,542.68,9.04,25.67,10,0
CUST_2514,43,1,Male,Urban,Prepaid,49.67,0,2023-05-15,7,480.43,10.12,19.83,8,0
CUST_2515,43,1,Female,Rural,Prepaid,51.00,0,2022-06-20,18,332.06,10.13,27.08,5,0
CUST_2516,43,0,Male,Rural,Prepaid,30.02,0,2018-01-20,71,474.87,10.97,26.83,3,0
CUST_2517,44,0,Female,Rural,Monthly,39.02,0,2019-07-05,53,439.50,9.36,22.17,6,0
CUST_2518,43,1,Female,Suburban,Prepaid,39.04,0,2019-04-06,56,438.33,9.23,24.17,3,0
CUST_2519,43,1,Male,Rural,Prepaid,60.96,0,2018-02-08,70,564.19,11.56,16.25,6,0
CUST_252,39,0,Female,Rural,Prepaid,39.04,0,2022-10-15,14,504.08,11.07,23.42,8,0
CUST_2520,67,0,Male,Suburban,Prepaid,35.06,0,2022-09-16,15,537.90,10.31,24.25,7,0
CUST_2521,43,1,Male,Rural,Monthly,50.82,0,2019-07-13,53,386.46,9.13,19.25,4,0
CUST_2522,36,0,Male,Rural,Monthly,39.37,0,2020-01-29,47,460.32,10.64,25.92,6,0
CUST_2523,53,0,Male,Rural,Monthly,47.13,0,2022-12-10,12,444.22,9.10,21.75,5,0
CUST_2524,56,0,Female,Suburban,Prepaid,64.18,0,2022-02-12,22,549.04,9.95,30.17,8,0
CUST_2525,43,1,Male,Rural,Monthly,31.42,0,2018-06-25,66,453.87,9.40,27.42,5,0
CUST_2526,42,0,Male,Urban,Prepaid,10.89,0,2020-05-01,43,299.60,10.35,26.17,6,0
CUST_2527,43,1,Female,Rural,Yearly,29.92,0,2021-05-28,31,414.61,10.10,26.00,3,1
CUST_2528,43,1,Male,Suburban,Prepaid,56.26,0,2019-09-20,51,546.98,9.63,20.33,6,0
CUST_2529,43,1,Female,Suburban,Prepaid,32.04,0,2022-11-25,13,357.37,9.59,21.08,5,0
CUST_253,43,1,Male,Rural,Monthly,29.82,0,2018-04-28,68,505.76,8.53,27.50,8,0
CUST_2530,43,1,Male,Urban,Prepaid,39.31,0,2019-05-18,55,619.18,9.50,26.75,7,0
CUST_2531,43,1,Female,Urban,Prepaid,56.81,0,2022-04-11,20,478.84,10.44,24.75,4,0
CUST_2532,67,0,Male,Urban,Prepaid,62.06,0,2021-04-10,32,580.30,9.91,21.42,10,0
CUST_2533,43,1,Female,Suburban,Monthly,65.49,0,2021-07-19,29,466.74,8.60,27.58,6,0
CUST_2534,64,0,Female,Rural,Yearly,58.31,0,2020-12-17,36,431.08,9.78,26.08,5,0
CUST_2535,66,0,Male,Rural,Prepaid,33.11,0,2023-05-18,7,608.24,9.61,22.92,5,0
CUST_2536,52,0,Male,Urban,Monthly,74.09,0,2018-04-08,68,391.51,10.38,26.08,1,0
CUST_2537,61,0,Male,Urban,Monthly,35.86,0,2021-07-08,29,653.40,9.29,20.92,7,0
CUST_2538,43,1,Female,Rural,Prepaid,40.46,0,2021-10-03,26,575.23,10.25,22.25,3,0
CUST_2539,43,1,Female,Urban,Prepaid,49.92,0,2018-07-30,65,400.99,9.78,25.67,9,0
CUST_254,43,1,Male,Rural,Monthly,49.80,0,2018-05-17,67,310.08,11.75,30.50,5,0
CUST_2540,43,1,Female,Rural,Prepaid,54.18,0,2019-03-09,57,634.47,11.21,22.33,8,0
CUST_2541,43,1,Male,Rural,Yearly,71.58,0,2018-01-18,71,622.28,11.80,26.00,7,0
CUST_2542,39,0,Male,Rural,Yearly,40.51,0,2019-08-30,52,384.66,8.72,16.17,7,0
CUST_2543,43,1,Female,Rural,Prepaid,55.71,0,2022-11-16,13,405.65,9.41,24.08,7,1
CUST_2544,43,1,Male,Suburban,Prepaid,40.59,0,2020-09-17,39,493.23,8.55,24.50,5,0
CUST_2545,32,0,Female,Rural,Monthly,74.11,0,2018-08-28,64,482.99,9.58,25.17,7,0
CUST_2546,52,0,Male,Urban,Monthly,56.41,0,2021-12-06,24,404.81,10.19,30.58,4,1
CUST_2547,43,1,Male,Urban,Monthly,69.34,0,2023-05-06,7,624.27,8.82,29.92,9,1
CUST_2548,43,1,Female,Urban,Prepaid,32.71,0,2023-03-31,9,707.68,11.50,26.00,6,0
CUST_2549,43,1,Male,Urban,Yearly,41.58,0,2018-11-07,61,567.86,10.85,29.50,4,1
CUST_255,33,0,Male,Suburban,Prepaid,60.13,0,2023-08-06,4,112.03,10.26,16.50,9,0
CUST_2550,28,0,Male,Suburban,Monthly,53.73,0,2018-08-18,64,421.70,9.85,26.33,8,0
CUST_2551,27,0,Male,Rural,Prepaid,69.58,0,2018-08-25,64,460.87,11.04,26.67,4,0
CUST_2552,26,0,Male,Rural,Monthly,64.88,0,2020-07-11,41,526.36,11.15,24.83,6,0
CUST_2553,31,0,Male,Urban,Prepaid,72.51,0,2022-09-15,15,511.65,10.47,27.33,9,1
CUST_2554,30,0,Female,Urban,Prepaid,70.12,0,2020-10-14,38,480.31,8.38,20.50,8,0
CUST_2555,42,0,Male,Urban,Monthly,61.68,0,2019-12-07,48,399.91,8.19,20.25,5,0
CUST_2556,43,1,Female,Rural,Prepaid,52.30,0,2018-09-10,63,623.07,9.70,21.42,8,0
CUST_2557,43,1,Male,Suburban,Monthly,33.28,0,2018-05-30,67,327.49,9.25,24.92,8,0
CUST_2558,43,1,Male,Suburban,Prepaid,17.83,0,2018-01-31,71,670.07,9.33,16.50,7,1
CUST_2559,43,1,Female,Suburban,Monthly,51.87,0,2018-02-15,70,537.42,12.11,26.33,8,0
CUST_256,50,0,Male,Suburban,Prepaid,65.22,0,2018-05-24,67,346.76,9.57,22.50,5,0
CUST_2560,35,0,Female,Suburban,Prepaid,62.04,0,2021-12-05,24,567.49,10.44,18.33,9,0
CUST_2561,20,0,Male,Urban,Monthly,9.14,0,2023-04-05,8,454.69,10.84,22.33,4,0
CUST_2562,59,0,Male,Rural,Prepaid,32.39,0,2022-02-08,22,463.55,11.12,26.58,6,0
CUST_2563,43,1,Female,Urban,Prepaid,34.75,0,2019-01-10,59,510.65,11.03,23.58,5,0
CUST_2564,58,0,Female,Suburban,Monthly,47.19,0,2020-11-08,37,610.79,11.06,30.92,7,0
CUST_2565,66,0,Female,Urban,Monthly,51.55,0,2021-05-13,31,444.33,10.13,23.42,7,0
CUST_2566,43,1,Female,Suburban,Monthly,66.22,0,2022-03-16,21,562.93,9.83,24.08,1,0
CUST_2567,56,0,Male,Rural,Monthly,30.26,0,2018-09-10,63,312.67,9.40,24.08,7,0
CUST_2568,43,1,Male,Suburban,Yearly,55.16,0,2019-04-19,56,557.47,10.85,33.83,7,0
CUST_2569,63,0,Male,Urban,Prepaid,29.19,0,2020-03-02,45,464.37,10.39,20.58,6,0
CUST_257,26,0,Female,Rural,Yearly,52.26,0,2018-10-06,62,408.43,7.86,21.00,6,0
CUST_2570,36,0,Male,Rural,Monthly,62.54,0,2021-06-07,30,553.97,10.45,22.17,4,0
CUST_2571,43,1,Male,Suburban,Monthly,42.78,0,2021-12-30,24,334.98,10.50,27.58,8,0
CUST_2572,43,0,Female,Suburban,Monthly,31.82,0,2018-02-13,70,554.32,9.78,26.25,5,0
CUST_2573,55,0,Female,Rural,Monthly,39.92,0,2023-04-20,8,495.77,10.42,26.33,5,0
CUST_2574,43,1,Female,Urban,Yearly,33.27,0,2020-09-27,39,581.09,9.29,26.50,6,0
CUST_2575,49,0,Male,Rural,Monthly,51.38,0,2020-04-03,44,434.01,10.08,20.75,5,0
CUST_2576,56,0,Female,Urban,Yearly,59.36,0,2022-05-18,19,518.77,9.53,19.33,6,0
CUST_2577,62,0,Male,Suburban,Prepaid,65.47,0,2021-07-03,29,618.40,9.41,26.00,2,0
CUST_2578,63,0,Male,Suburban,Monthly,42.22,0,2020-10-25,38,586.13,9.38,26.83,9,0
CUST_2579,53,0,Male,Rural,Prepaid,70.82,0,2019-07-05,53,396.57,9.48,17.58,11,0
CUST_258,43,1,Male,Suburban,Prepaid,51.10,0,2022-01-30,23,581.58,10.12,21.58,5,0
CUST_2580,57,0,Female,Suburban,Prepaid,49.63,0,2020-03-04,45,422.67,10.17,27.67,7,0
CUST_2581,43,1,Male,Rural,Monthly,68.98,0,2020-08-29,40,481.06,8.92,17.25,5,0
CUST_2582,43,1,Male,Suburban,Monthly,47.64,0,2023-02-05,10,449.78,10.78,32.17,3,0
CUST_2583,53,0,Female,Suburban,Prepaid,46.54,0,2022-10-25,14,524.09,10.53,24.33,6,0
CUST_2584,20,0,Male,Urban,Prepaid,58.68,0,2022-07-16,17,543.41,8.15,23.42,7,0
CUST_2585,43,1,Female,Rural,Monthly,54.62,0,2021-03-10,33,522.23,10.15,20.58,4,0
CUST_2586,43,1,Male,Rural,Monthly,41.69,0,2021-04-25,32,465.26,9.09,18.92,10,0
CUST_2587,43,1,Female,Suburban,Prepaid,67.33,0,2021-09-29,27,478.16,9.94,22.92,2,0
CUST_2588,43,1,Male,Urban,Prepaid,35.65,0,2022-05-10,19,613.15,8.99,22.75,5,0
CUST_2589,43,1,Male,Urban,Monthly,58.68,0,2021-04-29,32,489.23,11.25,21.75,6,0
CUST_259,43,1,Male,Suburban,Yearly,65.21,0,2018-02-20,70,400.70,9.95,19.75,7,0
CUST_2590,43,1,Female,Rural,Monthly,58.02,0,2018-12-01,60,386.68,10.71,21.58,7,0
CUST_2591,43,1,Male,Rural,Prepaid,65.97,0,2018-09-28,63,588.30,10.00,28.25,8,0
CUST_2592,43,1,Female,Suburban,Prepaid,66.26,0,2018-04-20,68,518.82,10.72,29.33,3,1
CUST_2593,66,0,Male,Rural,Prepaid,47.27,0,2021-03-10,33,472.67,9.91,33.25,11,1
CUST_2594,19,0,Female,Suburban,Yearly,50.49,0,2019-04-20,56,600.88,10.14,24.83,10,0
CUST_2595,22,0,Male,Urban,Monthly,49.49,0,2021-05-07,31,344.97,10.47,24.08,2,0
CUST_2596,61,0,Male,Rural,Prepaid,76.18,0,2019-11-22,49,672.29,10.04,19.75,6,0
CUST_2597,44,0,Male,Urban,Yearly,298.80,0,2018-10-16,62,684.26,10.06,25.58,8,0
CUST_2598,43,1,Female,Urban,Prepaid,65.66,0,2018-10-06,62,578.46,8.64,23.00,7,0
CUST_2599,43,1,Female,Suburban,Prepaid,46.23,0,2019-06-14,54,540.33,10.51,24.33,7,0
CUST_26,29,0,Female,Suburban,Monthly,70.63,0,2018-10-26,62,476.59,10.10,24.33,6,0
CUST_260,46,0,Female,Rural,Yearly,44.99,0,2022-04-16,20,348.43,8.26,24.33,5,0
CUST_2600,25,0,Female,Urban,Yearly,33.10,0,2023-06-06,6,634.31,10.50,28.58,5,0
CUST_2601,55,0,Female,Suburban,Yearly,35.97,0,2021-01-06,35,479.16,10.55,27.75,4,1
CUST_2602,25,0,Female,Suburban,Monthly,65.19,0,2020-05-04,43,416.29,10.63,29.75,7,0
CUST_2603,67,0,Male,Urban,Monthly,39.03,0,2023-01-28,11,372.17,7.91,25.33,7,0
CUST_2604,20,0,Male,Urban,Prepaid,97.93,0,2021-05-05,31,469.77,8.95,27.42,3,0
CUST_2605,61,0,Male,Suburban,Yearly,43.92,0,2022-06-24,18,541.74,9.63,19.42,7,0
CUST_2606,20,0,Male,Suburban,Monthly,55.27,0,2022-03-22,21,515.73,10.44,23.00,4,0
CUST_2607,39,0,Male,Urban,Prepaid,55.24,0,2019-11-19,49,515.83,9.14,21.67,5,0
CUST_2608,23,0,Female,Suburban,Monthly,52.69,0,2022-01-17,23,407.46,12.39,19.92,5,0
CUST_2609,43,1,Male,Suburban,Yearly,31.70,0,2022-08-31,16,421.81,9.75,28.33,5,0
CUST_261,20,0,Female,Rural,Monthly,41.57,0,2021-12-20,24,563.36,10.76,23.08,4,0
CUST_2610,40,0,Female,Rural,Yearly,53.72,0,2020-07-24,41,634.48,11.28,22.83,11,0
CUST_2611,43,1,Male,Rural,Monthly,53.58,0,2022-07-15,17,343.13,10.24,28.00,6,0
CUST_2612,19,0,Female,Rural,Monthly,45.51,0,2021-12-27,24,648.03,10.50,29.50,7,0
CUST_2613,55,0,Female,Rural,Prepaid,77.77,0,2019-05-13,55,469.07,10.18,24.25,5,0
CUST_2614,34,0,Female,Rural,Monthly,25.07,0,2022-04-26,20,437.60,7.91,27.50,7,0
CUST_2615,52,0,Male,Suburban,Monthly,27.33,0,2018-04-06,68,561.78,9.73,25.67,10,0
CUST_2616,43,1,Male,Suburban,Prepaid,61.31,0,2022-01-31,23,575.04,8.49,28.17,4,0
CUST_2617,43,1,Male,Rural,Yearly,48.69,0,2022-06-29,18,577.81,7.93,37.92,7,1
CUST_2618,47,0,Male,Urban,Yearly,36.80,0,2021-01-29,35,503.16,10.95,16.92,7,0
CUST_2619,69,0,Female,Rural,Prepaid,52.93,0,2019-04-17,56,455.99,9.13,24.42,2,0
CUST_262,37,0,Female,Suburban,Yearly,74.27,0,2019-01-03,59,641.92,8.65,25.42,3,1
CUST_2620,25,0,Female,Urban,Yearly,64.39,0,2021-07-16,29,611.61,10.23,15.92,12,0
CUST_2621,43,1,Female,Suburban,Monthly,25.54,0,2020-09-09,39,351.89,10.44,26.25,6,1
CUST_2622,61,0,Female,Urban,Monthly,60.84,0,2019-02-12,58,514.70,9.97,16.75,8,0
CUST_2623,43,1,Male,Suburban,Yearly,54.96,0,2022-11-12,13,369.79,7.19,23.42,8,0
CUST_2624,22,0,Female,Urban,Prepaid,46.56,0,2022-12-13,12,661.48,10.23,26.00,6,0
CUST_2625,30,0,Male,Suburban,Monthly,53.68,0,2023-05-26,7,550.82,9.11,21.25,7,0
CUST_2626,46,0,Female,Suburban,Prepaid,53.94,0,2018-04-01,68,557.28,11.46,21.00,6,0
CUST_2627,48,0,Female,Rural,Monthly,58.25,0,2019-09-23,51,701.98,9.75,25.67,6,0
CUST_2628,43,1,Female,Suburban,Monthly,35.22,0,2022-10-17,14,402.67,10.09,19.92,4,0
CUST_2629,43,1,Male,Rural,Prepaid,66.31,0,2021-04-20,32,406.91,11.18,27.00,7,0
CUST_263,53,0,Male,Rural,Prepaid,45.83,0,2022-12-21,12,614.84,10.00,24.42,3,0
CUST_2630,59,0,Male,Rural,Prepaid,64.88,0,2020-09-09,39,617.18,11.54,26.25,6,0
CUST_2631,43,1,Female,Rural,Prepaid,65.33,0,2018-11-15,61,437.65,11.28,28.67,5,0
CUST_2632,33,0,Female,Urban,Prepaid,24.12,0,2022-07-24,17,528.77,8.64,24.83,6,0
CUST_2633,43,1,Female,Urban,Prepaid,67.17,0,2023-04-10,8,402.64,10.21,28.67,10,0
CUST_2634,43,1,Male,Suburban,Monthly,44.47,0,2019-12-18,48,660.43,9.65,19.17,7,0
CUST_2635,43,1,Male,Rural,Yearly,57.96,0,2021-02-06,34,445.65,9.92,27.33,4,1
CUST_2636,29,0,Male,Rural,Yearly,20.27,0,2023-05-13,7,539.70,11.97,28.83,7,1
CUST_2637,25,0,Female,Suburban,Yearly,39.75,0,2021-04-27,32,614.96,10.41,23.92,3,0
CUST_2638,37,0,Male,Rural,Yearly,62.61,0,2018-02-10,70,454.71,9.89,22.25,8,0
CUST_2639,43,1,Female,Suburban,Prepaid,57.89,0,2018-03-14,69,488.65,8.06,25.33,6,0
CUST_264,43,1,Male,Rural,Yearly,63.75,0,2022-08-12,16,424.95,10.84,25.75,6,0
CUST_2640,43,1,Male,Rural,Monthly,33.80,0,2020-06-27,42,555.00,9.85,19.00,6,0
CUST_2641,47,0,Female,Urban,Monthly,60.20,0,2021-08-16,28,568.76,10.62,27.25,7,0
CUST_2642,62,0,Female,Suburban,Prepaid,37.76,0,2022-12-08,12,353.56,10.35,27.58,5,0
CUST_2643,43,1,Male,Suburban,Monthly,46.01,0,2018-02-02,70,509.05,11.07,30.75,7,0
CUST_2644,43,1,Female,Urban,Monthly,32.45,0,2018-07-15,65,445.08,10.67,24.50,4,0
CUST_2645,68,0,Female,Suburban,Yearly,55.15,0,2018-02-01,70,533.89,10.68,29.67,9,0
CUST_2646,43,1,Female,Urban,Monthly,66.31,0,2022-07-23,17,636.45,10.62,22.83,4,0
CUST_2647,43,1,Male,Rural,Yearly,63.27,0,2019-03-17,57,499.65,10.78,25.17,8,0
CUST_2648,37,0,Female,Urban,Prepaid,36.38,0,2023-04-24,8,447.34,8.16,25.00,10,0
CUST_2649,57,0,Male,Urban,Prepaid,49.31,0,2018-10-02,62,379.80,9.80,27.67,6,0
CUST_265,43,0,Male,Rural,Yearly,70.39,0,2022-06-24,18,386.68,8.96,26.75,4,0
CUST_2650,61,0,Male,Suburban,Yearly,26.41,0,2018-01-04,71,473.68,11.30,32.00,9,0
CUST_2651,43,1,Female,Rural,Prepaid,70.47,0,2021-02-27,34,604.13,11.05,19.50,8,0
CUST_2652,43,1,Male,Urban,Prepaid,50.29,0,2021-07-01,29,525.95,11.08,25.67,5,0
CUST_2653,38,0,Female,Rural,Monthly,59.75,0,2020-11-01,37,388.94,8.72,26.42,8,0
CUST_2654,43,1,Male,Urban,Yearly,52.99,0,2021-02-09,34,536.38,10.02,26.50,6,0
CUST_2655,43,1,Female,Suburban,Prepaid,40.61,0,2019-10-13,50,472.91,9.16,27.75,6,0
CUST_2656,43,1,Male,Urban,Prepaid,41.69,0,2018-07-09,65,479.39,8.96,27.42,9,0
CUST_2657,43,1,Female,Urban,Monthly,56.84,0,2018-09-14,63,441.09,9.73,28.83,7,0
CUST_2658,25,0,Female,Rural,Monthly,74.55,0,2023-04-12,8,372.01,8.59,30.00,5,0
CUST_2659,56,0,Female,Urban,Prepaid,44.86,0,2020-12-02,36,556.87,10.86,21.58,3,0
CUST_266,20,0,Male,Rural,Prepaid,53.15,0,2019-11-22,49,545.99,10.19,28.00,11,0
CUST_2660,49,0,Female,Suburban,Yearly,67.61,0,2019-03-04,57,523.50,11.66,23.17,3,0
CUST_2661,50,0,Male,Suburban,Monthly,63.84,0,2019-06-21,54,666.95,7.15,20.17,9,0
CUST_2662,33,0,Male,Urban,Yearly,45.21,0,2019-10-30,50,429.69,10.67,21.50,6,0
CUST_2663,29,0,Female,Urban,Prepaid,66.50,0,2023-04-11,8,653.56,9.18,26.67,11,1
CUST_2664,55,0,Male,Rural,Monthly,65.29,0,2018-11-02,61,586.38,9.85,19.67,4,0
CUST_2665,69,0,Female,Rural,Yearly,17.82,0,2020-07-02,41,558.98,10.77,25.17,12,0
CUST_2666,51,0,Female,Suburban,Monthly,302.60,0,2021-07-19,29,672.17,7.55,17.92,11,0
CUST_2667,31,0,Male,Rural,Prepaid,69.21,0,2018-02-15,70,688.28,10.42,20.92,6,0
CUST_2668,53,0,Male,Urban,Yearly,32.49,0,2020-05-06,43,398.98,9.82,21.17,5,0
CUST_2669,43,1,Female,Suburban,Monthly,30.29,0,2020-01-21,47,478.74,11.89,23.25,5,0
CUST_267,43,1,Male,Suburban,Monthly,53.96,0,2023-03-20,9,609.99,11.09,21.58,6,0
CUST_2670,40,0,Male,Rural,Yearly,53.12,0,2022-05-19,19,619.87,8.72,20.00,7,0
CUST_2671,43,1,Female,Suburban,Prepaid,73.68,0,2021-10-21,26,574.58,9.96,23.50,6,0
CUST_2672,62,0,Male,Urban,Monthly,33.68,0,2020-11-06,37,452.58,11.68,29.67,10,1
CUST_2673,19,0,Male,Rural,Yearly,26.33,0,2021-03-08,33,339.73,9.67,24.33,7,0
CUST_2674,58,0,Male,Urban,Monthly,43.20,0,2021-06-07,30,548.62,10.71,27.58,3,0
CUST_2675,43,1,Male,Urban,Prepaid,41.11,0,2021-05-07,31,509.96,10.15,22.17,3,0
CUST_2676,19,0,Male,Suburban,Prepaid,24.93,0,2020-03-14,45,495.61,10.27,24.17,4,0
CUST_2677,44,0,Female,Suburban,Prepaid,41.24,0,2021-08-17,28,512.54,11.00,21.50,6,0
CUST_2678,43,1,Male,Suburban,Prepaid,55.23,0,2021-10-14,26,431.49,9.82,33.00,10,0
CUST_2679,18,0,Male,Rural,Monthly,77.84,0,2018-04-20,68,552.04,8.63,23.08,3,0
CUST_268,37,0,Female,Urban,Monthly,76.97,0,2022-01-15,23,351.03,11.28,24.50,2,0
CUST_2680,28,0,Female,Rural,Prepaid,58.42,0,2019-04-20,56,450.42,8.01,28.08,8,0
CUST_2681,20,0,Female,Suburban,Prepaid,62.09,0,2020-04-10,44,388.52,9.18,21.92,9,0
CUST_2682,43,1,Female,Rural,Prepaid,33.68,0,2021-01-15,35,623.21,10.32,21.50,6,0
CUST_2683,40,0,Male,Rural,Monthly,48.58,0,2022-02-13,22,510.22,10.57,25.58,6,0
CUST_2684,43,0,Male,Suburban,Monthly,46.70,0,2022-08-17,16,519.42,8.94,23.58,7,0
CUST_2685,43,1,Female,Urban,Monthly,54.89,0,2018-01-31,71,389.02,10.05,26.50,3,0
CUST_2686,35,0,Female,Rural,Yearly,58.95,0,2020-03-09,45,557.16,9.59,26.92,8,0
CUST_2687,23,0,Female,Rural,Prepaid,64.29,0,2021-10-07,26,542.23,10.01,29.67,4,0
CUST_2688,52,0,Female,Urban,Monthly,50.48,0,2018-07-31,65,592.85,10.53,25.83,5,0
CUST_2689,43,1,Male,Urban,Prepaid,42.16,0,2021-10-03,26,541.17,11.33,31.33,5,0
CUST_269,49,0,Female,Suburban,Prepaid,30.38,0,2019-01-13,59,551.67,11.64,23.92,9,0
CUST_2690,43,1,Male,Urban,Prepaid,68.36,0,2023-01-06,11,457.97,9.83,35.08,10,0
CUST_2691,43,1,Male,Suburban,Monthly,60.88,0,2021-10-28,26,541.57,10.33,19.92,5,0
CUST_2692,39,0,Male,Urban,Yearly,59.27,0,2021-01-16,35,752.70,10.80,21.50,6,0
CUST_2693,54,0,Male,Suburban,Prepaid,49.41,0,2018-01-08,71,497.88,10.47,19.83,6,1
CUST_2694,43,1,Female,Urban,Prepaid,68.24,0,2018-06-29,66,603.04,9.86,26.67,8,0
CUST_2695,43,1,Male,Urban,Monthly,31.14,0,2022-05-23,19,677.63,8.54,31.42,2,1
CUST_2696,29,0,Female,Suburban,Monthly,63.39,0,2022-09-23,15,618.96,9.89,31.25,8,0
CUST_2697,64,0,Female,Suburban,Monthly,63.32,0,2021-06-14,30,546.77,9.77,29.83,5,0
CUST_2698,43,1,Female,Urban,Monthly,36.49,0,2023-01-25,11,389.70,8.66,18.17,6,0
CUST_2699,59,0,Male,Urban,Yearly,39.79,0,2019-05-15,55,278.68,9.57,27.08,9,0
CUST_27,39,0,Female,Rural,Monthly,30.23,0,2021-07-06,29,436.77,8.18,22.83,3,1
CUST_270,24,0,Male,Urban,Yearly,30.13,0,2022-06-09,18,680.98,10.72,25.00,7,0
CUST_2700,55,0,Female,Urban,Prepaid,30.73,0,2020-09-24,39,516.07,9.93,26.67,8,1
CUST_2701,35,0,Male,Rural,Prepaid,57.66,0,2021-01-26,35,538.12,9.34,29.08,8,0
CUST_2702,62,0,Female,Urban,Prepaid,11.28,0,2021-02-21,34,441.26,9.73,23.58,8,1
CUST_2703,52,0,Male,Suburban,Monthly,53.35,0,2020-09-28,39,503.76,9.93,21.33,6,0
CUST_2704,47,0,Female,Rural,Prepaid,38.54,0,2022-08-09,16,367.47,10.68,24.83,6,0
CUST_2705,43,1,Male,Suburban,Yearly,35.24,0,2021-10-13,26,637.04,9.56,24.08,2,0
CUST_2706,59,0,Female,Rural,Monthly,21.83,0,2022-01-21,23,410.72,11.47,23.00,8,0
CUST_2707,43,1,Female,Rural,Prepaid,36.71,0,2020-10-22,38,568.23,10.73,22.08,7,0
CUST_2708,31,0,Female,Suburban,Prepaid,71.45,0,2018-12-08,60,471.89,9.27,17.58,10,0
CUST_2709,23,0,Female,Rural,Monthly,39.21,0,2020-02-08,46,452.72,10.74,34.92,4,0
CUST_271,43,1,Male,Urban,Monthly,62.23,0,2018-01-29,71,620.06,10.55,21.33,5,0
CUST_2710,43,1,Male,Suburban,Prepaid,56.30,0,2022-05-09,19,560.94,10.25,25.17,8,0
CUST_2711,33,0,Male,Urban,Yearly,33.64,0,2022-04-15,20,406.18,9.36,25.00,5,0
CUST_2712,24,0,Male,Rural,Monthly,65.39,0,2022-02-03,22,745.65,10.48,21.58,6,0
CUST_2713,43,1,Female,Suburban,Prepaid,59.08,0,2018-10-07,62,402.26,9.75,25.92,3,0
CUST_2714,43,1,Female,Rural,Monthly,46.58,0,2018-11-02,61,549.18,9.53,27.25,4,0
CUST_2715,26,0,Female,Suburban,Prepaid,53.48,0,2019-07-07,53,624.76,10.82,23.25,5,0
CUST_2716,32,0,Female,Urban,Monthly,54.76,0,2018-03-15,69,393.84,9.15,24.00,6,0
CUST_2717,43,1,Female,Urban,Prepaid,34.98,0,2019-01-05,59,585.37,8.36,22.92,7,0
CUST_2718,43,1,Female,Rural,Monthly,37.80,0,2021-10-31,26,283.57,7.71,34.50,4,0
CUST_2719,43,1,Male,Rural,Monthly,63.77,0,2023-04-05,8,688.74,9.08,30.17,7,0
CUST_272,58,0,Male,Urban,Monthly,43.87,0,2019-05-26,55,408.28,9.53,26.33,7,0
CUST_2720,43,1,Male,Suburban,Monthly,73.20,0,2023-06-18,6,520.67,8.72,18.83,4,1
CUST_2721,43,1,Male,Suburban,Monthly,52.20,0,2019-12-02,48,515.73,11.70,26.83,2,0
CUST_2722,52,0,Male,Rural,Prepaid,60.39,0,2021-02-10,34,493.80,9.67,20.33,4,0
CUST_2723,43,1,Male,Suburban,Monthly,68.07,0,2018-12-20,60,481.09,9.87,27.17,8,0
CUST_2724,43,1,Male,Suburban,Monthly,45.13,0,2021-03-27,33,483.09,9.95,17.17,8,0
CUST_2725,37,0,Male,Suburban,Monthly,48.85,0,2021-01-15,35,676.88,10.09,24.58,3,0
CUST_2726,35,0,Male,Rural,Yearly,60.72,0,2019-12-04,48,636.67,10.41,28.50,5,1
CUST_2727,27,0,Female,Urban,Prepaid,82.75,0,2019-03-28,57,363.80,7.81,24.92,6,0
CUST_2728,43,1,Female,Urban,Monthly,61.24,0,2021-06-28,30,445.00,11.55,28.50,7,0
CUST_2729,19,0,Female,Suburban,Monthly,54.55,0,2018-07-01,65,432.50,9.89,24.00,7,0
CUST_273,43,1,Male,Suburban,Prepaid,62.92,0,2022-06-18,18,439.91,10.15,19.50,4,0
CUST_2730,43,1,Female,Rural,Monthly,41.19,0,2019-03-21,57,535.04,11.56,20.67,5,0
CUST_2731,43,1,Female,Suburban,Monthly,49.13,0,2020-02-09,46,330.82,10.92,18.75,4,0
CUST_2732,43,1,Female,Urban,Prepaid,60.31,0,2019-08-14,52,529.14,11.11,27.00,6,0
CUST_2733,43,1,Female,Suburban,Monthly,58.71,0,2019-06-13,54,606.75,10.64,23.42,6,0
CUST_2734,31,0,Male,Urban,Prepaid,41.01,0,2020-09-14,39,554.62,10.59,21.92,5,0
CUST_2735,18,0,Male,Rural,Monthly,69.65,0,2023-05-06,7,342.29,9.94,25.58,6,0
CUST_2736,63,0,Female,Suburban,Monthly,69.67,0,2022-06-09,18,367.03,9.61,21.92,4,0
CUST_2737,33,0,Male,Rural,Prepaid,48.34,0,2019-12-29,48,304.47,9.07,24.33,6,0
CUST_2738,63,0,Male,Suburban,Monthly,54.20,0,2018-08-13,64,494.40,9.77,26.17,7,0
CUST_2739,69,0,Male,Suburban,Prepaid,40.39,0,2022-02-15,22,415.54,9.54,23.83,6,0
CUST_274,43,1,Male,Suburban,Monthly,49.15,0,2021-02-11,34,408.33,10.33,26.17,12,0
CUST_2740,43,1,Male,Suburban,Monthly,37.87,0,2021-09-17,27,436.34,9.96,22.58,5,0
CUST_2741,52,0,Male,Suburban,Monthly,55.21,0,2018-03-30,69,354.60,10.21,29.08,5,0
CUST_2742,43,1,Female,Suburban,Monthly,38.29,0,2022-02-10,22,436.23,9.07,19.17,4,0
CUST_2743,23,0,Male,Rural,Yearly,59.73,0,2019-10-25,50,554.05,10.32,22.08,4,0
CUST_2744,42,0,Female,Rural,Monthly,44.04,0,2021-01-14,35,520.71,10.28,25.92,5,0
CUST_2745,30,0,Female,Urban,Prepaid,65.75,0,2019-03-31,57,556.98,9.84,17.08,6,1
CUST_2746,43,1,Female,Suburban,Yearly,48.72,0,2019-06-27,54,525.71,10.12,23.25,4,0
CUST_2747,25,0,Male,Urban,Prepaid,21.15,0,2020-10-25,38,516.65,10.05,27.58,7,0
CUST_2748,38,0,Female,Rural,Monthly,44.42,0,2022-01-18,23,571.17,10.49,15.00,5,0
CUST_2749,43,1,Female,Urban,Yearly,51.60,0,2018-09-15,63,219.92,7.69,18.83,8,0
CUST_275,56,0,Female,Suburban,Yearly,62.49,0,2018-11-16,61,481.28,10.22,23.75,10,0
CUST_2750,43,1,Female,Rural,Monthly,23.99,0,2022-06-03,18,452.70,10.60,23.00,4,0
CUST_2751,42,0,Female,Suburban,Prepaid,25.39,0,2019-11-25,49,509.69,7.49,24.67,9,0
CUST_2752,43,1,Male,Urban,Prepaid,47.19,0,2022-10-22,14,480.24,9.32,21.83,8,0
CUST_2753,43,1,Female,Urban,Prepaid,65.07,0,2020-05-12,43,523.55,10.66,27.50,7,0
CUST_2754,62,0,Female,Urban,Prepaid,59.47,0,2021-07-30,29,646.40,9.81,26.00,5,0
CUST_2755,29,0,Female,Urban,Prepaid,49.78,0,2021-06-02,30,412.66,8.85,16.42,4,0
CUST_2756,43,1,Female,Suburban,Monthly,37.21,0,2023-03-19,9,534.66,12.06,27.33,6,0
CUST_2757,43,1,Male,Rural,Prepaid,36.48,0,2020-08-02,40,600.47,9.49,27.67,8,0
CUST_2758,45,0,Female,Rural,Yearly,59.74,0,2020-11-21,37,503.78,10.02,25.25,3,0
CUST_2759,30,0,Female,Suburban,Yearly,52.97,0,2021-02-24,34,332.24,8.26,24.08,7,0
CUST_276,43,1,Female,Suburban,Monthly,36.78,0,2021-05-03,31,426.20,9.54,21.58,3,0
CUST_2760,43,1,Female,Rural,Yearly,62.82,0,2019-01-05,59,541.18,10.78,19.67,9,0
CUST_2761,31,0,Female,Urban,Prepaid,68.06,0,2019-10-14,50,536.38,8.47,27.75,7,0
CUST_2762,43,1,Female,Suburban,Monthly,43.19,0,2023-04-02,8,546.97,9.20,26.67,4,0
CUST_2763,43,1,Female,Rural,Prepaid,56.60,0,2022-12-15,12,459.86,9.33,27.58,4,0
CUST_2764,43,1,Male,Suburban,Prepaid,58.58,0,2021-08-14,28,496.81,9.45,19.42,4,0
CUST_2765,23,0,Female,Suburban,Monthly,39.54,0,2021-06-12,30,437.02,10.44,27.42,3,0
CUST_2766,49,0,Male,Rural,Yearly,40.32,0,2022-05-24,19,426.80,7.89,23.67,4,0
CUST_2767,43,1,Male,Rural,Prepaid,60.84,0,2022-08-30,16,420.09,8.61,33.58,8,0
CUST_2768,43,1,Female,Suburban,Prepaid,50.03,0,2018-05-29,67,497.80,11.36,21.17,9,1
CUST_2769,43,1,Male,Suburban,Prepaid,36.91,0,2019-05-14,55,637.99,8.65,24.17,8,0
CUST_277,57,0,Female,Suburban,Monthly,59.20,0,2021-11-01,25,570.22,10.27,21.00,3,0
CUST_2770,40,0,Female,Rural,Monthly,37.71,0,2022-12-23,12,506.96,7.88,30.17,7,0
CUST_2771,43,1,Male,Suburban,Yearly,30.74,0,2020-08-24,40,514.09,10.23,23.25,9,1
CUST_2772,48,0,Female,Rural,Prepaid,44.63,0,2020-08-26,40,593.35,9.12,29.00,7,1
CUST_2773,68,0,Male,Suburban,Prepaid,34.57,0,2018-03-03,69,314.04,9.66,23.58,7,0
CUST_2774,22,0,Male,Suburban,Yearly,51.53,0,2019-03-02,57,513.37,11.07,23.50,3,0
CUST_2775,36,0,Female,Suburban,Prepaid,84.22,0,2020-06-23,42,544.04,10.65,29.25,6,0
CUST_2776,43,1,Male,Rural,Monthly,56.91,0,2018-12-13,60,461.54,9.16,24.00,11,0
CUST_2777,27,0,Male,Urban,Prepaid,66.01,0,2020-06-27,42,384.52,8.03,25.33,6,0
CUST_2778,43,1,Male,Rural,Monthly,56.01,0,2019-09-20,51,366.60,10.19,25.00,10,0
CUST_2779,19,0,Male,Suburban,Monthly,25.26,0,2020-08-01,40,468.09,10.78,27.58,8,0
CUST_278,18,0,Male,Urban,Monthly,42.49,0,2023-03-01,9,381.99,7.71,17.25,8,0
CUST_2780,43,1,Male,Urban,Monthly,51.90,0,2023-04-07,8,581.86,9.20,23.00,4,0
CUST_2781,43,1,Female,Urban,Prepaid,39.76,0,2018-09-22,63,383.15,10.71,22.75,2,0
CUST_2782,43,1,Male,Suburban,Prepaid,37.63,0,2019-11-09,49,427.46,10.71,22.83,5,0
CUST_2783,32,0,Male,Rural,Prepaid,46.60,0,2022-09-20,15,447.32,10.72,24.75,10,1
CUST_2784,26,0,Female,Urban,Monthly,59.47,0,2018-04-07,68,547.57,11.07,22.83,5,0
CUST_2785,40,0,Female,Urban,Yearly,45.42,0,2022-03-12,21,428.44,10.84,32.00,8,0
CUST_2786,36,0,Female,Rural,Yearly,62.88,0,2019-01-01,59,518.88,10.16,30.25,10,0
CUST_2787,43,1,Male,Rural,Prepaid,52.75,0,2020-05-02,43,358.03,9.23,23.75,7,0
CUST_2788,43,1,Male,Urban,Yearly,54.76,0,2020-12-01,36,483.24,8.55,17.75,6,0
CUST_2789,38,0,Male,Rural,Prepaid,49.11,0,2019-09-25,51,504.92,8.54,23.25,4,0
CUST_279,28,0,Male,Suburban,Prepaid,60.80,0,2018-06-11,66,515.19,11.18,25.83,7,0
CUST_2790,26,0,Male,Urban,Monthly,69.29,0,2019-05-19,55,603.62,10.15,24.42,10,0
CUST_2791,45,0,Female,Suburban,Monthly,39.49,0,2019-03-15,57,470.42,11.59,23.75,3,0
CUST_2792,63,0,Female,Rural,Prepaid,40.34,0,2020-09-15,39,316.17,9.08,30.75,10,0
CUST_2793,68,0,Male,Urban,Prepaid,45.23,0,2020-10-22,38,597.48,10.21,25.33,5,0
CUST_2794,24,0,Male,Rural,Prepaid,57.54,0,2021-03-03,33,366.60,10.35,26.50,15,0
CUST_2795,33,0,Male,Rural,Monthly,59.56,0,2023-04-24,8,410.74,11.63,26.92,6,0
CUST_2796,33,0,Male,Urban,Monthly,41.60,0,2018-07-26,65,517.35,10.41,23.08,6,0
CUST_2797,50,0,Female,Suburban,Monthly,63.45,0,2019-06-22,54,414.09,9.99,18.92,8,0
CUST_2798,43,1,Female,Urban,Yearly,35.29,0,2019-10-29,50,430.60,12.01,23.50,9,0
CUST_2799,21,0,Male,Rural,Monthly,60.69,0,2018-08-10,64,633.51,9.96,32.42,6,0
CUST_28,43,1,Female,Urban,Monthly,41.20,0,2022-09-13,15,522.47,8.52,19.67,15,0
CUST_280,43,1,Female,Urban,Monthly,85.47,0,2020-04-14,44,322.35,8.00,24.67,5,0
CUST_2800,56,0,Female,Urban,Monthly,55.37,0,2022-04-21,20,457.46,9.93,26.92,7,1
CUST_2801,43,1,Male,Rural,Monthly,50.26,0,2019-08-19,52,509.77,10.04,25.00,9,1
CUST_2802,43,1,Male,Urban,Prepaid,57.10,0,2021-06-08,30,381.84,9.70,24.75,7,0
CUST_2803,43,1,Female,Suburban,Prepaid,48.21,0,2021-12-19,24,432.45,10.55,34.75,7,0
CUST_2804,56,0,Male,Suburban,Monthly,53.83,0,2022-05-28,19,521.96,8.93,26.58,3,0
CUST_2805,69,0,Female,Suburban,Monthly,86.09,0,2018-10-01,62,481.33,10.10,27.17,12,0
CUST_2806,46,0,Male,Suburban,Yearly,63.41,0,2019-10-24,50,520.72,10.64,25.33,10,0
CUST_2807,43,1,Female,Urban,Prepaid,41.87,0,2020-02-06,46,541.80,10.93,21.58,5,1
CUST_2808,43,1,Male,Suburban,Prepaid,45.42,0,2018-12-21,60,691.59,10.60,29.50,4,0
CUST_2809,55,0,Female,Urban,Prepaid,68.12,0,2019-10-20,50,633.59,10.00,22.00,8,0
CUST_281,42,0,Female,Suburban,Prepaid,37.93,0,2022-03-29,21,427.09,9.34,24.33,7,0
CUST_2810,56,0,Male,Rural,Prepaid,44.08,0,2021-03-19,33,641.23,9.38,21.33,3,0
CUST_2811,43,1,Male,Rural,Monthly,75.51,0,2019-04-25,56,471.23,8.70,23.08,6,0
CUST_2812,54,0,Female,Rural,Yearly,61.48,0,2019-03-18,57,335.06,9.88,14.08,6,0
CUST_2813,43,1,Male,Suburban,Monthly,29.66,0,2020-09-18,39,470.30,7.38,29.17,9,0
CUST_2814,43,1,Female,Suburban,Monthly,63.03,0,2020-05-10,43,479.76,8.58,22.08,6,0
CUST_2815,24,0,Female,Suburban,Monthly,17.65,0,2023-04-18,8,453.05,7.77,24.00,0,0
CUST_2816,44,0,Male,Rural,Prepaid,44.77,0,2018-07-02,65,711.32,11.41,30.17,5,0
CUST_2817,45,0,Male,Rural,Yearly,62.83,0,2020-08-18,40,457.37,11.49,27.33,8,0
CUST_2818,39,0,Male,Rural,Monthly,22.01,0,2022-10-19,14,447.94,9.48,29.08,6,1
CUST_2819,31,0,Male,Rural,Prepaid,80.44,0,2023-06-20,6,583.18,11.32,22.50,7,0
CUST_282,67,0,Male,Suburban,Prepaid,44.69,0,2018-11-30,61,216.27,10.16,17.00,7,0
CUST_2820,24,0,Female,Urban,Monthly,64.53,0,2020-07-03,41,474.43,10.66,24.17,4,0
CUST_2821,43,1,Male,Urban,Monthly,35.32,0,2020-01-07,47,610.32,11.19,18.33,7,0
CUST_2822,39,0,Male,Suburban,Prepaid,72.80,0,2018-08-13,64,382.41,9.43,28.67,8,0
CUST_2823,22,0,Male,Suburban,Prepaid,21.36,0,2022-01-30,23,429.03,8.85,29.17,7,0
CUST_2824,19,0,Female,Rural,Prepaid,34.89,0,2019-12-05,48,346.87,10.35,33.00,9,0
CUST_2825,43,1,Male,Urban,Prepaid,28.77,0,2019-01-24,59,624.72,11.12,25.33,3,0
CUST_2826,43,1,Female,Urban,Prepaid,20.38,0,2019-05-08,55,444.51,9.59,24.67,8,0
CUST_2827,43,1,Male,Suburban,Monthly,45.00,0,2018-10-05,62,381.00,10.42,28.08,7,0
CUST_2828,43,1,Female,Urban,Monthly,52.87,0,2018-10-07,62,608.73,9.33,27.83,3,0
CUST_2829,38,0,Male,Suburban,Monthly,52.42,0,2021-11-25,25,341.76,8.44,23.08,7,0
CUST_283,40,0,Female,Rural,Prepaid,48.08,0,2021-08-17,28,492.13,10.27,24.75,5,0
CUST_2830,43,1,Male,Rural,Yearly,51.96,0,2023-01-26,11,421.42,9.60,31.58,4,0
CUST_2831,43,1,Female,Rural,Monthly,50.79,0,2022-06-25,18,420.12,9.62,26.58,4,0
CUST_2832,43,1,Male,Suburban,Monthly,32.28,0,2021-02-17,34,520.32,10.19,22.58,9,0
CUST_2833,22,0,Male,Rural,Yearly,42.46,0,2020-04-16,44,366.21,9.97,21.75,5,1
CUST_2834,43,1,Male,Rural,Monthly,8.74,0,2021-12-05,24,657.51,10.65,25.08,7,0
CUST_2835,43,1,Female,Urban,Prepaid,66.19,0,2021-08-01,28,406.26,10.80,25.67,3,0
CUST_2836,38,0,Male,Urban,Prepaid,51.42,0,2018-12-28,60,599.54,10.86,17.33,8,0
CUST_2837,43,0,Female,Urban,Monthly,51.02,0,2023-05-17,7,440.69,8.78,25.00,4,0
CUST_2838,67,0,Female,Urban,Monthly,61.69,0,2022-02-08,22,424.85,9.51,33.42,6,0
CUST_2839,62,0,Female,Urban,Yearly,62.76,0,2022-08-31,16,432.30,9.64,29.42,2,1
CUST_284,43,1,Female,Urban,Yearly,54.84,0,2019-01-14,59,341.52,9.40,22.33,6,0
CUST_2840,38,0,Male,Suburban,Monthly,44.58,0,2018-04-22,68,421.82,9.31,26.25,6,1
CUST_2841,35,0,Female,Suburban,Yearly,48.25,0,2021-01-04,35,657.14,12.44,23.33,8,0
CUST_2842,43,1,Female,Urban,Prepaid,73.49,0,2022-10-23,14,318.59,9.75,23.33,7,0
CUST_2843,62,0,Male,Rural,Monthly,41.22,0,2018-05-31,67,557.22,9.59,19.33,4,0
CUST_2844,49,0,Female,Rural,Yearly,73.36,0,2018-08-24,64,473.21,11.65,23.33,8,0
CUST_2845,43,1,Female,Suburban,Prepaid,44.75,0,2019-04-08,56,439.99,9.61,23.92,10,0
CUST_2846,43,1,Male,Suburban,Prepaid,21.38,0,2020-09-03,39,482.96,10.57,24.33,3,0
CUST_2847,52,0,Male,Suburban,Prepaid,51.34,0,2019-06-16,54,558.32,11.39,23.92,8,0
CUST_2848,43,1,Female,Rural,Monthly,44.63,0,2018-08-28,64,697.36,7.95,22.17,7,0
CUST_2849,28,0,Male,Suburban,Prepaid,29.78,0,2019-10-23,50,563.74,10.80,16.42,6,0
CUST_285,47,0,Male,Suburban,Yearly,15.63,0,2023-02-25,10,375.93,11.39,29.83,7,0
CUST_2850,38,0,Male,Rural,Monthly,48.78,0,2020-10-13,38,445.96,9.27,20.00,5,0
CUST_2851,69,0,Male,Suburban,Prepaid,42.72,0,2022-04-26,20,530.39,8.77,20.67,5,0
CUST_2852,43,0,Female,Rural,Monthly,78.11,0,2018-03-26,69,401.67,10.70,22.50,6,0
CUST_2853,21,0,Female,Suburban,Yearly,64.53,0,2021-02-16,34,471.92,11.09,28.58,4,0
CUST_2854,51,0,Male,Suburban,Prepaid,35.58,0,2021-02-02,34,497.33,9.27,19.67,9,0
CUST_2855,69,0,Female,Rural,Prepaid,38.90,0,2020-11-18,37,499.23,9.35,22.92,0,0
CUST_2856,65,0,Male,Suburban,Monthly,65.01,0,2019-07-08,53,397.60,9.29,23.17,8,0
CUST_2857,35,0,Male,Urban,Monthly,68.19,0,2019-04-15,56,588.78,9.86,29.75,4,0
CUST_2858,57,0,Male,Rural,Prepaid,45.00,0,2021-03-21,33,688.96,9.46,25.92,8,0
CUST_2859,52,0,Male,Suburban,Monthly,42.79,0,2019-05-05,55,543.53,9.27,22.67,9,1
CUST_286,43,1,Female,Suburban,Prepaid,50.50,0,2021-11-12,25,514.06,8.28,28.42,4,0
CUST_2860,58,0,Male,Rural,Yearly,48.09,0,2020-06-15,42,390.61,9.90,31.67,9,0
CUST_2861,46,0,Female,Suburban,Prepaid,54.35,0,2019-12-24,48,358.56,11.34,23.83,9,0
CUST_2862,69,0,Female,Urban,Prepaid,60.88,0,2020-01-22,47,444.45,10.47,25.00,8,0
CUST_2863,43,1,Female,Suburban,Monthly,61.66,0,2019-10-03,50,215.99,10.10,25.42,6,0
CUST_2864,55,0,Female,Suburban,Monthly,34.17,0,2021-10-08,26,474.57,10.25,23.33,6,0
CUST_2865,59,0,Male,Urban,Prepaid,44.60,0,2021-08-22,28,577.29,10.02,27.25,11,0
CUST_2866,38,0,Male,Rural,Monthly,18.68,0,2022-08-17,16,511.67,8.71,24.00,4,0
CUST_2867,59,0,Female,Suburban,Yearly,49.65,0,2019-04-24,56,519.19,8.54,23.75,4,1
CUST_2868,30,0,Female,Suburban,Prepaid,29.18,0,2019-09-01,51,436.07,9.99,15.67,7,0
CUST_2869,43,1,Male,Urban,Monthly,39.02,0,2018-02-27,70,359.28,10.93,24.50,1,0
CUST_287,52,0,Female,Suburban,Prepaid,46.72,0,2023-03-17,9,462.08,10.39,26.42,8,0
CUST_2870,43,1,Male,Rural,Prepaid,66.56,0,2022-07-07,17,375.24,10.68,24.83,2,0
CUST_2871,34,0,Male,Rural,Monthly,55.85,0,2018-09-29,63,612.46,10.35,28.25,6,0
CUST_2872,26,0,Female,Urban,Monthly,55.24,0,2022-09-06,15,550.60,7.55,21.17,6,0
CUST_2873,58,0,Male,Urban,Monthly,50.03,0,2020-03-03,45,379.04,11.17,27.58,10,0
CUST_2874,18,0,Male,Suburban,Monthly,71.06,0,2020-06-08,42,596.97,10.21,24.33,12,1
CUST_2875,19,0,Female,Urban,Prepaid,40.58,0,2021-12-14,24,535.07,9.72,22.92,6,0
CUST_2876,65,0,Female,Urban,Monthly,52.45,0,2023-02-28,10,513.92,11.49,22.42,8,0
CUST_2877,46,0,Female,Urban,Monthly,51.65,0,2018-03-02,69,555.41,9.33,28.67,3,0
CUST_2878,50,0,Male,Rural,Prepaid,44.77,0,2022-03-05,21,410.19,10.59,17.08,8,1
CUST_2879,43,1,Male,Urban,Yearly,82.07,0,2021-06-30,30,525.67,11.23,31.08,7,0
CUST_288,24,0,Female,Rural,Prepaid,46.83,0,2018-05-11,67,513.32,9.29,31.25,7,0
CUST_2880,67,0,Female,Suburban,Prepaid,31.69,0,2021-03-01,33,591.80,10.19,24.50,7,0
CUST_2881,57,0,Male,Suburban,Monthly,22.28,0,2022-08-19,16,418.95,9.89,26.33,6,0
CUST_2882,43,1,Male,Suburban,Prepaid,51.62,0,2022-01-24,23,404.92,10.95,20.75,5,0
CUST_2883,43,1,Male,Urban,Monthly,40.95,0,2023-06-18,6,478.74,9.63,20.42,5,0
CUST_2884,43,1,Female,Rural,Prepaid,15.18,0,2020-05-26,43,497.59,7.53,23.00,7,0
CUST_2885,43,1,Female,Urban,Prepaid,55.64,0,2022-04-01,20,492.62,9.08,27.58,7,0
CUST_2886,25,0,Male,Urban,Prepaid,53.63,0,2022-10-07,14,315.72,8.41,25.25,4,0
CUST_2887,43,1,Male,Suburban,Monthly,66.83,0,2020-07-10,41,621.00,8.63,21.67,6,0
CUST_2888,43,1,Male,Urban,Monthly,41.66,0,2023-01-17,11,403.19,11.20,29.50,8,0
CUST_2889,66,0,Male,Rural,Monthly,22.11,0,2019-01-05,59,603.94,8.78,27.08,10,1
CUST_289,33,0,Male,Urban,Yearly,54.42,0,2022-06-25,18,566.38,9.09,27.00,5,1
CUST_2890,32,0,Female,Suburban,Yearly,35.93,0,2019-04-25,56,454.94,7.95,25.75,3,0
CUST_2891,34,0,Female,Rural,Yearly,21.17,0,2022-01-18,23,392.40,9.46,26.50,5,0
CUST_2892,40,0,Male,Rural,Monthly,72.45,0,2020-09-26,39,490.13,11.13,24.83,7,0
CUST_2893,43,1,Male,Rural,Monthly,65.09,0,2022-06-21,18,354.05,8.37,27.92,5,0
CUST_2894,43,1,Female,Urban,Prepaid,69.25,0,2019-12-04,48,458.04,9.03,28.83,7,0
CUST_2895,43,1,Male,Urban,Yearly,60.00,0,2019-02-09,58,469.04,9.39,15.33,4,0
CUST_2896,43,1,Female,Urban,Yearly,28.99,0,2018-04-19,68,420.08,10.61,21.25,6,0
CUST_2897,49,0,Male,Urban,Prepaid,43.94,0,2021-05-19,31,528.78,11.07,19.92,6,0
CUST_2898,61,0,Female,Suburban,Monthly,61.89,0,2020-09-04,39,368.75,11.70,19.50,4,0
CUST_2899,18,0,Male,Urban,Yearly,24.51,0,2019-12-18,48,600.39,9.39,22.17,5,0
CUST_29,42,0,Female,Rural,Yearly,63.89,0,2021-09-04,27,414.36,10.08,26.00,8,1
CUST_290,43,0,Female,Suburban,Monthly,55.31,0,2023-04-28,8,324.81,10.67,22.08,7,0
CUST_2900,43,1,Male,Suburban,Prepaid,56.61,0,2019-02-10,58,585.43,9.78,19.75,8,0
CUST_2901,43,1,Female,Rural,Prepaid,61.67,0,2020-11-22,37,310.01,8.57,23.33,3,0
CUST_2902,25,0,Female,Suburban,Prepaid,83.95,0,2020-02-11,46,386.72,8.73,35.25,3,0
CUST_2903,43,1,Male,Urban,Prepaid,64.33,0,2021-11-29,25,510.67,10.02,19.92,7,0
CUST_2904,25,0,Male,Suburban,Prepaid,57.13,0,2022-03-07,21,448.20,8.75,31.33,4,0
CUST_2905,40,0,Female,Urban,Prepaid,50.43,0,2018-09-06,63,353.57,8.78,32.33,6,0
CUST_2906,60,0,Female,Urban,Prepaid,58.15,0,2022-02-04,22,665.76,9.94,23.67,6,0
CUST_2907,18,0,Male,Suburban,Yearly,59.16,0,2019-11-17,49,536.35,9.19,29.42,8,0
CUST_2908,62,0,Male,Suburban,Prepaid,18.93,0,2018-11-28,61,415.27,9.05,22.75,5,0
CUST_2909,43,1,Female,Rural,Monthly,53.20,0,2019-10-10,50,554.60,9.61,27.33,5,1
CUST_291,43,1,Female,Suburban,Monthly,55.08,0,2022-06-02,18,507.90,11.13,28.50,5,0
CUST_2910,43,1,Female,Rural,Prepaid,10.33,0,2022-02-25,22,214.32,9.02,22.92,3,0
CUST_2911,52,0,Female,Rural,Prepaid,16.19,0,2018-08-12,64,681.70,10.90,21.75,6,0
CUST_2912,41,0,Female,Rural,Yearly,50.63,0,2022-04-18,20,309.51,10.35,25.67,5,0
CUST_2913,43,1,Female,Rural,Yearly,57.18,0,2023-06-05,6,515.72,9.60,24.83,7,0
CUST_2914,22,0,Male,Suburban,Monthly,30.11,0,2019-09-25,51,363.63,10.65,27.42,5,0
CUST_2915,37,0,Male,Rural,Monthly,66.41,0,2021-10-01,26,502.12,9.15,30.67,1,0
CUST_2916,38,0,Female,Suburban,Monthly,72.79,0,2019-11-28,49,638.54,9.84,27.00,6,0
CUST_2917,43,1,Male,Rural,Prepaid,62.09,0,2022-09-17,15,372.88,10.36,26.25,7,0
CUST_2918,48,0,Male,Urban,Prepaid,49.60,0,2019-07-31,53,698.32,10.41,32.00,5,0
CUST_2919,63,0,Female,Rural,Monthly,54.59,0,2019-01-27,59,538.75,10.25,22.92,8,0
CUST_292,69,0,Female,Suburban,Monthly,33.84,0,2022-03-22,21,553.85,9.72,17.58,10,0
CUST_2920,53,0,Male,Urban,Yearly,51.69,0,2021-02-08,34,602.28,10.59,25.83,6,0
CUST_2921,28,0,Male,Suburban,Prepaid,53.21,0,2021-08-24,28,414.83,10.28,27.92,4,0
CUST_2922,69,0,Male,Rural,Monthly,34.64,0,2019-06-15,54,509.20,10.61,22.92,2,0
CUST_2923,32,0,Female,Suburban,Prepaid,44.41,0,2023-05-04,7,495.54,11.27,20.42,9,1
CUST_2924,36,0,Female,Rural,Prepaid,50.89,0,2023-01-04,11,489.52,10.28,24.25,8,0
CUST_2925,24,0,Male,Suburban,Monthly,55.06,0,2020-03-29,45,347.76,10.48,23.25,10,0
CUST_2926,68,0,Male,Rural,Prepaid,58.84,0,2022-10-05,14,640.57,11.28,26.58,5,0
CUST_2927,45,0,Male,Rural,Yearly,35.02,0,2020-04-14,44,453.04,10.35,20.75,4,0
CUST_2928,68,0,Male,Urban,Monthly,47.41,0,2020-03-16,45,619.18,10.15,23.42,8,0
CUST_2929,43,1,Male,Suburban,Prepaid,45.97,0,2022-10-25,14,512.47,10.66,31.83,6,0
CUST_293,43,1,Male,Rural,Monthly,46.24,0,2021-11-28,25,602.88,10.98,27.83,8,0
CUST_2930,22,0,Male,Suburban,Monthly,79.39,0,2020-07-10,41,476.91,10.08,21.92,5,0
CUST_2931,22,0,Female,Suburban,Monthly,53.75,0,2019-05-02,55,400.21,8.46,26.17,7,0
CUST_2932,43,1,Male,Suburban,Prepaid,60.11,0,2023-01-14,11,436.60,11.15,26.67,7,0
CUST_2933,49,0,Male,Suburban,Monthly,64.95,0,2019-03-12,57,584.97,9.91,21.83,4,0
CUST_2934,25,0,Female,Urban,Monthly,62.81,0,2022-10-12,14,313.05,10.94,27.75,10,1
CUST_2935,27,0,Male,Rural,Prepaid,19.48,0,2018-07-16,65,412.13,10.41,20.67,9,0
CUST_2936,43,1,Male,Urban,Yearly,47.33,0,2021-10-15,26,553.62,10.37,20.00,6,0
CUST_2937,64,0,Male,Suburban,Prepaid,60.17,0,2022-01-17,23,413.93,9.83,22.42,8,0
CUST_2938,49,0,Male,Suburban,Prepaid,51.95,0,2020-05-12,43,489.68,8.45,24.67,10,0
CUST_2939,65,0,Female,Rural,Monthly,24.98,0,2021-08-25,28,616.65,8.68,18.92,7,0
CUST_294,43,1,Male,Suburban,Prepaid,45.61,0,2020-05-14,43,457.32,9.77,30.58,1,0
CUST_2940,45,0,Male,Urban,Prepaid,34.35,0,2018-07-18,65,398.44,10.91,20.42,6,0
CUST_2941,43,1,Female,Rural,Monthly,36.68,0,2018-04-22,68,478.17,10.28,15.25,5,0
CUST_2942,48,0,Male,Rural,Monthly,54.92,0,2018-03-31,69,349.76,9.07,18.42,6,0
CUST_2943,43,1,Male,Urban,Prepaid,53.51,0,2020-02-23,46,458.55,10.51,25.42,12,0
CUST_2944,57,0,Female,Rural,Yearly,72.86,0,2020-11-09,37,488.02,9.92,23.50,4,1
CUST_2945,43,1,Male,Urban,Monthly,50.19,0,2020-03-31,45,330.99,10.36,29.33,1,0
CUST_2946,26,0,Female,Urban,Monthly,53.05,0,2018-07-17,65,415.55,10.27,27.58,6,0
CUST_2947,43,1,Female,Suburban,Prepaid,29.95,0,2018-04-10,68,545.09,9.56,26.00,7,0
CUST_2948,32,0,Female,Rural,Prepaid,47.66,0,2019-03-31,57,627.10,10.40,35.50,6,0
CUST_2949,67,0,Male,Suburban,Monthly,84.10,0,2019-06-26,54,650.03,10.55,27.25,7,1
CUST_295,18,0,Female,Urban,Prepaid,57.91,0,2018-07-16,65,378.65,9.97,23.75,6,0
CUST_2950,43,1,Male,Rural,Yearly,55.13,0,2020-03-30,45,502.54,9.66,23.67,7,0
CUST_2951,43,1,Male,Rural,Prepaid,41.60,0,2020-01-14,47,512.41,10.21,22.08,5,0
CUST_2952,53,0,Male,Suburban,Monthly,56.23,0,2019-02-08,58,609.73,10.47,27.50,2,0
CUST_2953,21,0,Female,Suburban,Monthly,65.63,0,2018-09-03,63,407.81,10.01,27.33,8,0
CUST_2954,43,1,Male,Suburban,Prepaid,57.47,0,2021-05-28,31,522.47,9.69,24.92,2,0
CUST_2955,58,0,Male,Urban,Monthly,62.47,0,2018-02-02,70,693.37,10.25,24.00,2,0
CUST_2956,58,0,Female,Rural,Prepaid,64.39,0,2020-06-23,42,473.44,11.48,25.33,2,0
CUST_2957,42,0,Female,Urban,Prepaid,52.35,0,2020-11-11,37,553.54,9.67,24.83,10,0
CUST_2958,43,1,Male,Rural,Prepaid,54.94,0,2022-02-24,22,398.54,8.54,14.75,7,0
CUST_2959,43,1,Female,Rural,Prepaid,41.03,0,2022-06-20,18,481.88,9.21,19.17,10,0
CUST_296,65,0,Male,Urban,Prepaid,35.51,0,2019-04-04,56,585.34,9.81,24.42,3,0
CUST_2960,43,1,Female,Urban,Prepaid,40.86,0,2022-02-22,22,360.48,8.39,30.25,3,0
CUST_2961,43,1,Female,Urban,Yearly,48.79,0,2019-04-15,56,518.03,9.85,16.25,7,0
CUST_2962,29,0,Female,Rural,Monthly,30.13,0,2019-05-03,55,706.16,10.74,27.83,7,0
CUST_2963,44,0,Female,Suburban,Prepaid,55.53,0,2022-06-27,18,479.96,9.96,26.67,3,0
CUST_2964,57,0,Male,Suburban,Monthly,38.06,0,2023-02-25,10,579.25,10.93,24.83,5,0
CUST_2965,19,0,Male,Suburban,Monthly,52.68,0,2021-10-28,26,528.80,11.26,21.83,10,0
CUST_2966,30,0,Male,Suburban,Prepaid,57.76,0,2018-03-11,69,382.35,10.74,25.08,6,0
CUST_2967,43,1,Male,Rural,Prepaid,30.25,0,2018-05-24,67,541.22,10.80,18.75,5,0
CUST_2968,48,0,Male,Suburban,Prepaid,56.15,0,2018-02-27,70,355.35,9.07,23.75,9,0
CUST_2969,33,0,Male,Suburban,Prepaid,19.02,0,2020-08-11,40,508.59,10.33,20.42,7,0
CUST_297,43,1,Female,Urban,Monthly,52.90,0,2020-10-07,38,656.04,10.30,26.42,7,0
CUST_2970,49,0,Male,Suburban,Yearly,58.83,0,2020-07-07,41,588.34,8.89,22.75,13,1
CUST_2971,49,0,Female,Rural,Monthly,59.04,0,2018-11-30,61,604.00,11.37,21.58,8,0
CUST_2972,43,1,Male,Urban,Yearly,60.05,0,2023-01-29,11,448.28,10.06,22.42,7,0
CUST_2973,28,0,Male,Suburban,Monthly,55.16,0,2022-02-03,22,445.11,9.17,29.00,3,0
CUST_2974,27,0,Male,Rural,Prepaid,42.23,0,2018-01-29,71,534.46,10.75,25.42,6,1
CUST_2975,43,1,Female,Rural,Yearly,42.76,0,2023-05-06,7,608.46,10.59,29.83,5,0
CUST_2976,43,1,Male,Suburban,Prepaid,40.76,0,2021-11-30,25,382.66,8.08,19.67,6,0
CUST_2977,57,0,Male,Urban,Prepaid,65.45,0,2021-09-02,27,479.44,9.84,19.75,5,0
CUST_2978,35,0,Female,Urban,Monthly,75.36,0,2019-02-23,58,542.94,8.36,27.08,5,0
CUST_2979,26,0,Male,Urban,Prepaid,51.27,0,2021-08-24,28,673.86,9.05,23.25,6,0
CUST_298,22,0,Male,Urban,Yearly,74.13,0,2018-02-21,70,379.76,8.89,17.75,10,0
CUST_2980,42,0,Male,Rural,Prepaid,35.18,0,2022-02-19,22,446.43,10.28,23.25,4,0
CUST_2981,57,0,Female,Suburban,Monthly,45.83,0,2021-06-12,30,524.14,7.89,27.00,2,0
CUST_2982,31,0,Male,Suburban,Yearly,64.69,0,2023-01-07,11,495.54,9.29,22.17,9,0
CUST_2983,43,1,Female,Rural,Prepaid,58.31,0,2023-05-23,7,506.28,9.93,30.08,5,0
CUST_2984,67,0,Male,Suburban,Prepaid,50.51,0,2020-08-14,40,659.29,10.22,16.42,5,0
CUST_2985,39,0,Male,Suburban,Monthly,46.04,0,2022-11-22,13,686.15,10.52,24.25,5,0
CUST_2986,69,0,Male,Urban,Monthly,24.67,0,2021-06-15,30,489.83,8.42,24.00,8,0
CUST_2987,43,1,Female,Suburban,Prepaid,46.78,0,2023-03-03,9,449.25,9.72,24.42,4,0
CUST_2988,43,1,Female,Suburban,Yearly,44.19,0,2022-06-02,18,507.09,11.47,23.33,7,0
CUST_2989,38,0,Female,Rural,Monthly,43.68,0,2020-02-09,46,483.38,11.44,25.83,2,0
CUST_299,54,0,Male,Suburban,Prepaid,10.09,0,2019-02-16,58,476.87,8.83,20.92,5,0
CUST_2990,43,1,Male,Rural,Monthly,54.22,0,2018-07-27,65,499.46,8.81,21.42,9,0
CUST_2991,43,1,Male,Urban,Yearly,76.26,0,2018-04-03,68,646.73,10.01,28.75,5,0
CUST_2992,43,1,Female,Rural,Yearly,50.30,0,2020-03-18,45,412.99,8.92,30.08,5,0
CUST_2993,43,1,Female,Urban,Prepaid,58.97,0,2022-10-22,14,605.12,10.55,27.83,4,0
CUST_2994,66,0,Male,Urban,Prepaid,49.09,0,2022-01-09,23,507.05,10.17,23.67,8,0
CUST_2995,38,0,Male,Suburban,Monthly,49.08,0,2018-07-24,65,262.39,9.92,25.33,7,0
CUST_2996,52,0,Male,Urban,Yearly,67.11,0,2020-01-07,47,367.42,9.68,19.58,5,0
CUST_2997,43,1,Male,Suburban,Monthly,55.61,0,2023-03-02,9,619.79,9.77,29.33,8,0
CUST_2998,43,1,Female,Urban,Monthly,61.68,0,2018-02-26,70,422.48,10.30,27.75,2,0
CUST_2999,56,0,Male,Rural,Monthly,68.60,0,2019-12-08,48,296.23,10.52,25.75,10,0
CUST_3,43,1,Female,Urban,Prepaid,24.22,0,2018-12-09,60,608.48,11.13,25.92,6,0
CUST_30,43,1,Female,Urban,Prepaid,63.85,0,2019-06-13,54,565.41,9.20,33.75,5,0
CUST_300,43,1,Female,Rural,Prepaid,47.45,0,2021-11-16,25,378.07,9.95,28.67,7,0
CUST_3000,43,1,Male,Rural,Prepaid,55.44,0,2022-04-30,20,401.65,9.72,23.42,6,0
CUST_3001,29,0,Male,Rural,Yearly,53.67,0,2018-08-29,64,569.76,8.32,27.58,4,0
CUST_3002,58,0,Male,Urban,Monthly,61.05,0,2021-07-01,29,545.00,11.03,20.42,6,1
CUST_3003,64,0,Male,Urban,Yearly,40.27,0,2023-06-10,6,285.06,8.98,26.00,0,0
CUST_3004,35,0,Male,Suburban,Monthly,40.52,0,2022-08-30,16,556.05,9.92,15.67,5,0
CUST_3005,43,1,Male,Suburban,Yearly,38.62,0,2020-08-02,40,553.58,10.24,20.50,7,0
CUST_3006,30,0,Female,Suburban,Prepaid,42.64,0,2019-09-18,51,634.57,11.00,22.25,9,0
CUST_3007,38,0,Female,Suburban,Monthly,32.20,0,2020-12-09,36,358.94,11.61,20.75,7,0
CUST_3008,43,1,Female,Urban,Yearly,25.15,0,2018-11-08,61,706.16,10.61,19.17,9,1
CUST_3009,63,0,Male,Urban,Monthly,37.67,0,2022-03-05,21,377.95,9.41,30.17,6,0
CUST_301,43,1,Female,Rural,Yearly,20.23,0,2018-03-06,69,656.98,9.78,23.75,4,0
CUST_3010,57,0,Female,Suburban,Monthly,14.72,0,2021-06-04,30,411.22,10.92,32.33,5,0
CUST_3011,63,0,Male,Urban,Prepaid,54.26,0,2023-05-12,7,421.96,9.64,25.67,7,0
CUST_3012,24,0,Male,Urban,Monthly,51.48,0,2020-03-31,45,522.00,10.03,25.25,7,0
CUST_3013,43,1,Male,Urban,Yearly,61.12,0,2018-09-27,63,507.26,10.26,22.67,5,0
CUST_3014,61,0,Male,Urban,Prepaid,36.01,0,2022-12-15,12,222.48,9.30,24.75,6,0
CUST_3015,43,1,Female,Suburban,Monthly,57.48,0,2022-10-24,14,489.69,10.72,20.58,3,0
CUST_3016,28,0,Male,Suburban,Monthly,37.87,0,2021-06-25,30,499.99,9.06,20.17,6,0
CUST_3017,39,0,Male,Urban,Prepaid,61.61,0,2020-05-23,43,407.26,9.95,22.67,8,0
CUST_3018,43,1,Female,Rural,Prepaid,22.67,0,2021-12-07,24,484.34,8.64,22.42,4,0
CUST_3019,43,1,Female,Suburban,Monthly,46.44,0,2020-02-05,46,418.61,9.58,25.75,10,0
CUST_302,58,0,Female,Rural,Prepaid,50.00,0,2023-01-05,11,479.72,10.81,27.67,5,0
CUST_3020,42,0,Female,Suburban,Prepaid,44.01,0,2020-08-23,40,599.06,10.21,21.17,7,0
CUST_3021,39,0,Male,Rural,Yearly,61.95,0,2019-11-18,49,419.97,11.41,20.75,4,0
CUST_3022,43,1,Female,Suburban,Monthly,61.73,0,2018-06-03,66,427.58,10.66,19.08,8,0
CUST_3023,46,0,Male,Rural,Prepaid,68.28,0,2023-02-02,10,508.42,9.31,22.92,4,0
CUST_3024,30,0,Male,Rural,Prepaid,19.79,0,2018-11-14,61,468.65,9.81,23.67,8,0
CUST_3025,43,1,Female,Urban,Monthly,72.44,0,2023-03-22,9,586.57,8.79,29.08,5,0
CUST_3026,43,1,Female,Suburban,Monthly,36.12,0,2018-01-14,71,491.92,10.11,27.08,4,0
CUST_3027,43,1,Female,Rural,Prepaid,75.62,0,2021-05-20,31,513.17,10.87,23.83,1,0
CUST_3028,43,1,Male,Urban,Monthly,83.36,0,2019-08-06,52,374.75,10.33,27.33,0,0
CUST_3029,32,0,Male,Suburban,Yearly,67.87,0,2023-02-11,10,670.65,10.18,22.67,8,0
CUST_303,52,0,Male,Suburban,Prepaid,62.53,0,2022-06-14,18,530.27,9.55,18.25,6,0
CUST_3030,43,1,Male,Urban,Prepaid,37.14,0,2019-02-07,58,529.77,9.70,28.33,11,0
CUST_3031,43,1,Male,Urban,Prepaid,31.33,0,2018-08-17,64,468.37,10.93,30.17,10,0
CUST_3032,67,0,Male,Rural,Yearly,39.42,0,2021-10-22,26,487.20,8.29,26.25,9,0
CUST_3033,43,1,Male,Suburban,Prepaid,58.56,0,2021-06-03,30,473.97,9.98,26.25,3,0
CUST_3034,32,0,Female,Urban,Yearly,34.05,0,2022-12-18,12,536.17,9.77,22.00,7,0
CUST_3035,68,0,Male,Rural,Prepaid,22.12,0,2020-07-08,41,509.38,10.49,24.50,3,0
CUST_3036,40,0,Female,Rural,Prepaid,66.22,0,2018-03-07,69,626.21,9.36,22.83,5,0
CUST_3037,41,0,Female,Urban,Prepaid,40.99,0,2019-07-27,53,609.42,10.59,21.58,9,0
CUST_3038,61,0,Female,Urban,Prepaid,63.72,0,2018-02-09,70,527.96,9.25,28.25,9,0
CUST_3039,30,0,Female,Rural,Prepaid,61.57,0,2019-07-17,53,487.13,8.67,22.42,2,0
CUST_304,36,0,Female,Rural,Yearly,42.34,0,2020-12-14,36,305.59,11.78,21.33,3,0
CUST_3040,39,0,Female,Urban,Prepaid,52.96,0,2019-10-31,50,359.70,8.58,25.33,3,0
CUST_3041,60,0,Male,Urban,Prepaid,62.59,0,2019-04-09,56,453.47,10.50,30.25,7,0
CUST_3042,54,0,Male,Suburban,Prepaid,72.21,0,2021-11-23,25,484.69,10.95,29.17,7,0
CUST_3043,50,0,Male,Rural,Monthly,61.46,0,2021-03-05,33,575.73,10.91,22.75,6,0
CUST_3044,20,0,Male,Urban,Yearly,61.87,0,2020-08-09,40,634.31,9.78,26.92,11,0
CUST_3045,43,1,Female,Rural,Yearly,55.81,0,2021-08-01,28,405.25,10.52,27.83,6,0
CUST_3046,40,0,Female,Suburban,Monthly,43.50,0,2021-11-10,25,635.57,10.51,27.08,10,0
CUST_3047,43,1,Female,Rural,Yearly,54.62,0,2020-06-14,42,428.45,10.84,31.25,4,0
CUST_3048,47,0,Male,Rural,Prepaid,53.14,0,2021-03-22,33,636.46,8.20,19.33,7,1
CUST_3049,56,0,Male,Rural,Prepaid,57.34,0,2023-05-25,7,539.21,9.56,23.08,9,0
CUST_305,43,1,Male,Urban,Monthly,63.89,0,2022-01-16,23,428.78,10.36,22.58,6,0
CUST_3050,43,1,Male,Suburban,Prepaid,55.00,0,2019-03-13,57,409.01,10.96,32.67,8,0
CUST_3051,64,0,Male,Suburban,Monthly,43.14,0,2021-09-24,27,424.62,10.38,21.50,4,0
CUST_3052,42,0,Female,Rural,Yearly,67.09,0,2019-05-22,55,546.08,9.03,22.00,3,0
CUST_3053,54,0,Female,Rural,Monthly,42.09,0,2020-09-14,39,529.11,10.69,23.67,9,1
CUST_3054,43,1,Male,Suburban,Prepaid,55.91,0,2019-10-11,50,492.73,10.43,24.75,5,0
CUST_3055,43,1,Male,Urban,Monthly,57.73,0,2022-08-29,16,503.59,9.46,33.25,6,0
CUST_3056,59,0,Female,Suburban,Prepaid,34.25,0,2021-03-26,33,430.36,9.28,20.92,4,0
CUST_3057,33,0,Female,Rural,Monthly,73.43,0,2022-03-09,21,397.50,9.94,32.33,7,0
CUST_3058,43,1,Female,Urban,Monthly,49.38,0,2020-09-04,39,614.63,10.09,25.67,5,0
CUST_3059,18,0,Female,Urban,Prepaid,35.10,0,2022-05-22,19,521.98,9.85,23.58,4,0
CUST_306,43,1,Male,Suburban,Monthly,70.41,0,2019-01-09,59,552.74,11.34,16.42,5,0
CUST_3060,43,1,Male,Urban,Prepaid,50.01,0,2023-04-05,8,540.79,10.09,23.08,5,0
CUST_3061,22,0,Female,Suburban,Monthly,35.38,0,2023-05-20,7,430.74,11.12,29.33,8,0
CUST_3062,20,0,Female,Suburban,Monthly,41.30,0,2021-06-12,30,482.80,10.74,28.50,7,0
CUST_3063,43,1,Female,Suburban,Prepaid,41.01,0,2023-05-04,7,426.14,9.17,32.67,9,1
CUST_3064,21,0,Female,Suburban,Monthly,47.96,0,2022-04-18,20,628.31,11.13,25.58,3,0
CUST_3065,57,0,Male,Rural,Yearly,70.47,0,2023-01-26,11,459.98,10.24,16.17,11,0
CUST_3066,52,0,Male,Urban,Prepaid,51.60,0,2023-01-13,11,512.89,10.40,21.33,6,0
CUST_3067,49,0,Male,Rural,Prepaid,52.47,0,2020-12-22,36,541.37,10.14,29.58,6,0
CUST_3068,59,0,Male,Suburban,Monthly,42.84,0,2020-09-29,39,670.62,9.65,24.75,4,0
CUST_3069,51,0,Male,Suburban,Monthly,54.25,0,2021-10-23,26,537.51,9.80,22.50,5,0
CUST_307,20,0,Female,Rural,Monthly,56.03,0,2019-07-13,53,372.71,9.89,26.33,7,0
CUST_3070,60,0,Male,Rural,Prepaid,49.50,0,2020-05-11,43,601.65,8.78,22.58,10,0
CUST_3071,43,1,Female,Urban,Prepaid,48.74,0,2021-10-14,26,447.85,8.81,25.17,1,0
CUST_3072,27,0,Female,Urban,Prepaid,60.61,0,2019-05-29,55,586.51,10.96,31.50,10,0
CUST_3073,38,0,Female,Suburban,Monthly,35.88,0,2018-04-02,68,418.62,9.48,18.25,6,0
CUST_3074,43,1,Female,Suburban,Prepaid,69.00,0,2021-09-08,27,598.60,9.79,25.67,8,1
CUST_3075,56,0,Male,Suburban,Monthly,9.57,0,2019-05-19,55,301.19,10.29,21.92,3,0
CUST_3076,44,0,Female,Suburban,Yearly,48.60,0,2018-07-05,65,423.79,9.26,25.00,6,0
CUST_3077,44,0,Male,Urban,Yearly,70.38,0,2018-05-05,67,249.45,8.91,23.33,6,0
CUST_3078,19,0,Female,Rural,Monthly,68.10,0,2020-01-12,47,587.72,9.10,20.17,11,1
CUST_3079,58,0,Female,Urban,Monthly,52.38,0,2021-06-26,30,451.63,10.62,29.67,5,0
CUST_308,37,0,Male,Urban,Monthly,42.28,0,2018-01-03,71,307.68,8.91,20.00,10,0
CUST_3080,43,1,Female,Rural,Yearly,37.85,0,2020-10-12,38,526.76,8.57,24.42,2,0
CUST_3081,43,1,Male,Suburban,Yearly,48.00,0,2020-08-04,40,527.80,10.36,20.17,4,0
CUST_3082,26,0,Female,Suburban,Yearly,88.87,0,2020-02-21,46,436.70,10.20,26.42,12,0
CUST_3083,69,0,Male,Rural,Prepaid,60.63,0,2018-07-03,65,466.45,10.43,17.17,5,0
CUST_3084,43,1,Male,Suburban,Prepaid,24.49,0,2018-12-02,60,470.01,10.68,23.33,8,0
CUST_3085,39,0,Female,Urban,Yearly,51.24,0,2020-11-03,37,505.77,9.53,23.75,7,0
CUST_3086,59,0,Male,Suburban,Yearly,41.02,0,2023-03-18,9,343.51,8.91,23.33,4,0
CUST_3087,43,1,Male,Suburban,Monthly,30.95,0,2021-10-15,26,577.21,10.17,22.17,4,0
CUST_3088,29,0,Female,Suburban,Yearly,57.24,0,2018-09-25,63,379.13,11.35,25.92,6,0
CUST_3089,43,1,Female,Suburban,Monthly,35.45,0,2021-11-08,25,380.37,12.47,25.25,3,0
CUST_309,43,1,Female,Urban,Prepaid,58.04,0,2023-06-17,6,563.62,9.98,23.75,4,0
CUST_3090,31,0,Female,Urban,Monthly,73.22,0,2022-09-16,15,247.44,9.90,26.00,5,1
CUST_3091,31,0,Female,Rural,Prepaid,70.12,0,2022-08-30,16,311.08,11.05,21.33,7,0
CUST_3092,51,0,Female,Suburban,Monthly,39.06,0,2021-12-05,24,467.46,8.48,30.50,6,0
CUST_3093,37,0,Female,Suburban,Monthly,38.12,0,2020-11-19,37,331.90,9.48,25.25,6,0
CUST_3094,43,1,Male,Urban,Yearly,60.10,0,2021-05-28,31,468.48,8.52,22.75,5,0
CUST_3095,43,1,Female,Urban,Monthly,65.27,0,2018-06-01,66,452.07,11.37,24.58,9,0
CUST_3096,68,0,Female,Urban,Yearly,46.23,0,2021-04-18,32,583.16,10.08,28.17,7,0
CUST_3097,43,1,Male,Suburban,Yearly,64.68,0,2022-10-05,14,548.45,10.85,21.00,6,0
CUST_3098,23,0,Female,Rural,Prepaid,74.97,0,2018-02-19,70,572.39,9.28,24.08,8,0
CUST_3099,36,0,Male,Urban,Prepaid,54.95,0,2018-07-25,65,568.82,9.35,20.92,4,0
CUST_31,44,0,Female,Rural,Prepaid,39.19,0,2019-03-11,57,588.83,10.24,23.17,10,0
CUST_310,43,1,Male,Suburban,Monthly,75.21,0,2021-09-26,27,679.41,9.41,23.25,6,0
CUST_3100,43,1,Female,Urban,Monthly,34.56,0,2022-08-08,16,477.00,7.70,20.42,10,0
CUST_3101,21,0,Female,Urban,Prepaid,61.78,0,2019-12-19,48,715.39,10.06,29.92,5,0
CUST_3102,64,0,Male,Rural,Monthly,52.15,0,2022-07-16,17,559.95,8.90,29.17,8,0
CUST_3103,21,0,Female,Suburban,Prepaid,45.18,0,2019-05-06,55,510.46,10.76,24.42,3,0
CUST_3104,37,0,Male,Suburban,Prepaid,61.28,0,2022-11-29,13,488.82,10.54,18.25,5,0
CUST_3105,43,1,Female,Suburban,Prepaid,68.11,0,2022-07-28,17,445.95,8.72,33.42,4,1
CUST_3106,41,0,Female,Urban,Prepaid,52.79,0,2021-11-10,25,485.82,8.88,22.67,8,0
CUST_3107,52,0,Male,Suburban,Prepaid,15.81,0,2021-05-03,31,327.19,9.16,29.58,7,0
CUST_3108,43,0,Female,Urban,Yearly,51.80,0,2023-05-20,7,391.02,11.27,21.17,5,0
CUST_3109,43,1,Female,Rural,Prepaid,53.40,0,2018-08-24,64,500.71,10.17,25.17,10,0
CUST_311,43,1,Female,Suburban,Monthly,30.03,0,2022-02-09,22,312.40,11.82,24.50,6,0
CUST_3110,55,0,Male,Rural,Yearly,88.79,0,2023-03-11,9,469.01,9.62,29.42,4,0
CUST_3111,38,0,Female,Suburban,Yearly,51.94,0,2020-04-04,44,414.12,8.76,21.50,5,0
CUST_3112,57,0,Male,Urban,Yearly,47.43,0,2022-11-13,13,719.72,10.08,23.67,8,0
CUST_3113,43,1,Female,Urban,Monthly,60.35,0,2020-01-31,47,526.02,7.86,21.75,5,0
CUST_3114,38,0,Male,Suburban,Monthly,45.50,0,2018-05-04,67,508.63,9.28,31.17,12,0
CUST_3115,27,0,Female,Rural,Prepaid,39.71,0,2019-12-10,48,676.17,10.79,26.00,10,0
CUST_3116,55,0,Male,Rural,Prepaid,26.08,0,2020-11-08,37,565.74,8.99,22.33,3,0
CUST_3117,43,1,Male,Rural,Yearly,41.07,0,2021-11-14,25,545.67,9.34,22.42,8,1
CUST_3118,21,0,Female,Rural,Prepaid,21.38,0,2020-10-03,38,386.58,10.10,20.67,10,0
CUST_3119,43,1,Female,Rural,Yearly,54.25,0,2019-02-02,58,461.88,9.64,17.67,7,0
CUST_312,69,0,Male,Rural,Yearly,66.62,0,2019-05-09,55,320.68,9.41,26.25,6,1
CUST_3120,37,0,Male,Suburban,Monthly,53.24,0,2022-03-12,21,536.76,10.61,21.83,4,0
CUST_3121,34,0,Female,Suburban,Monthly,60.45,0,2022-04-11,20,235.90,9.06,30.83,2,0
CUST_3122,24,0,Male,Suburban,Prepaid,34.53,0,2022-03-10,21,388.92,10.66,25.08,3,0
CUST_3123,21,0,Female,Rural,Monthly,28.42,0,2019-07-11,53,450.97,9.85,23.00,5,0
CUST_3124,43,1,Female,Rural,Monthly,80.86,0,2020-03-19,45,587.31,9.70,22.25,4,0
CUST_3125,43,1,Male,Suburban,Monthly,48.82,0,2018-08-01,64,345.42,8.39,26.83,6,0
CUST_3126,43,1,Male,Suburban,Monthly,60.50,0,2019-03-16,57,538.44,12.26,24.42,10,0
CUST_3127,41,0,Female,Rural,Prepaid,51.99,0,2020-01-30,47,624.93,9.90,27.17,8,1
CUST_3128,54,0,Female,Urban,Prepaid,61.17,0,2021-01-24,35,441.68,9.51,29.00,6,1
CUST_3129,33,0,Female,Suburban,Prepaid,53.42,0,2022-07-20,17,508.39,10.88,32.67,5,0
CUST_313,28,0,Male,Rural,Yearly,30.67,0,2019-03-16,57,409.01,9.39,24.42,10,0
CUST_3130,69,0,Female,Rural,Prepaid,37.97,0,2021-12-04,24,498.10,9.33,31.00,10,0
CUST_3131,21,0,Female,Rural,Prepaid,58.13,0,2021-06-05,30,347.49,11.33,33.00,8,0
CUST_3132,41,0,Male,Suburban,Prepaid,54.56,0,2020-01-11,47,582.98,10.96,27.17,6,0
CUST_3133,51,0,Female,Urban,Monthly,24.77,0,2019-08-10,52,553.42,10.68,23.08,4,0
CUST_3134,47,0,Female,Rural,Monthly,54.42,0,2023-02-19,10,295.22,9.15,30.08,8,0
CUST_3135,35,0,Male,Suburban,Prepaid,44.19,0,2020-04-08,44,726.86,10.51,32.00,4,0
CUST_3136,43,1,Male,Rural,Monthly,40.00,0,2019-11-04,49,631.33,9.23,16.42,5,0
CUST_3137,43,1,Male,Rural,Monthly,64.63,0,2022-11-13,13,564.07,9.33,29.25,8,0
CUST_3138,36,0,Female,Rural,Monthly,48.92,0,2019-05-18,55,537.26,10.39,17.17,10,0
CUST_3139,66,0,Male,Rural,Monthly,49.38,0,2023-04-11,8,425.71,9.79,21.58,10,0
CUST_314,66,0,Female,Rural,Prepaid,27.24,0,2018-01-06,71,389.69,9.41,19.17,8,0
CUST_3140,43,1,Male,Urban,Prepaid,51.34,0,2021-11-15,25,527.50,11.62,23.92,7,0
CUST_3141,36,0,Male,Suburban,Prepaid,49.51,0,2023-03-18,9,554.19,10.17,28.25,4,0
CUST_3142,43,1,Male,Suburban,Prepaid,48.53,0,2020-06-20,42,449.86,8.84,24.75,6,0
CUST_3143,41,0,Female,Suburban,Prepaid,71.84,0,2020-01-31,47,601.61,9.69,30.75,2,0
CUST_3144,62,0,Female,Suburban,Monthly,39.74,0,2022-11-10,13,402.23,9.63,26.08,7,0
CUST_3145,29,0,Female,Suburban,Yearly,23.95,0,2018-05-06,67,434.34,8.47,21.92,15,0
CUST_3146,47,0,Male,Urban,Prepaid,50.67,0,2020-01-02,47,365.88,9.76,27.67,7,0
CUST_3147,43,1,Male,Rural,Monthly,35.91,0,2019-01-19,59,754.09,9.21,26.17,6,0
CUST_3148,43,1,Male,Rural,Yearly,33.55,0,2023-05-24,7,584.00,8.72,27.58,6,0
CUST_3149,53,0,Male,Suburban,Prepaid,49.76,0,2019-03-07,57,427.99,10.12,18.50,7,0
CUST_315,25,0,Male,Suburban,Monthly,31.50,0,2019-04-22,56,390.79,10.58,22.50,9,0
CUST_3150,43,1,Male,Rural,Yearly,54.12,0,2022-12-27,12,281.32,9.95,21.33,9,0
CUST_3151,65,0,Male,Rural,Prepaid,47.39,0,2018-01-19,71,520.54,10.19,30.75,5,0
CUST_3152,43,1,Female,Rural,Yearly,43.15,0,2018-03-18,69,522.85,8.88,25.25,7,0
CUST_3153,43,1,Female,Suburban,Prepaid,46.99,0,2021-06-07,30,488.86,10.16,21.00,5,0
CUST_3154,47,0,Male,Suburban,Prepaid,49.24,0,2022-03-05,21,524.92,10.21,27.17,9,1
CUST_3155,43,1,Female,Urban,Monthly,49.96,0,2021-09-05,27,479.99,8.21,24.92,6,0
CUST_3156,50,0,Male,Suburban,Yearly,23.12,0,2020-06-24,42,665.96,10.20,22.00,5,0
CUST_3157,35,0,Male,Urban,Prepaid,63.11,0,2020-10-17,38,311.39,9.89,28.25,4,0
CUST_3158,43,1,Female,Suburban,Monthly,28.14,0,2020-01-15,47,568.06,9.60,24.33,6,0
CUST_3159,66,0,Male,Rural,Monthly,39.93,0,2021-12-03,24,338.51,8.33,23.75,3,0
CUST_316,53,0,Female,Rural,Prepaid,49.41,0,2021-06-12,30,397.25,10.37,19.50,6,0
CUST_3160,45,0,Female,Urban,Prepaid,26.69,0,2020-07-02,41,358.49,8.96,22.58,9,0
CUST_3161,64,0,Male,Urban,Monthly,52.51,0,2018-09-21,63,583.33,8.88,29.75,8,0
CUST_3162,28,0,Male,Urban,Monthly,39.34,0,2019-08-29,52,532.94,9.46,21.17,7,0
CUST_3163,43,1,Female,Suburban,Prepaid,47.24,0,2023-02-17,10,466.18,8.69,27.75,8,0
CUST_3164,43,1,Male,Urban,Monthly,38.86,0,2023-06-07,6,671.21,9.89,21.92,6,0
CUST_3165,43,1,Male,Suburban,Yearly,34.19,0,2019-05-21,55,312.85,8.78,20.92,5,1
CUST_3166,23,0,Male,Urban,Monthly,12.35,0,2020-09-07,39,499.92,9.23,29.17,3,0
CUST_3167,21,0,Female,Suburban,Yearly,41.13,0,2020-05-02,43,633.89,11.34,29.17,8,0
CUST_3168,43,1,Male,Urban,Prepaid,31.85,0,2021-08-20,28,398.15,10.36,24.75,7,0
CUST_3169,65,0,Male,Rural,Prepaid,57.79,0,2018-07-15,65,520.32,11.10,24.25,8,0
CUST_317,43,1,Male,Rural,Prepaid,68.94,0,2019-06-30,54,655.17,10.22,21.92,5,0
CUST_3170,43,1,Male,Rural,Yearly,81.21,0,2020-01-05,47,468.52,8.31,23.75,4,0
CUST_3171,43,1,Female,Urban,Yearly,77.45,0,2022-05-07,19,455.85,9.60,24.50,3,0
CUST_3172,32,0,Female,Suburban,Prepaid,48.78,0,2021-05-08,31,435.60,9.49,19.00,10,0
CUST_3173,43,1,Female,Suburban,Prepaid,38.13,0,2020-10-26,38,385.24,11.82,15.92,3,0
CUST_3174,64,0,Female,Suburban,Yearly,20.75,0,2021-02-04,34,639.55,11.16,19.00,4,0
CUST_3175,43,1,Female,Rural,Prepaid,43.72,0,2022-11-16,13,510.14,10.24,24.83,8,0
CUST_3176,28,0,Male,Rural,Prepaid,36.32,0,2021-03-17,33,429.34,10.72,29.00,10,0
CUST_3177,56,0,Female,Rural,Monthly,194.70,0,2021-11-26,25,721.97,8.99,25.50,3,0
CUST_3178,26,0,Female,Suburban,Yearly,25.52,0,2021-07-29,29,484.48,9.97,21.42,7,1
CUST_3179,43,0,Male,Suburban,Monthly,60.54,0,2019-10-06,50,672.79,8.02,26.92,6,0
CUST_318,57,0,Male,Urban,Monthly,19.83,0,2019-05-18,55,404.52,10.50,20.58,5,0
CUST_3180,43,1,Female,Suburban,Monthly,57.64,0,2019-07-26,53,775.84,9.35,26.33,6,0
CUST_3181,43,1,Male,Urban,Prepaid,36.27,0,2019-02-05,58,561.70,10.71,22.92,3,1
CUST_3182,43,1,Female,Urban,Monthly,62.84,0,2018-07-22,65,487.22,9.24,15.83,5,0
CUST_3183,43,1,Male,Urban,Prepaid,50.89,0,2021-09-05,27,477.80,8.91,24.50,7,0
CUST_3184,67,0,Male,Rural,Yearly,57.95,0,2019-08-14,52,426.10,8.84,18.75,7,0
CUST_3185,20,0,Female,Rural,Monthly,61.61,0,2018-12-27,60,261.75,8.29,23.83,7,0
CUST_3186,43,1,Female,Suburban,Monthly,55.47,0,2023-01-05,11,476.81,9.69,24.58,12,1
CUST_3187,60,0,Male,Urban,Yearly,37.69,0,2018-04-22,68,440.69,9.79,17.42,9,0
CUST_3188,43,1,Male,Suburban,Prepaid,65.74,0,2021-07-22,29,652.16,10.34,23.00,8,1
CUST_3189,47,0,Male,Urban,Yearly,61.59,0,2022-11-18,13,741.79,9.80,25.25,7,0
CUST_319,37,0,Male,Urban,Monthly,64.84,0,2021-09-10,27,611.34,10.36,23.17,6,0
CUST_3190,62,0,Male,Urban,Prepaid,61.81,0,2018-08-15,64,576.84,9.55,20.00,7,0
CUST_3191,23,0,Male,Suburban,Prepaid,30.06,0,2019-05-18,55,430.48,9.85,27.17,4,0
CUST_3192,34,0,Male,Suburban,Prepaid,28.00,0,2021-11-25,25,500.36,10.25,30.75,6,1
CUST_3193,43,1,Male,Urban,Yearly,72.69,0,2021-07-12,29,433.30,10.84,18.42,8,0
CUST_3194,68,0,Female,Urban,Yearly,40.43,0,2022-02-01,22,623.88,10.91,20.33,8,0
CUST_3195,36,0,Male,Rural,Prepaid,53.79,0,2020-07-10,41,315.80,10.98,30.33,12,0
CUST_3196,43,1,Female,Suburban,Prepaid,68.10,0,2021-06-29,30,455.52,9.01,27.67,7,0
CUST_3197,52,0,Female,Suburban,Yearly,74.49,0,2020-05-04,43,452.86,11.44,24.17,1,0
CUST_3198,43,1,Male,Suburban,Prepaid,58.61,0,2023-04-27,8,464.94,9.43,17.42,2,0
CUST_3199,43,0,Male,Suburban,Monthly,42.17,0,2018-03-20,69,634.08,10.96,29.83,7,0
CUST_32,59,0,Female,Urban,Prepaid,67.45,0,2023-03-02,9,393.60,10.48,31.50,8,0
CUST_320,43,1,Female,Urban,Monthly,47.70,0,2023-04-24,8,410.19,9.91,24.25,7,0
CUST_3200,68,0,Female,Urban,Monthly,45.70,0,2022-08-10,16,470.16,10.33,20.42,5,0
CUST_3201,22,0,Male,Rural,Yearly,55.56,0,2019-11-22,49,591.56,10.34,22.08,4,0
CUST_3202,43,1,Male,Suburban,Monthly,52.62,0,2022-10-06,14,457.06,9.62,28.25,8,0
CUST_3203,54,0,Female,Urban,Monthly,39.26,0,2018-10-18,62,596.60,9.85,27.42,5,0
CUST_3204,37,0,Female,Urban,Yearly,10.20,0,2018-02-15,70,673.87,10.44,23.58,10,0
CUST_3205,43,1,Female,Urban,Prepaid,38.96,0,2022-01-22,23,395.31,11.62,19.50,9,0
CUST_3206,38,0,Male,Urban,Prepaid,46.81,0,2018-05-30,67,373.11,10.46,23.08,12,0
CUST_3207,27,0,Male,Urban,Prepaid,49.86,0,2018-04-06,68,565.36,10.42,18.50,9,0
CUST_3208,22,0,Female,Suburban,Yearly,75.60,0,2018-09-04,63,433.73,11.11,27.17,4,1
CUST_3209,53,0,Male,Suburban,Monthly,66.01,0,2020-06-15,42,695.28,8.38,27.92,11,0
CUST_321,43,1,Female,Rural,Monthly,33.46,0,2019-07-29,53,602.93,10.13,27.17,9,0
CUST_3210,23,0,Female,Rural,Prepaid,43.08,0,2023-05-07,7,440.93,10.75,29.75,5,0
CUST_3211,43,0,Male,Suburban,Monthly,57.56,0,2019-04-19,56,527.40,8.33,23.25,2,0
CUST_3212,21,0,Female,Urban,Monthly,10.03,0,2020-07-11,41,518.34,9.75,24.83,2,0
CUST_3213,56,0,Male,Rural,Yearly,68.39,0,2023-01-23,11,436.71,10.05,21.83,10,0
CUST_3214,56,0,Female,Urban,Prepaid,42.55,0,2021-01-28,35,412.45,10.46,18.08,13,1
CUST_3215,67,0,Male,Urban,Monthly,52.81,0,2019-04-01,56,530.50,10.86,27.17,3,0
CUST_3216,43,1,Male,Suburban,Monthly,50.45,0,2020-10-02,38,485.60,10.71,23.92,5,0
CUST_3217,18,0,Female,Urban,Prepaid,65.39,0,2018-10-14,62,526.22,9.87,19.75,5,0
CUST_3218,41,0,Male,Suburban,Yearly,44.77,0,2021-07-29,29,588.73,8.29,26.08,6,0
CUST_3219,53,0,Male,Urban,Prepaid,62.34,0,2019-05-09,55,424.20,9.21,30.33,5,0
CUST_322,42,0,Female,Suburban,Yearly,58.87,0,2020-08-02,40,431.97,10.99,28.67,5,0
CUST_3220,23,0,Female,Rural,Monthly,55.47,0,2021-10-17,26,336.18,7.40,19.50,9,0
CUST_3221,43,1,Male,Urban,Monthly,51.84,0,2020-11-05,37,509.16,9.84,18.33,1,0
CUST_3222,63,0,Male,Suburban,Monthly,48.38,0,2019-02-01,58,572.62,8.63,28.67,6,1
CUST_3223,61,0,Male,Urban,Prepaid,42.36,0,2021-11-26,25,470.92,9.57,18.92,12,0
CUST_3224,48,0,Female,Suburban,Yearly,47.51,0,2020-03-08,45,511.63,8.02,31.75,3,0
CUST_3225,37,0,Female,Suburban,Prepaid,44.27,0,2021-01-03,35,433.10,9.32,22.08,5,0
CUST_3226,41,0,Female,Rural,Monthly,56.28,0,2018-08-17,64,458.31,10.33,29.33,2,0
CUST_3227,42,0,Female,Suburban,Monthly,32.98,0,2020-03-22,45,507.10,10.32,27.67,4,0
CUST_3228,53,0,Female,Rural,Yearly,51.08,0,2019-04-16,56,399.92,8.46,35.42,3,0
CUST_3229,38,0,Male,Rural,Monthly,72.74,0,2018-02-19,70,382.04,8.55,22.42,7,0
CUST_323,43,1,Female,Urban,Monthly,42.88,0,2022-05-08,19,604.91,8.77,26.42,4,0
CUST_3230,47,0,Male,Urban,Prepaid,43.40,0,2023-03-27,9,298.19,10.53,28.08,5,0
CUST_3231,41,0,Female,Rural,Yearly,56.57,0,2022-11-30,13,378.77,9.00,23.58,7,0
CUST_3232,61,0,Male,Suburban,Prepaid,15.15,0,2021-09-02,27,471.78,9.20,28.17,5,0
CUST_3233,43,1,Male,Suburban,Prepaid,26.29,0,2022-09-15,15,378.43,9.22,27.17,8,0
CUST_3234,47,0,Male,Rural,Yearly,48.00,0,2020-09-11,39,517.45,9.69,28.92,6,0
CUST_3235,39,0,Male,Urban,Monthly,48.87,0,2018-12-19,60,494.34,9.43,26.83,11,0
CUST_3236,43,1,Female,Rural,Prepaid,50.62,0,2020-07-27,41,419.37,9.17,26.42,7,0
CUST_3237,24,0,Female,Rural,Monthly,82.86,0,2018-05-13,67,478.91,9.08,17.08,5,0
CUST_3238,43,1,Male,Suburban,Prepaid,41.26,0,2023-02-04,10,486.09,9.53,25.17,4,0
CUST_3239,45,0,Male,Urban,Prepaid,51.27,0,2022-11-09,13,481.29,10.34,28.17,3,0
CUST_324,43,1,Female,Suburban,Monthly,83.88,0,2021-08-31,28,657.53,8.85,16.00,8,0
CUST_3240,43,1,Female,Urban,Prepaid,39.25,0,2018-06-05,66,427.73,10.45,26.50,4,0
CUST_3241,27,0,Male,Urban,Monthly,61.05,0,2019-04-03,56,441.82,9.70,24.42,9,0
CUST_3242,43,1,Male,Urban,Monthly,32.74,0,2021-04-20,32,435.04,10.62,18.67,6,1
CUST_3243,33,0,Male,Suburban,Monthly,39.51,0,2022-01-20,23,625.88,10.72,18.83,9,0
CUST_3244,48,0,Female,Urban,Prepaid,36.48,0,2018-08-14,64,417.90,10.80,24.42,9,0
CUST_3245,59,0,Female,Urban,Monthly,62.36,0,2023-03-14,9,505.07,8.48,25.67,7,0
CUST_3246,42,0,Male,Urban,Monthly,51.89,0,2018-04-03,68,608.01,9.34,26.33,5,1
CUST_3247,30,0,Male,Suburban,Monthly,54.25,0,2023-01-20,11,571.96,9.54,22.58,7,0
CUST_3248,43,1,Male,Suburban,Yearly,47.09,0,2019-07-15,53,532.60,10.44,29.67,7,0
CUST_3249,61,0,Male,Urban,Monthly,68.14,0,2021-12-25,24,334.17,10.40,21.50,9,0
CUST_325,46,0,Male,Rural,Prepaid,57.48,0,2022-07-11,17,561.39,10.11,30.08,10,0
CUST_3250,43,1,Male,Suburban,Monthly,47.68,0,2022-10-15,14,519.74,9.04,25.42,6,0
CUST_3251,62,0,Male,Rural,Yearly,79.48,0,2022-05-03,19,512.19,11.34,28.58,16,0
CUST_3252,53,0,Female,Urban,Monthly,69.04,0,2023-01-04,11,502.34,10.27,23.00,9,0
CUST_3253,43,1,Female,Suburban,Monthly,27.86,0,2018-03-26,69,597.85,8.59,21.17,6,0
CUST_3254,37,0,Male,Urban,Monthly,59.58,0,2021-05-22,31,535.98,9.23,22.67,3,0
CUST_3255,35,0,Female,Urban,Prepaid,69.02,0,2019-06-30,54,521.70,8.96,24.58,7,0
CUST_3256,60,0,Male,Suburban,Monthly,43.88,0,2018-04-19,68,375.89,10.29,23.75,2,0
CUST_3257,38,0,Male,Rural,Monthly,56.17,0,2022-01-19,23,489.80,8.50,26.00,8,0
CUST_3258,21,0,Female,Urban,Prepaid,27.83,0,2019-07-20,53,501.41,9.00,29.08,1,0
CUST_3259,67,0,Female,Rural,Prepaid,35.06,0,2019-09-29,51,730.87,9.38,21.58,2,0
CUST_326,43,1,Male,Rural,Monthly,50.84,0,2023-02-13,10,418.85,10.47,25.75,8,0
CUST_3260,50,0,Male,Suburban,Yearly,46.23,0,2020-04-13,44,441.41,10.51,23.83,4,0
CUST_3261,43,1,Male,Urban,Monthly,29.68,0,2022-05-30,19,386.40,9.42,18.33,5,1
CUST_3262,24,0,Female,Suburban,Prepaid,50.83,0,2020-12-26,36,439.31,8.78,22.25,10,0
CUST_3263,23,0,Female,Suburban,Prepaid,59.76,0,2019-05-12,55,518.20,9.59,17.92,2,0
CUST_3264,32,0,Male,Suburban,Monthly,36.26,0,2019-11-03,49,451.08,10.52,24.08,5,0
CUST_3265,35,0,Male,Suburban,Prepaid,29.89,0,2020-01-21,47,560.09,9.42,21.58,6,0
CUST_3266,43,1,Male,Urban,Prepaid,26.32,0,2018-07-11,65,393.69,9.44,28.75,5,0
CUST_3267,43,1,Female,Rural,Monthly,68.19,0,2020-11-27,37,543.58,11.05,20.00,2,0
CUST_3268,37,0,Male,Rural,Monthly,23.87,0,2019-09-24,51,497.95,10.14,27.17,8,0
CUST_3269,41,0,Female,Urban,Prepaid,54.44,0,2021-08-24,28,344.07,10.47,28.25,3,0
CUST_327,63,0,Female,Urban,Yearly,59.72,0,2023-08-05,4,604.83,10.72,20.25,5,0
CUST_3270,32,0,Male,Urban,Prepaid,69.59,0,2022-11-25,13,449.34,10.18,28.75,6,0
CUST_3271,65,0,Female,Rural,Monthly,35.33,0,2021-03-10,33,699.30,9.60,26.25,9,0
CUST_3272,24,0,Female,Rural,Prepaid,37.34,0,2018-04-01,68,368.16,10.80,24.83,6,0
CUST_3273,43,1,Female,Urban,Prepaid,52.64,0,2018-10-17,62,396.04,8.03,20.92,6,1
CUST_3274,59,0,Female,Suburban,Prepaid,53.61,0,2021-10-17,26,558.04,8.60,17.00,5,0
CUST_3275,43,0,Male,Urban,Prepaid,42.52,0,2019-04-22,56,697.31,11.69,26.50,9,0
CUST_3276,43,1,Female,Rural,Prepaid,45.54,0,2020-07-13,41,655.09,9.31,28.25,1,0
CUST_3277,31,0,Female,Suburban,Yearly,51.36,0,2023-02-27,10,457.38,10.12,23.42,11,0
CUST_3278,54,0,Female,Rural,Prepaid,43.94,0,2023-04-09,8,553.56,9.97,22.33,2,0
CUST_3279,38,0,Male,Suburban,Prepaid,44.44,0,2018-02-18,70,489.31,11.05,28.08,11,0
CUST_328,35,0,Male,Suburban,Prepaid,70.15,0,2018-04-21,68,532.46,10.36,18.42,7,0
CUST_3280,43,1,Male,Rural,Prepaid,79.14,0,2022-10-19,14,442.65,8.60,21.50,6,0
CUST_3281,22,0,Male,Suburban,Monthly,65.20,0,2022-04-23,20,444.89,10.83,18.00,4,0
CUST_3282,20,0,Male,Urban,Yearly,66.38,0,2021-07-13,29,384.30,9.58,26.00,5,0
CUST_3283,40,0,Male,Urban,Monthly,44.88,0,2021-04-07,32,487.74,9.20,23.50,4,1
CUST_3284,43,1,Male,Suburban,Yearly,24.22,0,2022-06-10,18,272.53,10.01,28.08,7,1
CUST_3285,43,1,Female,Suburban,Prepaid,87.14,0,2018-02-16,70,433.69,10.83,23.67,6,0
CUST_3286,41,0,Female,Urban,Yearly,40.75,0,2021-11-11,25,641.58,10.12,16.00,5,0
CUST_3287,43,1,Female,Urban,Prepaid,54.64,0,2019-04-06,56,326.56,9.07,27.17,3,0
CUST_3288,36,0,Male,Suburban,Prepaid,61.76,0,2019-06-02,54,623.30,10.22,17.83,2,0
CUST_3289,68,0,Female,Suburban,Prepaid,41.29,0,2019-07-03,53,595.72,10.49,22.50,7,0
CUST_329,19,0,Male,Urban,Monthly,71.61,0,2022-06-12,18,406.26,10.26,21.67,6,0
CUST_3290,43,1,Female,Urban,Prepaid,63.52,0,2021-10-15,26,555.71,9.10,24.25,11,0
CUST_3291,38,0,Male,Rural,Monthly,50.14,0,2020-11-25,37,446.79,9.16,24.50,9,0
CUST_3292,43,1,Female,Urban,Monthly,46.05,0,2019-02-11,58,339.34,10.28,21.42,4,1
CUST_3293,58,0,Male,Suburban,Monthly,41.29,0,2023-03-19,9,516.70,10.50,24.83,3,0
CUST_3294,50,0,Female,Suburban,Prepaid,35.05,0,2022-10-20,14,541.27,10.34,18.33,9,0
CUST_3295,43,1,Male,Rural,Monthly,22.06,0,2020-01-15,47,374.57,9.21,24.58,5,0
CUST_3296,21,0,Male,Urban,Prepaid,92.21,0,2018-06-24,66,572.86,9.49,26.00,7,0
CUST_3297,43,1,Male,Suburban,Monthly,71.86,0,2023-01-02,11,294.92,9.30,28.33,3,0
CUST_3298,24,0,Female,Urban,Prepaid,51.54,0,2021-09-23,27,456.12,10.21,19.75,11,1
CUST_3299,39,0,Female,Suburban,Prepaid,73.40,0,2021-11-14,25,630.84,9.90,25.42,6,0
CUST_33,45,0,Female,Urban,Yearly,43.48,0,2019-12-24,48,735.21,11.29,27.50,5,0
CUST_330,52,0,Male,Rural,Yearly,63.92,0,2023-07-01,5,570.45,10.21,24.42,10,0
CUST_3300,50,0,Male,Rural,Monthly,71.44,0,2021-01-27,35,525.02,11.20,22.58,8,0
CUST_3301,43,1,Male,Urban,Yearly,58.95,0,2023-04-04,8,406.19,8.68,33.08,3,0
CUST_3302,41,0,Female,Urban,Monthly,44.83,0,2020-05-12,43,667.22,11.60,27.00,8,0
CUST_3303,51,0,Female,Rural,Prepaid,66.11,0,2021-01-17,35,326.04,11.79,19.67,6,0
CUST_3304,45,0,Male,Suburban,Prepaid,63.63,0,2021-11-16,25,464.96,8.90,31.83,6,0
CUST_3305,60,0,Female,Suburban,Prepaid,61.87,0,2018-09-23,63,469.06,10.53,28.08,4,0
CUST_3306,43,1,Female,Urban,Monthly,44.94,0,2019-12-13,48,308.03,10.16,26.50,7,0
CUST_3307,56,0,Female,Rural,Monthly,55.68,0,2018-01-29,71,397.29,10.66,24.92,7,0
CUST_3308,43,1,Male,Urban,Prepaid,54.10,0,2020-10-03,38,527.58,8.40,19.42,0,0
CUST_3309,43,1,Male,Urban,Prepaid,44.29,0,2020-07-16,41,714.77,9.93,24.92,9,0
CUST_331,33,0,Male,Suburban,Monthly,70.65,0,2018-07-07,65,475.66,10.26,23.25,4,0
CUST_3310,43,1,Female,Suburban,Monthly,55.55,0,2021-10-21,26,713.49,9.39,14.50,8,0
CUST_3311,43,1,Male,Suburban,Prepaid,68.79,0,2021-12-18,24,441.13,10.27,23.92,5,0
CUST_3312,23,0,Female,Suburban,Prepaid,72.88,0,2021-01-21,35,590.14,9.74,18.42,3,0
CUST_3313,63,0,Female,Suburban,Monthly,57.49,0,2019-12-25,48,564.28,9.86,29.17,6,0
CUST_3314,43,1,Male,Suburban,Prepaid,47.51,0,2023-01-01,11,289.84,10.62,19.58,7,0
CUST_3315,43,1,Male,Rural,Yearly,62.82,0,2019-03-31,57,522.08,8.82,29.58,3,0
CUST_3316,43,1,Male,Urban,Monthly,36.92,0,2022-05-17,19,687.07,9.64,20.67,6,0
CUST_3317,27,0,Female,Rural,Prepaid,44.34,0,2023-02-19,10,596.64,9.91,24.50,5,0
CUST_3318,43,1,Female,Urban,Prepaid,69.13,0,2020-11-11,37,533.81,9.52,22.92,13,0
CUST_3319,22,0,Male,Suburban,Prepaid,78.08,0,2022-05-14,19,649.91,11.13,19.58,3,0
CUST_332,43,1,Female,Urban,Monthly,68.05,0,2019-02-22,58,406.38,10.95,27.08,6,0
CUST_3320,43,1,Male,Rural,Monthly,67.10,0,2020-12-31,36,351.39,7.60,18.83,4,1
CUST_3321,39,0,Male,Urban,Yearly,48.78,0,2022-03-03,21,595.82,9.82,25.25,4,0
CUST_3322,65,0,Female,Suburban,Prepaid,17.15,0,2023-04-23,8,495.62,9.22,25.08,6,0
CUST_3323,19,0,Female,Suburban,Yearly,61.76,0,2022-09-11,15,280.58,9.27,27.50,8,0
CUST_3324,43,1,Female,Rural,Monthly,57.86,0,2021-09-15,27,363.57,11.33,30.17,5,0
CUST_3325,51,0,Male,Rural,Yearly,58.29,0,2021-08-31,28,513.17,10.10,21.33,8,0
CUST_3326,33,0,Male,Rural,Monthly,28.49,0,2021-04-24,32,446.47,10.00,22.08,7,0
CUST_3327,43,1,Female,Suburban,Monthly,45.04,0,2020-03-28,45,588.76,10.16,21.92,7,0
CUST_3328,68,0,Male,Urban,Monthly,77.98,0,2019-05-25,55,319.97,7.72,29.00,4,0
CUST_3329,56,0,Male,Urban,Yearly,34.64,0,2021-08-07,28,646.55,11.02,26.75,6,0
CUST_333,43,1,Male,Rural,Prepaid,63.64,0,2023-02-11,10,542.95,10.04,27.08,6,0
CUST_3330,43,1,Male,Rural,Prepaid,58.68,0,2020-10-03,38,668.04,8.73,23.17,3,0
CUST_3331,29,0,Male,Urban,Yearly,40.16,0,2021-12-26,24,447.81,9.78,27.50,8,0
CUST_3332,41,0,Female,Suburban,Monthly,57.61,0,2022-08-30,16,363.62,10.67,30.50,5,0
CUST_3333,64,0,Male,Urban,Monthly,47.02,0,2019-12-29,48,426.03,11.56,17.17,6,0
CUST_3334,57,0,Female,Suburban,Yearly,68.10,0,2021-01-31,35,401.60,9.83,24.17,4,0
CUST_3335,43,1,Female,Rural,Yearly,50.62,0,2020-10-04,38,293.87,9.13,29.08,5,0
CUST_3336,27,0,Male,Urban,Monthly,64.92,0,2019-05-05,55,713.89,10.63,26.25,5,0
CUST_3337,52,0,Female,Suburban,Prepaid,81.67,0,2019-09-28,51,755.07,10.76,17.92,5,0
CUST_3338,68,0,Female,Rural,Yearly,64.79,0,2021-10-26,26,595.07,10.25,32.00,2,0
CUST_3339,43,1,Male,Rural,Monthly,58.65,0,2019-01-30,59,397.37,10.47,25.58,5,0
CUST_334,50,0,Female,Urban,Monthly,44.09,0,2018-04-13,68,590.15,10.75,34.67,7,0
CUST_3340,43,1,Female,Rural,Monthly,67.36,0,2019-12-21,48,398.63,10.82,21.75,4,0
CUST_3341,43,1,Female,Rural,Yearly,58.44,0,2022-11-21,13,647.69,9.40,24.67,7,0
CUST_3342,43,1,Female,Urban,Prepaid,40.88,0,2022-09-19,15,612.01,9.15,19.67,7,0
CUST_3343,37,0,Female,Suburban,Prepaid,37.31,0,2018-07-29,65,584.03,9.93,31.83,7,0
CUST_3344,43,0,Female,Urban,Monthly,60.35,0,2021-06-23,30,452.35,8.63,21.42,8,0
CUST_3345,21,0,Female,Suburban,Prepaid,40.62,0,2021-09-29,27,326.48,8.34,30.25,7,0
CUST_3346,63,0,Female,Rural,Monthly,39.16,0,2022-11-13,13,658.81,8.74,19.33,7,0
CUST_3347,43,1,Female,Urban,Prepaid,47.14,0,2018-04-01,68,487.17,9.53,24.50,6,0
CUST_3348,43,1,Male,Rural,Prepaid,24.11,0,2019-09-22,51,565.75,9.44,24.67,9,0
CUST_3349,43,1,Male,Suburban,Monthly,40.19,0,2023-05-21,7,376.12,8.84,22.00,7,0
CUST_335,21,0,Female,Suburban,Monthly,68.86,0,2020-05-08,43,476.69,11.13,32.50,9,0
CUST_3350,57,0,Male,Rural,Monthly,38.97,0,2018-01-04,71,408.89,9.99,21.42,5,0
CUST_3351,38,0,Female,Urban,Prepaid,86.93,0,2021-04-22,32,405.35,9.77,29.67,1,0
CUST_3352,32,0,Female,Urban,Prepaid,61.27,0,2023-06-08,6,517.56,9.41,24.17,10,1
CUST_3353,43,1,Female,Suburban,Monthly,43.68,0,2021-06-10,30,639.08,10.88,21.17,10,1
CUST_3354,69,0,Male,Suburban,Monthly,38.50,0,2018-09-13,63,380.33,10.71,26.17,6,0
CUST_3355,45,0,Male,Urban,Yearly,13.43,0,2020-01-24,47,509.64,10.60,19.58,3,1
CUST_3356,43,1,Male,Urban,Prepaid,28.03,0,2020-07-12,41,437.28,9.07,29.83,6,0
CUST_3357,44,0,Female,Urban,Monthly,25.10,0,2023-05-07,7,548.02,9.65,17.67,7,0
CUST_3358,43,1,Male,Urban,Prepaid,35.35,0,2019-08-06,52,512.27,9.95,27.67,3,0
CUST_3359,57,0,Male,Suburban,Prepaid,49.84,0,2020-08-29,40,496.15,9.47,24.92,7,0
CUST_336,50,0,Male,Suburban,Prepaid,43.57,0,2022-12-09,12,482.68,10.21,23.75,8,0
CUST_3360,45,0,Female,Urban,Yearly,47.18,0,2018-07-10,65,728.24,10.28,23.25,7,0
CUST_3361,43,0,Male,Suburban,Prepaid,36.61,0,2019-03-03,57,486.12,9.44,26.58,9,0
CUST_3362,43,1,Female,Urban,Prepaid,49.24,0,2022-05-23,19,623.63,10.71,26.25,8,0
CUST_3363,43,1,Male,Urban,Prepaid,28.50,0,2021-08-01,28,459.88,10.04,25.25,4,0
CUST_3364,42,0,Female,Rural,Yearly,56.66,0,2022-04-02,20,374.28,10.21,22.33,5,0
CUST_3365,43,1,Female,Rural,Monthly,61.46,0,2023-06-10,6,485.53,8.53,27.42,8,0
CUST_3366,25,0,Female,Urban,Monthly,57.39,0,2021-07-20,29,465.90,9.12,23.83,7,0
CUST_3367,61,0,Female,Suburban,Monthly,66.41,0,2021-05-20,31,458.52,10.51,34.08,7,0
CUST_3368,50,0,Female,Urban,Prepaid,27.24,0,2022-10-06,14,653.17,9.60,27.67,1,1
CUST_3369,59,0,Male,Rural,Yearly,50.60,0,2020-05-30,43,292.16,9.51,27.50,7,0
CUST_337,43,1,Female,Suburban,Monthly,53.95,0,2020-10-12,38,240.27,8.97,29.67,3,0
CUST_3370,69,0,Female,Urban,Prepaid,35.71,0,2018-04-25,68,651.68,11.54,24.50,6,0
CUST_3371,43,1,Female,Rural,Monthly,32.72,0,2020-03-04,45,235.55,9.66,15.08,6,0
CUST_3372,23,0,Female,Urban,Monthly,28.78,0,2023-03-14,9,255.90,10.66,18.92,8,1
CUST_3373,43,1,Female,Urban,Prepaid,87.18,0,2022-07-08,17,399.09,9.71,26.08,6,1
CUST_3374,69,0,Male,Suburban,Prepaid,63.67,0,2021-01-27,35,395.86,9.56,23.42,4,0
CUST_3375,40,0,Female,Rural,Monthly,74.34,0,2019-05-01,55,534.79,10.22,26.75,4,0
CUST_3376,42,0,Male,Rural,Prepaid,55.29,0,2022-01-28,23,566.74,11.28,27.50,4,0
CUST_3377,67,0,Female,Rural,Prepaid,37.58,0,2019-10-17,50,433.23,8.42,29.58,6,0
CUST_3378,43,1,Female,Suburban,Prepaid,60.08,0,2018-06-10,66,425.17,11.21,26.00,8,0
CUST_3379,43,1,Male,Urban,Monthly,85.14,0,2018-04-14,68,494.49,10.20,21.17,5,0
CUST_338,43,1,Male,Suburban,Prepaid,44.36,0,2021-10-19,26,559.26,9.55,26.83,6,0
CUST_3380,22,0,Male,Suburban,Yearly,57.87,0,2022-04-23,20,485.30,10.24,25.08,7,1
CUST_3381,43,1,Male,Urban,Yearly,48.31,0,2021-01-18,35,735.72,8.76,30.42,4,0
CUST_3382,43,1,Female,Suburban,Monthly,54.07,0,2022-05-15,19,576.67,10.58,24.42,2,0
CUST_3383,29,0,Male,Suburban,Monthly,66.73,0,2019-10-21,50,547.98,11.68,24.75,9,0
CUST_3384,27,0,Female,Rural,Prepaid,49.76,0,2022-10-14,14,474.09,10.29,20.92,3,0
CUST_3385,25,0,Male,Suburban,Prepaid,48.25,0,2018-12-12,60,596.79,10.09,24.17,8,0
CUST_3386,41,0,Male,Urban,Yearly,39.84,0,2019-07-29,53,303.72,9.76,20.92,5,0
CUST_3387,43,1,Female,Suburban,Monthly,55.32,0,2021-06-02,30,488.91,9.69,23.75,3,0
CUST_3388,58,0,Male,Suburban,Monthly,30.96,0,2022-05-20,19,443.43,8.57,18.42,12,0
CUST_3389,43,1,Male,Urban,Monthly,44.23,0,2020-11-06,37,504.39,8.50,29.42,3,0
CUST_339,65,0,Male,Suburban,Monthly,60.11,0,2021-09-04,27,501.10,9.76,15.00,4,0
CUST_3390,43,1,Female,Rural,Yearly,48.07,0,2019-11-03,49,447.05,9.15,15.50,5,0
CUST_3391,38,0,Female,Urban,Yearly,34.10,0,2018-08-23,64,544.38,8.93,26.08,4,0
CUST_3392,25,0,Female,Urban,Prepaid,49.66,0,2018-07-03,65,596.26,10.79,28.67,5,0
CUST_3393,43,1,Male,Urban,Prepaid,64.30,0,2020-05-22,43,530.73,9.38,19.17,8,0
CUST_3394,64,0,Male,Suburban,Monthly,71.76,0,2020-09-17,39,438.28,10.00,26.42,3,0
CUST_3395,32,0,Male,Suburban,Prepaid,46.45,0,2020-09-21,39,549.29,11.09,25.00,6,0
CUST_3396,65,0,Male,Urban,Yearly,43.17,0,2018-06-16,66,310.21,10.18,20.42,7,0
CUST_3397,63,0,Male,Urban,Prepaid,46.09,0,2019-05-17,55,553.38,9.34,22.75,3,0
CUST_3398,57,0,Female,Rural,Monthly,59.39,0,2020-05-18,43,697.14,9.97,21.67,7,0
CUST_3399,35,0,Male,Suburban,Monthly,40.64,0,2018-06-27,66,426.90,10.61,17.58,6,0
CUST_34,33,0,Male,Urban,Monthly,32.76,0,2022-05-03,19,698.52,10.14,24.17,5,0
CUST_340,37,0,Male,Urban,Yearly,69.19,0,2022-12-22,12,474.12,10.87,24.42,7,0
CUST_3400,59,0,Female,Suburban,Monthly,40.62,0,2019-01-08,59,573.61,10.20,20.25,5,0
CUST_3401,43,1,Male,Suburban,Prepaid,54.07,0,2019-02-23,58,386.80,8.69,24.08,8,0
CUST_3402,43,1,Female,Suburban,Yearly,57.78,0,2019-03-17,57,465.20,9.34,28.58,7,0
CUST_3403,29,0,Male,Urban,Prepaid,53.01,0,2023-01-08,11,477.05,10.58,28.58,3,0
CUST_3404,19,0,Male,Urban,Monthly,51.86,0,2020-04-22,44,511.82,9.41,15.75,8,0
CUST_3405,24,0,Female,Rural,Monthly,42.73,0,2020-10-27,38,563.75,10.22,23.33,7,0
CUST_3406,33,0,Male,Suburban,Prepaid,50.31,0,2019-11-13,49,409.62,10.54,28.17,5,1
CUST_3407,20,0,Female,Suburban,Yearly,14.25,0,2020-12-20,36,342.79,10.00,21.83,5,0
CUST_3408,43,1,Male,Urban,Monthly,73.25,0,2018-04-12,68,467.00,9.71,17.33,7,0
CUST_3409,43,1,Male,Rural,Monthly,52.42,0,2022-05-09,19,429.91,9.79,27.92,3,0
CUST_341,43,1,Female,Urban,Monthly,43.90,0,2022-09-17,15,523.73,8.51,30.75,1,0
CUST_3410,44,0,Female,Urban,Monthly,81.56,0,2022-11-23,13,583.53,10.35,24.58,3,0
CUST_3411,43,1,Male,Suburban,Monthly,69.33,0,2018-07-28,65,385.72,10.00,21.92,6,0
CUST_3412,60,0,Female,Suburban,Prepaid,37.77,0,2018-07-04,65,480.55,9.82,23.75,7,0
CUST_3413,43,1,Male,Rural,Monthly,44.54,0,2021-07-22,29,416.71,8.68,30.75,6,0
CUST_3414,43,1,Male,Urban,Monthly,33.47,0,2019-09-23,51,564.72,10.63,29.08,4,0
CUST_3415,43,1,Male,Suburban,Prepaid,39.96,0,2022-12-03,12,446.22,10.12,29.83,6,0
CUST_3416,45,0,Male,Suburban,Monthly,26.54,0,2018-04-02,68,339.80,10.68,22.50,11,0
CUST_3417,18,0,Male,Rural,Monthly,36.15,0,2018-03-25,69,427.60,10.68,27.33,5,1
CUST_3418,25,0,Male,Suburban,Monthly,34.47,0,2020-11-23,37,433.97,9.84,22.92,10,0
CUST_3419,54,0,Male,Suburban,Prepaid,63.22,0,2023-03-12,9,515.88,10.49,22.25,2,0
CUST_342,24,0,Female,Urban,Monthly,28.82,0,2020-11-23,37,573.23,8.15,26.42,6,0
CUST_3420,43,1,Female,Urban,Prepaid,25.69,0,2022-01-23,23,490.67,9.32,22.58,5,0
CUST_3421,43,1,Male,Rural,Prepaid,83.39,0,2022-12-03,12,537.06,11.61,25.33,11,0
CUST_3422,43,1,Male,Rural,Monthly,45.17,0,2022-02-04,22,495.72,10.23,19.08,12,1
CUST_3423,54,0,Male,Rural,Yearly,70.21,0,2023-05-24,7,386.25,10.28,25.75,3,0
CUST_3424,21,0,Female,Urban,Prepaid,35.54,0,2020-08-04,40,483.95,9.18,19.92,9,0
CUST_3425,43,1,Female,Rural,Prepaid,61.67,0,2022-12-26,12,552.99,9.67,27.67,9,0
CUST_3426,43,1,Male,Suburban,Monthly,27.97,0,2020-09-25,39,373.12,9.32,31.83,3,0
CUST_3427,63,0,Male,Rural,Prepaid,27.89,0,2020-02-22,46,370.24,10.05,23.25,4,0
CUST_3428,36,0,Male,Suburban,Prepaid,66.42,0,2021-01-15,35,478.86,9.45,22.33,10,0
CUST_3429,43,1,Female,Rural,Monthly,48.17,0,2021-12-05,24,622.86,9.84,19.00,4,0
CUST_343,43,1,Female,Urban,Monthly,65.16,0,2023-01-19,11,451.17,11.60,20.67,5,0
CUST_3430,26,0,Male,Rural,Monthly,47.03,0,2022-04-19,20,358.17,8.95,17.17,12,0
CUST_3431,29,0,Female,Urban,Monthly,34.95,0,2020-05-03,43,590.13,9.53,20.83,3,0
CUST_3432,28,0,Male,Rural,Monthly,36.93,0,2018-04-20,68,374.84,10.18,24.42,5,0
CUST_3433,63,0,Female,Rural,Prepaid,26.06,0,2018-07-08,65,584.59,10.53,27.08,10,0
CUST_3434,43,1,Female,Urban,Yearly,42.15,0,2022-09-21,15,559.66,10.72,20.83,7,0
CUST_3435,43,1,Male,Suburban,Prepaid,53.84,0,2018-05-01,67,394.68,9.91,19.25,5,0
CUST_3436,62,0,Male,Rural,Prepaid,51.19,0,2020-03-29,45,514.09,9.73,22.83,2,0
CUST_3437,43,1,Male,Rural,Prepaid,51.35,0,2019-11-15,49,609.28,9.42,15.42,5,0
CUST_3438,47,0,Male,Suburban,Prepaid,19.20,0,2018-05-22,67,595.45,8.30,19.83,8,0
CUST_3439,30,0,Male,Urban,Prepaid,52.95,0,2019-11-10,49,394.10,9.89,18.33,3,0
CUST_344,34,0,Male,Rural,Prepaid,65.53,0,2021-12-12,24,450.19,11.06,22.08,9,0
CUST_3440,51,0,Male,Rural,Monthly,45.22,0,2020-08-25,40,394.37,9.24,21.83,5,0
CUST_3441,43,1,Male,Urban,Monthly,38.21,0,2018-12-27,60,440.21,8.65,22.75,6,0
CUST_3442,45,0,Female,Suburban,Prepaid,31.47,0,2021-07-26,29,428.68,9.79,28.42,6,0
CUST_3443,43,1,Male,Suburban,Monthly,59.96,0,2021-09-05,27,371.76,9.77,21.00,5,0
CUST_3444,48,0,Male,Urban,Monthly,18.11,0,2020-04-30,44,701.25,9.47,30.42,4,0
CUST_3445,44,0,Female,Suburban,Prepaid,31.50,0,2021-03-26,33,465.33,11.26,29.67,7,0
CUST_3446,22,0,Male,Suburban,Prepaid,52.21,0,2019-07-04,53,371.03,8.77,25.67,6,0
CUST_3447,43,1,Male,Rural,Prepaid,42.29,0,2020-05-26,43,498.64,11.12,27.25,5,0
CUST_3448,20,0,Male,Urban,Prepaid,55.67,0,2023-05-16,7,451.96,10.15,27.33,7,0
CUST_3449,43,1,Male,Rural,Monthly,51.45,0,2021-06-12,30,173.77,10.20,32.42,7,0
CUST_345,50,0,Male,Rural,Yearly,73.47,0,2018-09-21,63,542.51,9.95,20.67,4,0
CUST_3450,21,0,Female,Urban,Prepaid,39.81,0,2021-09-05,27,571.37,9.88,24.50,5,0
CUST_3451,42,0,Female,Rural,Prepaid,24.61,0,2020-10-11,38,485.43,8.76,23.42,4,0
CUST_3452,43,1,Male,Suburban,Prepaid,61.30,0,2021-09-26,27,496.73,9.03,34.67,5,0
CUST_3453,51,0,Male,Urban,Yearly,47.41,0,2020-03-07,45,520.33,9.27,24.25,7,0
CUST_3454,43,0,Female,Urban,Prepaid,30.27,0,2020-04-24,44,503.10,10.69,26.67,5,0
CUST_3455,22,0,Male,Urban,Monthly,18.51,0,2019-11-17,49,484.93,10.39,24.25,5,0
CUST_3456,52,0,Female,Urban,Prepaid,54.99,0,2021-10-19,26,566.48,8.85,24.17,7,0
CUST_3457,45,0,Female,Suburban,Monthly,40.47,0,2019-06-03,54,378.88,10.07,28.00,8,1
CUST_3458,46,0,Female,Suburban,Yearly,32.82,0,2023-04-16,8,633.23,10.19,23.42,6,1
CUST_3459,26,0,Male,Suburban,Monthly,67.67,0,2021-04-06,32,449.38,9.11,22.33,7,0
CUST_346,65,0,Male,Urban,Prepaid,63.41,0,2021-05-04,31,469.11,8.07,22.25,2,0
CUST_3460,69,0,Male,Rural,Yearly,21.88,0,2020-04-16,44,548.03,10.01,30.67,4,1
CUST_3461,55,0,Male,Suburban,Monthly,46.25,0,2019-03-26,57,546.15,10.35,22.42,5,0
CUST_3462,43,1,Female,Rural,Monthly,60.87,0,2018-06-21,66,247.08,9.35,16.58,6,0
CUST_3463,43,1,Male,Rural,Monthly,57.33,0,2022-09-01,15,341.08,8.90,19.83,4,0
CUST_3464,36,0,Male,Suburban,Prepaid,30.45,0,2021-08-11,28,512.81,8.80,24.75,4,0
CUST_3465,61,0,Female,Suburban,Monthly,69.76,0,2018-05-24,67,419.14,11.43,21.92,3,0
CUST_3466,28,0,Male,Suburban,Yearly,71.30,0,2019-01-28,59,517.38,10.00,19.50,7,0
CUST_3467,19,0,Male,Rural,Prepaid,65.37,0,2022-01-05,23,422.93,10.76,26.67,9,0
CUST_3468,43,1,Male,Urban,Yearly,37.00,0,2022-08-05,16,433.21,9.81,27.75,11,0
CUST_3469,43,1,Female,Suburban,Monthly,46.62,0,2023-03-31,9,415.19,10.10,23.25,3,0
CUST_347,29,0,Female,Rural,Prepaid,63.75,0,2020-11-03,37,430.88,10.52,23.92,6,0
CUST_3470,61,0,Male,Rural,Monthly,68.87,0,2019-06-30,54,514.46,8.95,21.42,9,0
CUST_3471,26,0,Female,Rural,Monthly,56.66,0,2018-04-25,68,530.76,9.88,27.17,9,0
CUST_3472,43,1,Female,Suburban,Yearly,40.43,0,2022-08-09,16,394.63,9.56,23.83,2,0
CUST_3473,41,0,Female,Rural,Prepaid,46.81,0,2020-07-09,41,300.36,9.43,28.00,8,0
CUST_3474,51,0,Male,Suburban,Prepaid,27.13,0,2018-02-20,70,573.44,10.23,22.42,5,0
CUST_3475,39,0,Male,Rural,Monthly,67.24,0,2020-10-25,38,453.02,9.70,29.25,4,0
CUST_3476,20,0,Male,Urban,Yearly,48.47,0,2019-02-16,58,378.22,10.12,8.58,10,0
CUST_3477,43,1,Female,Rural,Monthly,76.14,0,2023-04-21,8,564.77,8.11,24.25,9,0
CUST_3478,45,0,Female,Suburban,Prepaid,22.61,0,2022-03-04,21,463.83,10.13,26.33,5,0
CUST_3479,47,0,Male,Urban,Prepaid,35.43,0,2018-05-12,67,525.41,10.52,28.00,12,0
CUST_348,68,0,Male,Rural,Monthly,39.24,0,2021-06-16,30,510.88,9.22,23.00,2,1
CUST_3480,43,0,Female,Suburban,Yearly,49.21,0,2018-09-25,63,396.30,10.16,16.92,4,0
CUST_3481,43,1,Male,Rural,Prepaid,83.92,0,2019-05-15,55,476.47,10.02,29.83,11,0
CUST_3482,43,1,Male,Urban,Monthly,51.17,0,2020-09-25,39,337.66,10.04,25.50,6,1
CUST_3483,45,0,Male,Urban,Prepaid,38.60,0,2020-12-15,36,542.21,9.27,31.67,5,0
CUST_3484,43,0,Male,Rural,Prepaid,50.27,0,2018-07-21,65,379.63,10.40,26.83,12,0
CUST_3485,50,0,Male,Urban,Prepaid,39.86,0,2021-10-15,26,349.79,9.41,30.25,4,0
CUST_3486,38,0,Male,Urban,Prepaid,64.19,0,2021-11-26,25,537.58,9.14,18.42,9,0
CUST_3487,52,0,Male,Urban,Monthly,62.92,0,2021-02-19,34,474.31,10.26,22.67,6,0
CUST_3488,69,0,Female,Suburban,Prepaid,74.15,0,2022-11-03,13,472.07,11.31,31.75,4,0
CUST_3489,43,1,Male,Suburban,Prepaid,25.37,0,2021-01-30,35,491.52,10.29,27.58,2,0
CUST_349,39,0,Male,Suburban,Monthly,61.06,0,2018-10-16,62,526.57,10.76,25.58,3,0
CUST_3490,43,1,Female,Urban,Monthly,22.92,0,2019-12-27,48,579.69,12.32,23.58,6,0
CUST_3491,68,0,Female,Rural,Yearly,46.51,0,2023-03-18,9,421.68,10.80,20.67,4,0
CUST_3492,64,0,Male,Rural,Monthly,62.24,0,2019-10-24,50,585.03,8.79,16.33,4,1
CUST_3493,43,1,Female,Suburban,Prepaid,65.37,0,2021-04-26,32,358.37,10.27,20.58,10,0
CUST_3494,28,0,Female,Rural,Prepaid,53.60,0,2019-07-06,53,433.15,8.84,19.00,3,0
CUST_3495,43,1,Female,Urban,Monthly,62.21,0,2021-03-10,33,507.33,10.40,21.83,5,1
CUST_3496,43,1,Male,Rural,Yearly,72.72,0,2021-02-06,34,392.12,9.96,21.17,3,1
CUST_3497,39,0,Male,Suburban,Prepaid,38.18,0,2022-07-10,17,389.06,8.59,31.92,7,0
CUST_3498,34,0,Male,Suburban,Prepaid,72.01,0,2022-04-09,20,493.63,11.46,17.25,6,0
CUST_3499,22,0,Male,Urban,Monthly,72.46,0,2022-10-30,14,479.48,9.79,25.33,4,0
CUST_35,32,0,Male,Suburban,Prepaid,72.47,0,2018-09-25,63,457.34,10.02,26.50,5,0
CUST_350,39,0,Female,Urban,Prepaid,82.20,0,2019-01-23,59,447.00,10.97,24.25,14,0
CUST_3500,43,1,Male,Suburban,Monthly,41.72,0,2021-03-30,33,601.55,8.12,25.58,8,0
CUST_3501,43,1,Female,Suburban,Monthly,35.76,0,2022-12-02,12,366.13,10.75,19.00,3,0
CUST_3502,43,1,Female,Suburban,Prepaid,61.37,0,2021-07-14,29,578.61,10.73,24.33,7,0
CUST_3503,43,1,Male,Rural,Prepaid,79.86,0,2022-04-06,20,666.41,12.66,18.17,8,0
CUST_3504,44,0,Female,Suburban,Prepaid,37.33,0,2022-12-03,12,426.08,8.73,27.17,9,0
CUST_3505,52,0,Female,Rural,Prepaid,78.80,0,2019-03-29,57,425.44,9.86,21.33,4,0
CUST_3506,50,0,Female,Suburban,Yearly,35.59,0,2021-08-14,28,517.68,10.15,22.67,6,0
CUST_3507,37,0,Female,Suburban,Prepaid,46.70,0,2020-08-04,40,474.04,8.72,30.17,6,1
CUST_3508,33,0,Male,Rural,Monthly,33.06,0,2019-08-14,52,595.24,9.46,23.50,6,0
CUST_3509,51,0,Male,Rural,Monthly,56.46,0,2019-04-15,56,504.51,10.69,23.92,2,1
CUST_351,43,1,Female,Rural,Prepaid,41.71,0,2019-04-23,56,411.90,9.43,25.25,4,0
CUST_3510,43,1,Male,Urban,Prepaid,52.03,0,2022-10-25,14,454.84,10.29,26.33,4,0
CUST_3511,52,0,Female,Urban,Yearly,50.75,0,2021-03-22,33,507.62,10.56,26.75,8,0
CUST_3512,57,0,Female,Rural,Monthly,40.58,0,2020-01-13,47,682.80,9.92,27.75,4,0
CUST_3513,43,1,Male,Suburban,Yearly,43.59,0,2021-11-24,25,496.71,8.77,21.83,7,0
CUST_3514,64,0,Male,Urban,Prepaid,49.00,0,2018-09-18,63,505.75,10.39,23.17,5,0
CUST_3515,56,0,Female,Rural,Prepaid,46.08,0,2022-05-24,19,422.68,11.40,21.67,12,0
CUST_3516,23,0,Male,Rural,Prepaid,49.36,0,2023-02-10,10,489.01,9.94,22.33,8,0
CUST_3517,26,0,Male,Suburban,Prepaid,27.55,0,2020-10-14,38,383.26,9.75,19.08,10,0
CUST_3518,37,0,Female,Rural,Monthly,17.74,0,2019-05-16,55,464.53,9.37,29.08,9,0
CUST_3519,18,0,Female,Urban,Yearly,55.20,0,2019-02-06,58,534.64,11.03,26.08,5,0
CUST_352,47,0,Female,Rural,Yearly,31.73,0,2019-09-01,51,548.53,9.71,25.42,8,0
CUST_3520,25,0,Male,Suburban,Prepaid,55.69,0,2022-09-16,15,261.37,9.93,25.50,7,0
CUST_3521,43,1,Female,Rural,Yearly,53.52,0,2020-10-04,38,394.63,9.79,27.92,4,0
CUST_3522,20,0,Male,Rural,Monthly,57.92,0,2020-05-04,43,543.99,10.92,27.33,7,0
CUST_3523,21,0,Female,Suburban,Monthly,43.21,0,2021-07-31,29,597.70,9.18,22.75,3,0
CUST_3524,42,0,Female,Suburban,Prepaid,44.72,0,2021-03-11,33,432.45,8.88,27.08,4,0
CUST_3525,43,1,Male,Suburban,Prepaid,42.83,0,2019-12-17,48,392.41,11.54,31.33,8,0
CUST_3526,43,1,Female,Urban,Yearly,22.85,0,2021-11-15,25,631.35,9.53,23.67,8,0
CUST_3527,32,0,Male,Urban,Prepaid,58.62,0,2020-07-22,41,540.77,10.61,25.17,5,0
CUST_3528,43,1,Female,Rural,Monthly,61.78,0,2019-01-06,59,387.25,9.11,23.25,6,0
CUST_3529,52,0,Male,Rural,Monthly,63.98,0,2022-03-23,21,553.66,9.85,29.25,4,0
CUST_353,55,0,Male,Urban,Prepaid,52.11,0,2018-12-03,60,294.59,9.36,22.25,4,0
CUST_3530,63,0,Female,Suburban,Yearly,45.34,0,2020-12-06,36,554.24,9.39,27.83,7,0
CUST_3531,69,0,Female,Rural,Monthly,39.24,0,2018-03-31,69,578.65,10.78,25.92,4,0
CUST_3532,31,0,Male,Rural,Prepaid,42.94,0,2021-03-06,33,404.69,11.08,19.67,6,0
CUST_3533,43,1,Female,Suburban,Monthly,42.27,0,2019-01-12,59,568.41,9.55,21.83,5,0
CUST_3534,29,0,Male,Urban,Prepaid,19.95,0,2020-04-06,44,372.12,9.61,25.92,4,0
CUST_3535,34,0,Female,Urban,Monthly,54.46,0,2019-02-20,58,596.86,8.18,24.67,3,0
CUST_3536,43,1,Female,Urban,Prepaid,62.65,0,2021-09-06,27,421.65,11.36,26.00,10,0
CUST_3537,26,0,Male,Rural,Monthly,53.25,0,2021-05-03,31,627.11,10.34,20.92,2,0
CUST_3538,52,0,Female,Suburban,Prepaid,50.34,0,2021-04-24,32,556.79,9.01,23.25,6,0
CUST_3539,30,0,Female,Urban,Yearly,40.59,0,2019-08-12,52,334.23,10.32,24.67,9,0
CUST_354,55,0,Male,Suburban,Prepaid,64.06,0,2019-12-15,48,401.39,9.36,22.67,4,0
CUST_3540,32,0,Male,Rural,Monthly,61.43,0,2021-08-14,28,401.50,9.76,24.17,4,0
CUST_3541,35,0,Female,Suburban,Yearly,48.68,0,2020-07-20,41,500.31,10.42,22.92,5,0
CUST_3542,68,0,Male,Urban,Prepaid,31.72,0,2021-07-27,29,675.38,9.40,14.25,6,0
CUST_3543,50,0,Male,Urban,Monthly,69.85,0,2021-11-28,25,621.65,9.77,27.33,10,0
CUST_3544,43,1,Male,Suburban,Prepaid,59.70,0,2019-08-22,52,620.23,10.67,27.00,6,0
CUST_3545,44,0,Female,Rural,Monthly,74.82,0,2019-08-07,52,412.83,9.12,19.25,7,0
CUST_3546,40,0,Female,Rural,Yearly,67.44,0,2020-04-08,44,531.59,10.97,24.92,7,0
CUST_3547,43,1,Male,Urban,Yearly,40.65,0,2020-09-06,39,506.01,8.40,24.67,6,0
CUST_3548,51,0,Female,Suburban,Prepaid,45.72,0,2020-06-18,42,510.55,10.13,28.75,6,0
CUST_3549,63,0,Male,Rural,Yearly,65.17,0,2019-11-09,49,321.13,8.53,27.17,7,0
CUST_355,62,0,Male,Urban,Prepaid,53.25,0,2022-08-08,16,521.78,10.94,28.42,3,0
CUST_3550,55,0,Female,Suburban,Monthly,32.37,0,2019-07-27,53,455.42,11.10,29.50,4,0
CUST_3551,43,1,Male,Suburban,Yearly,74.84,0,2020-04-17,44,398.62,9.46,20.33,6,0
CUST_3552,53,0,Male,Urban,Monthly,54.91,0,2022-02-25,22,438.53,11.07,26.25,5,0
CUST_3553,43,1,Female,Suburban,Yearly,62.42,0,2021-05-30,31,352.84,9.78,27.92,5,0
CUST_3554,52,0,Male,Suburban,Yearly,54.84,0,2021-08-17,28,579.35,10.68,26.42,5,0
CUST_3555,36,0,Male,Suburban,Prepaid,50.80,0,2018-06-03,66,447.80,10.39,21.75,4,0
CUST_3556,43,1,Female,Rural,Prepaid,45.64,0,2019-02-10,58,614.10,10.48,19.75,7,0
CUST_3557,31,0,Male,Urban,Prepaid,47.80,0,2021-05-16,31,631.19,9.08,23.00,4,1
CUST_3558,43,1,Male,Urban,Monthly,9.94,0,2019-02-21,58,422.82,10.11,17.08,10,0
CUST_3559,43,1,Female,Suburban,Yearly,58.44,0,2019-05-08,55,507.95,10.12,29.42,3,0
CUST_356,68,0,Female,Suburban,Prepaid,76.76,0,2021-06-19,30,413.29,10.56,22.50,6,0
CUST_3560,43,1,Male,Suburban,Monthly,82.68,0,2022-03-28,21,459.62,11.29,23.33,8,0
CUST_3561,43,1,Male,Rural,Monthly,37.56,0,2020-05-26,43,364.87,11.91,22.00,9,0
CUST_3562,43,1,Male,Urban,Prepaid,27.98,0,2021-10-21,26,501.96,9.01,19.67,10,0
CUST_3563,43,1,Male,Rural,Prepaid,73.53,0,2018-01-23,71,572.69,9.22,24.67,4,1
CUST_3564,43,1,Male,Urban,Prepaid,55.66,0,2021-03-02,33,462.48,9.95,27.42,13,0
CUST_3565,55,0,Male,Rural,Monthly,63.57,0,2023-02-08,10,528.87,9.99,23.75,4,0
CUST_3566,40,0,Male,Suburban,Prepaid,57.55,0,2018-07-21,65,450.24,10.52,24.08,5,0
CUST_3567,39,0,Male,Rural,Prepaid,36.09,0,2022-09-26,15,601.02,10.17,19.25,5,0
CUST_3568,65,0,Female,Suburban,Monthly,63.63,0,2020-05-29,43,374.64,9.44,26.08,7,0
CUST_3569,43,1,Male,Urban,Prepaid,42.61,0,2023-01-25,11,347.24,8.69,15.67,6,0
CUST_357,43,1,Female,Rural,Monthly,37.09,0,2020-09-22,39,514.86,10.63,19.17,7,0
CUST_3570,63,0,Male,Urban,Prepaid,37.61,0,2023-05-11,7,355.52,7.97,25.33,6,0
CUST_3571,43,1,Female,Suburban,Prepaid,59.58,0,2021-04-17,32,721.83,9.33,21.08,3,0
CUST_3572,20,0,Male,Urban,Yearly,52.59,0,2020-12-08,36,455.27,9.27,24.00,6,0
CUST_3573,59,0,Male,Rural,Prepaid,56.20,0,2018-04-22,68,361.05,10.47,26.92,5,1
CUST_3574,43,1,Male,Suburban,Yearly,55.66,0,2022-05-29,19,533.81,10.68,25.33,2,0
CUST_3575,26,0,Male,Urban,Prepaid,62.45,0,2019-11-10,49,588.73,9.93,25.17,8,0
CUST_3576,45,0,Male,Rural,Yearly,69.45,0,2018-01-05,71,430.47,10.04,22.00,8,0
CUST_3577,37,0,Male,Rural,Monthly,53.17,0,2018-01-23,71,428.29,10.08,18.17,10,0
CUST_3578,62,0,Female,Urban,Yearly,71.67,0,2022-07-13,17,456.75,9.14,26.17,6,0
CUST_3579,43,1,Female,Urban,Yearly,66.98,0,2023-01-21,11,448.91,10.25,29.25,7,0
CUST_358,43,1,Female,Suburban,Monthly,27.27,0,2018-09-21,63,615.49,10.65,16.75,7,0
CUST_3580,43,1,Female,Rural,Monthly,61.10,0,2020-06-20,42,485.29,10.15,23.42,5,0
CUST_3581,26,0,Female,Suburban,Yearly,41.38,0,2021-06-17,30,416.12,9.49,20.92,5,0
CUST_3582,36,0,Female,Urban,Monthly,64.70,0,2018-05-05,67,438.07,10.79,29.75,7,0
CUST_3583,43,1,Male,Urban,Monthly,56.41,0,2022-03-19,21,543.48,10.49,21.58,3,0
CUST_3584,43,1,Male,Suburban,Monthly,29.87,0,2022-04-15,20,403.61,9.76,26.92,7,0
CUST_3585,31,0,Male,Suburban,Yearly,32.24,0,2018-09-21,63,623.62,9.44,32.33,7,0
CUST_3586,43,1,Male,Urban,Yearly,31.78,0,2019-05-28,55,661.07,9.22,23.17,4,0
CUST_3587,53,0,Male,Suburban,Prepaid,32.10,0,2023-01-03,11,415.22,11.54,28.33,9,0
CUST_3588,43,1,Female,Rural,Monthly,33.57,0,2018-12-20,60,430.50,9.74,28.92,9,0
CUST_3589,34,0,Female,Rural,Yearly,62.55,0,2021-09-01,27,446.64,8.16,21.83,1,0
CUST_359,44,0,Female,Suburban,Monthly,71.44,0,2019-10-23,50,516.92,9.93,22.00,5,0
CUST_3590,47,0,Male,Rural,Monthly,51.23,0,2022-01-01,23,721.06,10.47,28.00,5,0
CUST_3591,43,1,Male,Urban,Yearly,63.24,0,2019-10-25,50,344.07,11.53,17.33,11,0
CUST_3592,50,0,Male,Suburban,Prepaid,33.20,0,2019-10-10,50,430.47,9.88,28.75,5,0
CUST_3593,43,1,Female,Rural,Prepaid,26.87,0,2018-01-20,71,570.61,9.65,21.42,4,0
CUST_3594,43,1,Female,Suburban,Monthly,37.05,0,2023-01-31,11,587.01,10.57,28.17,5,0
CUST_3595,31,0,Male,Rural,Prepaid,60.39,0,2021-06-21,30,465.57,9.29,17.00,8,0
CUST_3596,43,1,Female,Suburban,Prepaid,61.22,0,2023-03-13,9,570.37,8.66,17.33,7,0
CUST_3597,52,0,Male,Rural,Monthly,46.59,0,2020-09-06,39,528.48,9.26,20.33,4,0
CUST_3598,58,0,Female,Rural,Prepaid,54.84,0,2019-10-12,50,559.11,10.90,34.67,9,0
CUST_3599,31,0,Female,Rural,Prepaid,42.40,0,2020-04-03,44,412.78,10.42,26.17,2,0
CUST_36,64,0,Female,Suburban,Prepaid,51.38,0,2021-08-27,28,431.32,9.16,31.42,9,0
CUST_360,43,1,Male,Urban,Prepaid,28.88,0,2018-03-08,69,510.05,8.71,19.92,5,0
CUST_3600,47,0,Male,Rural,Prepaid,39.12,0,2022-06-07,18,544.24,9.46,19.50,3,0
CUST_3601,58,0,Female,Rural,Monthly,55.96,0,2022-01-25,23,448.16,9.21,26.25,6,0
CUST_3602,21,0,Female,Rural,Prepaid,59.94,0,2021-06-27,30,317.70,10.30,17.67,8,1
CUST_3603,21,0,Male,Rural,Prepaid,76.86,0,2019-01-24,59,432.31,9.77,23.17,4,0
CUST_3604,45,0,Female,Rural,Monthly,35.02,0,2019-07-05,53,472.11,10.52,24.50,6,0
CUST_3605,25,0,Male,Rural,Prepaid,33.15,0,2021-08-28,28,469.93,8.77,31.75,6,0
CUST_3606,19,0,Female,Suburban,Yearly,42.57,0,2022-09-15,15,579.88,10.88,28.67,11,0
CUST_3607,58,0,Male,Suburban,Prepaid,59.20,0,2022-02-19,22,371.49,9.65,25.67,8,0
CUST_3608,63,0,Male,Urban,Yearly,80.12,0,2021-12-21,24,599.58,10.07,17.58,11,0
CUST_3609,43,1,Female,Rural,Monthly,52.12,0,2019-02-18,58,460.15,9.91,23.17,6,0
CUST_361,38,0,Male,Rural,Prepaid,54.76,0,2019-05-04,55,382.27,10.46,24.67,2,0
CUST_3610,43,1,Female,Suburban,Yearly,37.07,0,2020-07-28,41,509.34,9.91,22.25,7,1
CUST_3611,33,0,Male,Suburban,Prepaid,32.91,0,2019-03-23,57,335.11,9.83,27.08,3,0
CUST_3612,46,0,Female,Suburban,Prepaid,41.26,0,2019-05-29,55,504.77,11.11,23.33,3,0
CUST_3613,66,0,Female,Suburban,Yearly,53.44,0,2021-09-22,27,502.32,8.42,20.83,3,0
CUST_3614,65,0,Female,Suburban,Prepaid,60.69,0,2020-09-20,39,331.13,8.86,24.83,5,0
CUST_3615,43,1,Male,Suburban,Monthly,53.28,0,2023-02-03,10,471.08,9.69,21.17,5,0
CUST_3616,43,1,Male,Urban,Prepaid,39.20,0,2022-12-15,12,323.03,10.13,16.58,5,0
CUST_3617,43,1,Male,Suburban,Monthly,30.38,0,2018-05-06,67,404.34,9.73,23.08,10,0
CUST_3618,28,0,Female,Urban,Yearly,59.84,0,2021-02-01,34,777.54,9.13,24.25,4,0
CUST_3619,43,1,Female,Urban,Yearly,41.74,0,2023-05-24,7,299.75,9.54,26.42,6,0
CUST_362,47,0,Male,Urban,Prepaid,71.03,0,2023-09-01,3,554.45,9.55,27.17,6,0
CUST_3620,67,0,Male,Rural,Prepaid,42.98,0,2021-02-14,34,429.02,10.12,24.08,13,0
CUST_3621,38,0,Male,Rural,Prepaid,34.79,0,2023-02-17,10,551.11,9.87,22.58,5,0
CUST_3622,38,0,Female,Rural,Yearly,26.69,0,2019-05-15,55,499.05,9.80,27.50,6,0
CUST_3623,22,0,Female,Suburban,Yearly,74.67,0,2020-11-07,37,532.42,9.97,20.00,5,0
CUST_3624,65,0,Female,Rural,Prepaid,40.12,0,2021-02-03,34,498.82,9.93,21.75,9,0
CUST_3625,37,0,Female,Suburban,Monthly,20.53,0,2022-05-11,19,451.47,10.48,21.58,8,0
CUST_3626,43,1,Male,Suburban,Prepaid,52.44,0,2018-02-12,70,532.48,10.40,23.75,2,0
CUST_3627,43,1,Female,Rural,Yearly,47.78,0,2021-07-17,29,441.90,11.37,28.25,6,0
CUST_3628,61,0,Female,Rural,Prepaid,21.91,0,2022-12-19,12,535.57,9.42,28.92,6,0
CUST_3629,43,1,Male,Urban,Monthly,67.11,0,2019-03-02,57,561.91,9.74,23.83,2,0
CUST_363,43,1,Male,Urban,Prepaid,53.24,0,2019-11-04,49,528.94,8.08,24.25,11,0
CUST_3630,26,0,Male,Urban,Monthly,59.93,0,2018-05-21,67,637.93,10.72,26.58,3,0
CUST_3631,43,1,Female,Suburban,Yearly,62.64,0,2022-07-31,17,575.12,9.32,23.42,5,0
CUST_3632,21,0,Male,Suburban,Yearly,54.02,0,2018-08-16,64,599.55,10.21,27.33,8,0
CUST_3633,52,0,Female,Rural,Prepaid,152.25,0,2021-03-25,33,537.69,9.82,28.08,7,0
CUST_3634,34,0,Female,Rural,Monthly,49.07,0,2023-02-21,10,412.72,8.73,26.75,8,0
CUST_3635,43,1,Male,Urban,Yearly,42.79,0,2018-01-13,71,538.52,9.86,17.92,5,0
CUST_3636,43,1,Male,Rural,Monthly,40.25,0,2020-11-20,37,429.73,10.49,30.50,6,0
CUST_3637,43,1,Female,Suburban,Monthly,74.55,0,2021-03-04,33,490.27,10.49,27.50,5,0
CUST_3638,18,0,Male,Rural,Monthly,35.13,0,2021-08-25,28,416.03,10.27,23.58,10,0
CUST_3639,25,0,Female,Urban,Prepaid,43.05,0,2018-08-03,64,654.10,9.94,22.17,4,0
CUST_364,45,0,Male,Rural,Prepaid,39.53,0,2018-02-27,70,406.96,8.91,25.75,8,0
CUST_3640,43,1,Female,Suburban,Monthly,50.57,0,2021-03-26,33,444.21,9.77,23.75,8,1
CUST_3641,43,1,Female,Urban,Prepaid,55.91,0,2021-09-09,27,395.94,9.88,31.75,6,0
CUST_3642,43,1,Male,Urban,Monthly,75.38,0,2018-02-09,70,424.91,8.04,15.42,6,0
CUST_3643,57,0,Female,Suburban,Yearly,47.55,0,2019-03-27,57,639.03,11.65,16.08,6,0
CUST_3644,29,0,Female,Urban,Prepaid,54.36,0,2020-08-05,40,560.03,11.46,29.00,6,0
CUST_3645,29,0,Female,Rural,Monthly,31.94,0,2020-12-21,36,578.93,9.87,18.50,5,0
CUST_3646,43,1,Male,Rural,Prepaid,58.63,0,2020-08-13,40,616.18,10.30,24.25,1,0
CUST_3647,64,0,Female,Urban,Prepaid,79.03,0,2022-12-14,12,551.48,10.21,33.33,5,0
CUST_3648,32,0,Female,Rural,Yearly,43.59,0,2021-08-29,28,408.76,11.83,29.00,6,0
CUST_3649,43,1,Female,Urban,Monthly,62.05,0,2018-03-31,69,436.60,9.79,29.83,6,0
CUST_365,64,0,Male,Urban,Prepaid,69.08,0,2018-08-19,64,468.91,8.88,28.50,5,0
CUST_3650,36,0,Male,Rural,Prepaid,28.84,0,2019-04-10,56,458.63,10.03,23.83,9,0
CUST_3651,43,1,Female,Urban,Monthly,44.82,0,2020-01-02,47,418.85,9.67,30.67,8,0
CUST_3652,69,0,Female,Rural,Monthly,45.58,0,2021-10-15,26,306.33,9.38,14.92,5,0
CUST_3653,46,0,Male,Suburban,Prepaid,55.28,0,2018-01-10,71,383.53,7.65,23.92,9,0
CUST_3654,39,0,Male,Suburban,Monthly,47.91,0,2021-10-13,26,470.96,10.99,22.92,7,0
CUST_3655,43,1,Female,Rural,Prepaid,66.94,0,2021-08-13,28,399.39,9.21,27.17,0,0
CUST_3656,38,0,Female,Urban,Monthly,42.29,0,2018-01-19,71,193.48,8.37,25.00,4,0
CUST_3657,68,0,Female,Rural,Prepaid,60.96,0,2023-03-08,9,440.79,11.21,19.50,8,0
CUST_3658,55,0,Male,Urban,Prepaid,52.42,0,2023-01-01,11,426.72,10.10,24.00,8,0
CUST_3659,43,1,Male,Rural,Prepaid,33.82,0,2019-06-07,54,442.36,11.13,25.75,5,0
CUST_366,43,1,Male,Urban,Prepaid,52.56,0,2022-03-03,21,560.12,10.91,25.75,4,0
CUST_3660,46,0,Female,Rural,Prepaid,16.57,0,2022-02-26,22,572.52,10.97,27.50,7,0
CUST_3661,68,0,Male,Suburban,Yearly,52.20,0,2021-12-30,24,645.07,11.30,22.00,11,0
CUST_3662,43,1,Female,Urban,Prepaid,39.73,0,2021-02-13,34,460.92,10.05,23.42,7,0
CUST_3663,24,0,Female,Urban,Prepaid,54.13,0,2019-07-24,53,451.19,9.23,30.00,5,0
CUST_3664,45,0,Male,Urban,Yearly,31.09,0,2019-07-01,53,525.85,11.61,23.00,8,0
CUST_3665,45,0,Female,Urban,Monthly,58.00,0,2019-11-16,49,379.01,8.91,24.58,5,0
CUST_3666,21,0,Male,Urban,Prepaid,367.65,0,2021-09-09,27,523.43,9.53,20.08,8,0
CUST_3667,39,0,Male,Suburban,Yearly,46.41,0,2023-03-13,9,435.78,10.95,23.33,8,0
CUST_3668,43,1,Female,Rural,Prepaid,20.06,0,2022-11-20,13,452.93,10.77,23.92,8,0
CUST_3669,62,0,Male,Urban,Monthly,49.16,0,2019-07-31,53,514.35,9.26,24.83,7,0
CUST_367,22,0,Male,Suburban,Monthly,46.69,0,2019-01-31,59,361.57,9.24,28.42,2,0
CUST_3670,20,0,Female,Urban,Prepaid,39.31,0,2020-03-01,45,508.62,9.69,27.08,9,0
CUST_3671,39,0,Male,Rural,Monthly,35.79,0,2019-05-24,55,563.55,10.63,30.00,6,0
CUST_3672,61,0,Female,Suburban,Monthly,46.86,0,2020-12-20,36,432.29,10.81,21.42,3,0
CUST_3673,19,0,Female,Suburban,Prepaid,64.95,0,2020-09-07,39,518.14,9.72,20.42,6,0
CUST_3674,41,0,Female,Suburban,Monthly,41.35,0,2021-03-09,33,555.06,10.24,18.08,3,0
CUST_3675,51,0,Male,Rural,Monthly,60.46,0,2020-02-29,46,450.76,9.27,27.42,5,0
CUST_3676,44,0,Female,Rural,Monthly,46.77,0,2020-06-02,42,409.99,11.09,24.67,6,0
CUST_3677,58,0,Male,Suburban,Yearly,48.64,0,2019-12-15,48,391.25,9.63,28.08,6,0
CUST_3678,18,0,Male,Suburban,Monthly,66.38,0,2019-02-15,58,530.58,10.92,20.83,4,0
CUST_3679,43,1,Male,Rural,Monthly,45.81,0,2021-09-14,27,617.19,7.96,19.75,10,0
CUST_368,65,0,Female,Urban,Prepaid,74.65,0,2022-08-20,16,497.34,10.51,25.83,3,0
CUST_3680,43,1,Male,Suburban,Monthly,61.49,0,2022-07-22,17,428.14,9.70,25.75,4,0
CUST_3681,55,0,Male,Urban,Monthly,46.59,0,2019-06-27,54,463.12,10.20,18.67,8,0
CUST_3682,23,0,Female,Rural,Prepaid,58.39,0,2019-09-27,51,294.55,11.57,28.33,9,1
CUST_3683,39,0,Male,Suburban,Monthly,46.02,0,2022-11-17,13,510.91,9.98,26.00,7,0
CUST_3684,42,0,Female,Urban,Monthly,52.57,0,2020-11-17,37,463.66,9.77,24.25,6,0
CUST_3685,35,0,Female,Rural,Yearly,53.86,0,2022-11-30,13,469.47,8.96,31.67,5,0
CUST_3686,43,1,Male,Rural,Monthly,60.14,0,2018-05-25,67,503.77,10.11,23.42,6,0
CUST_3687,29,0,Female,Urban,Prepaid,57.20,0,2022-08-03,16,583.43,8.74,20.92,4,0
CUST_3688,43,1,Female,Rural,Monthly,37.34,0,2023-05-30,7,460.93,10.06,25.75,8,0
CUST_3689,43,1,Male,Suburban,Yearly,77.30,0,2022-01-09,23,498.46,11.13,18.50,5,0
CUST_369,36,0,Female,Rural,Prepaid,44.36,0,2023-02-21,10,492.04,8.66,17.67,8,0
CUST_3690,44,0,Female,Rural,Yearly,50.39,0,2020-03-07,45,418.42,11.41,30.42,2,0
CUST_3691,25,0,Male,Suburban,Yearly,63.73,0,2019-11-03,49,461.63,10.78,23.42,4,0
CUST_3692,36,0,Male,Urban,Yearly,14.15,0,2018-09-02,63,621.25,9.22,24.17,5,0
CUST_3693,43,1,Male,Urban,Prepaid,62.05,0,2023-06-20,6,523.55,8.99,21.58,6,0
CUST_3694,18,0,Female,Rural,Monthly,61.48,0,2020-06-05,42,377.78,11.94,20.33,7,0
CUST_3695,46,0,Female,Urban,Monthly,53.51,0,2020-08-05,40,570.68,11.36,29.17,5,0
CUST_3696,43,1,Female,Urban,Prepaid,16.15,0,2022-04-09,20,561.12,11.31,26.08,9,0
CUST_3697,43,1,Female,Rural,Prepaid,39.17,0,2019-02-18,58,545.29,11.16,23.75,7,0
CUST_3698,52,0,Male,Suburban,Yearly,34.64,0,2022-06-16,18,484.70,10.82,17.50,10,0
CUST_3699,43,1,Male,Rural,Monthly,67.44,0,2023-03-26,9,586.24,9.79,24.83,4,0
CUST_37,68,0,Female,Rural,Monthly,47.48,0,2018-06-27,66,664.84,9.87,24.83,3,0
CUST_370,21,0,Male,Urban,Prepaid,41.01,0,2021-01-07,35,396.54,9.36,26.42,3,1
CUST_3700,43,1,Female,Rural,Yearly,31.95,0,2021-04-14,32,426.33,9.12,25.67,7,0
CUST_3701,43,1,Male,Suburban,Yearly,58.31,0,2019-08-31,52,484.82,8.44,20.75,5,0
CUST_3702,43,1,Female,Suburban,Prepaid,45.66,0,2020-03-02,45,323.06,10.61,20.50,7,0
CUST_3703,62,0,Male,Suburban,Yearly,66.24,0,2019-02-02,58,380.56,11.46,25.25,8,0
CUST_3704,37,0,Male,Rural,Prepaid,53.43,0,2019-04-15,56,221.94,9.31,24.42,4,0
CUST_3705,66,0,Male,Suburban,Monthly,40.32,0,2020-08-14,40,477.66,9.55,17.50,8,0
CUST_3706,30,0,Male,Urban,Prepaid,38.38,0,2022-05-08,19,380.56,10.04,27.08,4,0
CUST_3707,43,1,Male,Suburban,Prepaid,43.37,0,2018-05-24,67,521.80,9.83,34.50,7,0
CUST_3708,43,1,Female,Urban,Yearly,3.62,0,2019-10-05,50,460.95,10.49,26.58,7,0
CUST_3709,63,0,Female,Suburban,Prepaid,76.56,0,2021-10-13,26,594.50,9.65,19.50,8,0
CUST_371,43,1,Female,Suburban,Prepaid,36.46,0,2022-01-04,23,220.38,9.22,26.58,3,0
CUST_3710,66,0,Male,Urban,Monthly,69.71,0,2021-06-12,30,507.51,9.89,24.50,2,1
CUST_3711,43,1,Female,Urban,Prepaid,51.02,0,2023-06-21,6,601.55,10.48,23.25,7,0
CUST_3712,43,1,Male,Urban,Prepaid,64.09,0,2019-12-05,48,457.11,11.39,35.33,10,0
CUST_3713,37,0,Male,Urban,Prepaid,49.46,0,2021-01-26,35,606.17,10.26,28.25,9,0
CUST_3714,50,0,Male,Urban,Monthly,56.54,0,2023-06-13,6,346.39,9.52,26.50,5,0
CUST_3715,43,0,Male,Suburban,Prepaid,64.80,0,2021-01-11,35,575.86,10.94,29.58,7,0
CUST_3716,56,0,Female,Rural,Prepaid,46.42,0,2021-02-23,34,500.16,9.29,26.00,7,1
CUST_3717,38,0,Male,Rural,Monthly,61.61,0,2021-02-25,34,546.04,11.06,33.67,8,0
CUST_3718,66,0,Female,Rural,Prepaid,23.05,0,2019-07-07,53,470.71,9.74,29.17,9,0
CUST_3719,59,0,Male,Rural,Monthly,53.22,0,2021-12-26,24,403.20,8.76,22.00,5,0
CUST_372,43,1,Male,Urban,Monthly,68.24,0,2023-06-13,6,430.00,10.29,24.08,7,0
CUST_3720,60,0,Male,Rural,Yearly,49.78,0,2021-06-07,30,320.14,9.19,34.83,4,0
CUST_3721,43,1,Female,Urban,Prepaid,44.90,0,2019-07-21,53,426.86,12.18,27.75,8,0
CUST_3722,26,0,Male,Suburban,Monthly,46.90,0,2020-04-20,44,350.03,7.71,26.58,5,0
CUST_3723,41,0,Male,Urban,Monthly,46.37,0,2021-04-11,32,649.05,11.07,23.83,9,0
CUST_3724,43,1,Female,Suburban,Monthly,66.62,0,2021-02-15,34,511.81,9.68,28.83,9,0
CUST_3725,66,0,Female,Suburban,Monthly,49.13,0,2018-04-06,68,324.48,11.23,26.00,7,0
CUST_3726,58,0,Female,Suburban,Yearly,92.32,0,2023-06-19,6,523.68,12.16,28.83,8,0
CUST_3727,34,0,Male,Suburban,Prepaid,35.91,0,2020-03-05,45,378.08,9.76,23.75,6,0
CUST_3728,41,0,Male,Rural,Yearly,58.32,0,2020-02-19,46,586.63,9.34,25.17,13,0
CUST_3729,43,1,Female,Suburban,Yearly,63.42,0,2018-12-28,60,542.82,10.26,37.75,2,0
CUST_373,34,0,Male,Urban,Prepaid,56.41,0,2022-06-26,18,512.57,9.10,15.50,5,0
CUST_3730,43,1,Female,Suburban,Yearly,44.16,0,2020-08-23,40,583.08,11.21,24.92,7,0
CUST_3731,56,0,Male,Rural,Monthly,31.80,0,2020-08-19,40,436.41,10.69,25.08,11,1
CUST_3732,43,1,Male,Urban,Yearly,43.23,0,2022-01-07,23,401.55,10.05,28.17,4,0
CUST_3733,56,0,Female,Urban,Prepaid,30.18,0,2022-11-30,13,344.41,9.05,27.00,5,0
CUST_3734,43,1,Female,Urban,Monthly,37.65,0,2019-01-11,59,538.71,8.70,20.67,7,0
CUST_3735,28,0,Female,Urban,Prepaid,55.81,0,2020-07-26,41,403.86,8.11,31.83,3,0
CUST_3736,63,0,Female,Suburban,Yearly,88.85,0,2020-12-04,36,548.31,10.68,24.33,8,0
CUST_3737,36,0,Male,Rural,Monthly,76.03,0,2019-04-10,56,564.84,11.38,25.83,5,0
CUST_3738,28,0,Male,Rural,Prepaid,40.88,0,2019-10-08,50,444.97,10.59,32.00,10,0
CUST_3739,30,0,Male,Urban,Yearly,64.18,0,2019-05-01,55,392.50,7.75,24.25,4,0
CUST_374,61,0,Female,Urban,Prepaid,42.69,0,2021-01-27,35,675.57,10.39,22.75,6,0
CUST_3740,43,1,Male,Rural,Monthly,44.55,0,2023-06-16,6,471.68,8.90,26.92,4,0
CUST_3741,62,0,Female,Suburban,Monthly,36.95,0,2022-03-04,21,347.56,8.64,21.25,3,0
CUST_3742,18,0,Male,Urban,Prepaid,48.76,0,2022-05-25,19,316.45,10.21,31.92,7,0
CUST_3743,57,0,Female,Suburban,Yearly,17.18,0,2019-03-16,57,475.40,11.08,25.25,6,0
CUST_3744,61,0,Male,Suburban,Monthly,24.79,0,2019-07-24,53,329.16,7.60,14.25,4,0
CUST_3745,43,1,Male,Suburban,Monthly,63.70,0,2021-07-20,29,625.60,9.79,20.33,6,0
CUST_3746,43,1,Male,Suburban,Monthly,70.46,0,2023-03-17,9,665.15,9.80,25.50,10,0
CUST_3747,43,1,Female,Suburban,Monthly,12.65,0,2018-05-12,67,590.98,11.39,28.50,7,0
CUST_3748,25,0,Male,Urban,Monthly,71.86,0,2022-03-17,21,391.91,9.59,21.50,3,0
CUST_3749,62,0,Female,Suburban,Prepaid,67.38,0,2022-01-21,23,508.32,8.98,23.83,4,0
CUST_375,45,0,Male,Suburban,Prepaid,28.42,0,2018-09-20,63,706.51,8.39,30.50,2,0
CUST_3750,29,0,Female,Urban,Prepaid,44.77,0,2018-06-20,66,595.07,10.21,29.92,8,0
CUST_3751,65,0,Male,Rural,Monthly,56.82,0,2018-12-14,60,397.16,10.66,24.75,9,0
CUST_3752,50,0,Female,Suburban,Yearly,77.26,0,2018-02-25,70,367.99,8.79,18.50,8,0
CUST_3753,62,0,Male,Suburban,Monthly,68.39,0,2020-09-25,39,424.40,11.51,24.92,3,0
CUST_3754,43,0,Female,Rural,Prepaid,57.41,0,2022-09-25,15,515.11,8.80,33.67,5,0
CUST_3755,56,0,Male,Urban,Prepaid,40.49,0,2018-02-06,70,596.23,9.78,28.33,4,0
CUST_3756,45,0,Female,Suburban,Monthly,43.85,0,2019-01-16,59,290.62,9.38,24.17,4,0
CUST_3757,43,1,Female,Rural,Yearly,60.49,0,2018-11-16,61,622.14,9.74,20.75,5,0
CUST_3758,25,0,Male,Rural,Prepaid,58.13,0,2020-04-09,44,478.61,8.44,22.75,5,0
CUST_3759,43,1,Male,Suburban,Monthly,67.43,0,2020-04-12,44,445.57,10.55,24.67,8,0
CUST_376,47,0,Male,Rural,Prepaid,71.13,0,2021-04-05,32,613.49,9.39,23.42,8,0
CUST_3760,43,1,Male,Urban,Prepaid,28.33,0,2020-06-30,42,574.06,9.44,22.67,4,0
CUST_3761,63,0,Male,Urban,Prepaid,56.67,0,2019-06-03,54,689.50,9.63,23.17,7,0
CUST_3762,40,0,Female,Suburban,Prepaid,60.79,0,2022-02-12,22,455.16,9.71,16.33,6,0
CUST_3763,47,0,Female,Rural,Yearly,46.37,0,2019-01-12,59,446.59,10.24,21.67,6,0
CUST_3764,62,0,Female,Suburban,Yearly,85.73,0,2021-09-27,27,491.47,10.35,27.33,4,0
CUST_3765,43,1,Female,Urban,Prepaid,37.03,0,2023-02-27,10,299.30,11.68,27.00,3,0
CUST_3766,40,0,Male,Rural,Monthly,245.80,0,2021-11-18,25,503.72,9.58,22.17,4,0
CUST_3767,66,0,Female,Suburban,Prepaid,60.96,0,2021-01-03,35,427.01,10.55,26.25,7,0
CUST_3768,43,1,Male,Rural,Monthly,62.95,0,2019-04-25,56,505.04,9.14,27.67,3,0
CUST_3769,43,1,Female,Urban,Monthly,46.32,0,2018-01-01,71,635.26,8.63,28.58,5,0
CUST_377,43,1,Male,Rural,Monthly,42.91,0,2023-03-06,9,536.78,12.12,24.92,5,0
CUST_3770,43,1,Male,Urban,Prepaid,46.29,0,2021-07-16,29,479.84,11.34,21.00,4,0
CUST_3771,35,0,Male,Urban,Prepaid,60.48,0,2019-08-12,52,489.60,10.20,26.25,5,0
CUST_3772,19,0,Male,Suburban,Yearly,56.96,0,2022-05-18,19,386.06,10.18,23.08,3,1
CUST_3773,43,1,Male,Rural,Monthly,51.38,0,2022-10-15,14,500.81,10.68,24.17,4,0
CUST_3774,47,0,Male,Suburban,Prepaid,22.10,0,2023-03-13,9,563.45,10.07,17.67,3,0
CUST_3775,50,0,Female,Suburban,Monthly,52.22,0,2020-03-14,45,489.41,10.37,20.83,5,1
CUST_3776,53,0,Male,Suburban,Yearly,74.23,0,2022-04-17,20,424.33,11.05,21.00,3,0
CUST_3777,43,1,Female,Suburban,Monthly,58.84,0,2023-04-08,8,589.87,11.29,20.75,7,0
CUST_3778,54,0,Female,Rural,Monthly,38.36,0,2021-10-18,26,640.41,9.82,22.50,8,0
CUST_3779,36,0,Male,Rural,Monthly,28.12,0,2022-10-21,14,472.93,8.83,20.83,5,0
CUST_378,43,1,Male,Suburban,Yearly,22.71,0,2022-07-26,17,483.40,9.51,34.50,4,0
CUST_3780,64,0,Female,Suburban,Monthly,64.38,0,2018-03-15,69,548.55,9.58,33.67,4,0
CUST_3781,43,1,Female,Suburban,Monthly,43.10,0,2022-12-12,12,455.90,12.65,22.75,6,0
CUST_3782,57,0,Female,Urban,Yearly,70.03,0,2021-09-28,27,515.85,10.98,18.58,4,0
CUST_3783,37,0,Male,Urban,Prepaid,69.69,0,2019-01-10,59,654.62,9.74,23.67,7,0
CUST_3784,66,0,Male,Rural,Monthly,47.77,0,2023-04-18,8,378.67,9.40,28.33,3,0
CUST_3785,43,1,Male,Urban,Prepaid,54.88,0,2022-09-08,15,565.74,10.31,29.67,9,0
CUST_3786,43,1,Male,Rural,Prepaid,56.75,0,2020-01-21,47,617.82,9.75,21.33,6,0
CUST_3787,43,1,Female,Rural,Monthly,32.00,0,2023-05-14,7,437.18,10.75,21.92,3,0
CUST_3788,32,0,Female,Rural,Yearly,75.60,0,2020-12-22,36,488.33,11.39,22.08,2,0
CUST_3789,58,0,Female,Urban,Prepaid,57.49,0,2018-06-04,66,270.49,6.81,25.92,2,0
CUST_379,23,0,Male,Suburban,Prepaid,51.31,0,2018-12-07,60,591.32,10.34,17.58,10,0
CUST_3790,56,0,Female,Urban,Yearly,52.30,0,2022-03-16,21,594.60,7.66,27.75,4,0
CUST_3791,19,0,Female,Rural,Prepaid,64.80,0,2018-01-31,71,661.51,10.51,21.08,3,0
CUST_3792,46,0,Female,Rural,Prepaid,54.58,0,2022-04-18,20,417.96,10.34,21.83,6,0
CUST_3793,58,0,Male,Suburban,Prepaid,33.68,0,2020-06-20,42,534.53,9.85,16.33,10,0
CUST_3794,27,0,Female,Rural,Monthly,37.92,0,2019-07-23,53,618.23,12.02,20.33,10,0
CUST_3795,43,1,Female,Rural,Monthly,17.81,0,2019-11-07,49,588.96,9.86,26.83,3,0
CUST_3796,68,0,Female,Suburban,Monthly,50.99,0,2022-02-17,22,385.87,8.50,23.92,2,0
CUST_3797,43,1,Male,Rural,Monthly,58.29,0,2018-04-11,68,397.99,9.80,23.17,4,0
CUST_3798,30,0,Female,Rural,Monthly,47.19,0,2020-12-15,36,550.32,10.32,29.25,7,0
CUST_3799,43,1,Female,Rural,Monthly,32.67,0,2020-08-04,40,480.13,8.95,29.67,6,0
CUST_38,43,1,Male,Rural,Prepaid,52.62,0,2022-01-30,23,421.59,10.00,21.58,3,0
CUST_380,52,0,Male,Urban,Monthly,65.49,0,2022-05-12,19,611.91,10.79,30.42,4,1
CUST_3800,31,0,Male,Suburban,Prepaid,42.57,0,2022-07-16,17,422.66,10.97,28.67,8,0
CUST_3801,35,0,Female,Urban,Yearly,44.47,0,2019-11-22,49,406.69,9.62,17.67,5,0
CUST_3802,68,0,Male,Rural,Monthly,63.01,0,2018-05-15,67,486.07,10.40,27.75,5,0
CUST_3803,26,0,Male,Suburban,Prepaid,71.48,0,2020-10-17,38,352.34,10.51,22.33,7,0
CUST_3804,56,0,Female,Rural,Prepaid,8.95,0,2020-07-03,41,432.20,10.68,23.58,2,0
CUST_3805,45,0,Female,Suburban,Monthly,48.82,0,2019-11-06,49,509.99,10.14,21.92,7,0
CUST_3806,43,1,Male,Rural,Prepaid,40.94,0,2018-07-22,65,438.35,9.59,25.42,5,1
CUST_3807,37,0,Female,Suburban,Monthly,46.09,0,2023-01-26,11,519.12,10.33,24.42,10,0
CUST_3808,43,1,Female,Urban,Prepaid,62.63,0,2023-02-07,10,434.35,8.43,18.17,7,0
CUST_3809,43,1,Male,Urban,Monthly,42.51,0,2021-04-12,32,470.80,10.02,19.42,2,0
CUST_381,58,0,Male,Rural,Prepaid,60.80,0,2018-12-30,60,479.07,10.57,24.83,7,0
CUST_3810,43,1,Male,Urban,Prepaid,60.27,0,2022-06-28,18,597.17,11.57,22.83,9,0
CUST_3811,46,0,Female,Rural,Yearly,79.87,0,2023-01-19,11,424.94,10.09,21.42,5,0
CUST_3812,55,0,Male,Suburban,Yearly,43.25,0,2018-07-17,65,585.20,8.16,17.92,9,0
CUST_3813,20,0,Female,Rural,Yearly,46.74,0,2018-12-19,60,502.17,9.77,26.83,4,0
CUST_3814,33,0,Female,Rural,Prepaid,46.41,0,2021-10-25,26,517.41,10.54,27.33,7,0
CUST_3815,47,0,Female,Suburban,Yearly,85.80,0,2018-04-06,68,536.49,9.76,29.83,6,1
CUST_3816,57,0,Female,Rural,Monthly,42.50,0,2020-12-28,36,490.80,11.41,25.58,5,0
CUST_3817,19,0,Male,Suburban,Monthly,72.05,0,2018-11-07,61,518.18,10.47,23.67,9,0
CUST_3818,34,0,Female,Suburban,Prepaid,49.46,0,2020-07-30,41,477.39,10.01,31.67,9,0
CUST_3819,43,1,Male,Urban,Monthly,52.55,0,2021-11-13,25,456.45,10.47,22.33,10,1
CUST_382,54,0,Female,Suburban,Prepaid,51.22,0,2021-09-26,27,475.51,8.22,18.17,7,1
CUST_3820,43,1,Female,Urban,Yearly,62.42,0,2021-05-10,31,499.68,9.90,25.00,9,0
CUST_3821,52,0,Female,Urban,Prepaid,44.41,0,2020-11-23,37,533.35,10.38,33.75,11,0
CUST_3822,60,0,Male,Suburban,Prepaid,64.74,0,2021-10-28,26,314.89,9.97,24.58,7,1
CUST_3823,43,1,Female,Urban,Prepaid,45.85,0,2018-02-16,70,581.88,8.43,26.00,7,0
CUST_3824,62,0,Male,Suburban,Prepaid,33.97,0,2019-10-20,50,492.97,11.29,22.58,7,0
CUST_3825,43,1,Male,Rural,Monthly,65.25,0,2018-10-05,62,303.91,10.49,25.67,6,0
CUST_3826,43,1,Female,Urban,Yearly,59.15,0,2018-10-09,62,324.12,10.46,21.33,2,0
CUST_3827,54,0,Female,Suburban,Prepaid,41.21,0,2021-10-18,26,446.01,9.49,21.50,7,1
CUST_3828,43,1,Female,Suburban,Monthly,67.29,0,2021-03-09,33,422.87,10.72,28.75,9,0
CUST_3829,66,0,Female,Suburban,Monthly,35.23,0,2019-10-26,50,450.15,9.54,31.17,9,0
CUST_383,41,0,Female,Rural,Prepaid,43.37,0,2020-11-30,37,538.63,9.73,21.75,5,0
CUST_3830,43,1,Male,Suburban,Prepaid,56.34,0,2020-04-06,44,428.75,10.33,28.67,4,0
CUST_3831,43,1,Female,Urban,Monthly,24.61,0,2022-01-09,23,338.60,9.98,21.00,9,0
CUST_3832,40,0,Female,Urban,Prepaid,44.16,0,2019-04-11,56,624.05,10.23,21.58,7,0
CUST_3833,43,1,Female,Urban,Monthly,37.37,0,2018-07-22,65,489.23,9.92,28.67,7,0
CUST_3834,55,0,Female,Suburban,Prepaid,31.11,0,2019-09-29,51,431.55,9.08,23.00,8,0
CUST_3835,45,0,Female,Rural,Monthly,50.37,0,2018-08-25,64,456.80,10.19,23.42,6,0
CUST_3836,38,0,Male,Suburban,Prepaid,54.98,0,2021-12-03,24,427.64,10.74,29.17,5,0
CUST_3837,43,1,Female,Rural,Yearly,59.22,0,2020-01-05,47,362.69,11.13,16.67,8,0
CUST_3838,35,0,Male,Urban,Yearly,50.03,0,2019-02-22,58,553.15,10.31,29.08,8,0
CUST_3839,53,0,Female,Suburban,Prepaid,56.46,0,2020-05-10,43,500.76,9.31,22.58,13,0
CUST_384,46,0,Male,Urban,Yearly,41.59,0,2021-12-01,24,380.55,8.87,28.50,10,0
CUST_3840,52,0,Female,Suburban,Monthly,33.15,0,2019-03-05,57,461.75,9.51,29.67,8,0
CUST_3841,62,0,Female,Urban,Prepaid,36.80,0,2019-10-25,50,388.14,9.66,24.25,6,0
CUST_3842,43,1,Male,Suburban,Monthly,49.73,0,2023-02-04,10,577.84,10.18,16.25,3,0
CUST_3843,55,0,Female,Rural,Prepaid,36.86,0,2018-03-01,69,420.17,10.90,32.58,5,0
CUST_3844,47,0,Male,Rural,Monthly,50.08,0,2022-06-05,18,572.18,9.65,28.67,5,0
CUST_3845,61,0,Male,Rural,Prepaid,40.25,0,2020-05-12,43,588.28,10.50,30.42,6,0
CUST_3846,51,0,Female,Suburban,Prepaid,47.62,0,2020-06-30,42,542.61,9.06,19.67,5,0
CUST_3847,49,0,Male,Suburban,Prepaid,25.03,0,2020-03-30,45,558.96,10.01,23.25,6,0
CUST_3848,20,0,Female,Rural,Prepaid,24.32,0,2021-02-19,34,597.92,8.82,28.25,6,0
CUST_3849,43,1,Female,Suburban,Monthly,39.24,0,2019-12-02,48,499.60,10.51,25.67,7,1
CUST_385,66,0,Female,Suburban,Prepaid,69.14,0,2021-11-01,25,548.49,10.01,21.08,5,0
CUST_3850,45,0,Male,Rural,Prepaid,30.10,0,2021-06-01,30,382.99,9.12,19.17,7,0
CUST_3851,61,0,Female,Urban,Yearly,10.63,0,2021-10-30,26,488.99,8.83,18.25,3,0
CUST_3852,43,1,Female,Rural,Monthly,57.24,0,2018-03-10,69,509.04,11.13,19.92,8,0
CUST_3853,43,1,Male,Urban,Prepaid,64.57,0,2020-03-14,45,500.54,10.82,21.75,6,0
CUST_3854,40,0,Male,Urban,Monthly,63.13,0,2022-11-07,13,613.04,8.97,21.17,5,1
CUST_3855,43,1,Male,Urban,Monthly,47.83,0,2018-08-13,64,589.70,10.62,21.67,4,0
CUST_3856,28,0,Male,Rural,Monthly,47.53,0,2022-03-17,21,491.52,9.57,29.50,7,0
CUST_3857,43,1,Male,Rural,Monthly,51.49,0,2019-04-23,56,497.55,8.76,23.92,4,1
CUST_3858,49,0,Male,Suburban,Prepaid,40.18,0,2019-04-21,56,556.02,8.01,20.58,8,0
CUST_3859,53,0,Female,Suburban,Prepaid,22.36,0,2022-10-22,14,591.13,9.62,22.25,1,1
CUST_386,63,0,Male,Rural,Yearly,20.71,0,2018-12-13,60,533.85,11.37,22.00,6,0
CUST_3860,50,0,Male,Urban,Monthly,67.81,0,2019-06-25,54,628.94,9.31,21.33,5,0
CUST_3861,41,0,Male,Rural,Yearly,50.22,0,2021-05-09,31,465.93,10.98,17.00,5,0
CUST_3862,43,1,Female,Suburban,Yearly,49.29,0,2022-05-12,19,408.62,8.13,27.42,4,0
CUST_3863,51,0,Female,Suburban,Prepaid,45.25,0,2021-06-19,30,251.19,9.30,36.50,9,1
CUST_3864,45,0,Male,Suburban,Monthly,58.90,0,2020-09-07,39,509.39,10.61,18.33,8,1
CUST_3865,54,0,Male,Rural,Yearly,48.23,0,2023-01-21,11,435.09,11.02,26.00,6,0
CUST_3866,43,1,Female,Suburban,Prepaid,42.66,0,2023-04-22,8,375.90,10.81,14.75,4,0
CUST_3867,21,0,Male,Urban,Monthly,44.97,0,2021-08-10,28,465.68,9.68,20.83,10,0
CUST_3868,54,0,Male,Rural,Monthly,50.97,0,2020-04-23,44,549.97,11.96,31.00,4,0
CUST_3869,43,1,Female,Suburban,Monthly,32.71,0,2022-12-09,12,317.01,10.14,24.33,6,0
CUST_387,48,0,Male,Rural,Monthly,35.76,0,2019-03-14,57,439.27,10.17,27.50,8,0
CUST_3870,18,0,Male,Suburban,Monthly,71.21,0,2018-04-19,68,339.53,10.32,19.83,11,0
CUST_3871,64,0,Female,Rural,Yearly,40.89,0,2021-09-19,27,410.25,9.60,20.83,8,0
CUST_3872,43,1,Male,Suburban,Prepaid,38.07,0,2020-05-15,43,650.10,9.22,31.25,6,0
CUST_3873,36,0,Female,Suburban,Monthly,44.33,0,2018-08-23,64,481.76,10.76,25.67,5,1
CUST_3874,43,1,Female,Urban,Prepaid,63.64,0,2021-08-29,28,423.14,9.93,18.67,6,0
CUST_3875,27,0,Female,Rural,Monthly,45.97,0,2020-04-03,44,506.80,11.57,27.25,11,0
CUST_3876,35,0,Male,Suburban,Yearly,67.46,0,2020-10-20,38,608.00,9.93,25.50,1,0
CUST_3877,43,1,Female,Rural,Monthly,45.05,0,2018-04-14,68,702.83,10.65,13.42,8,0
CUST_3878,52,0,Male,Rural,Prepaid,28.69,0,2018-04-18,68,529.13,10.13,24.17,8,0
CUST_3879,60,0,Female,Urban,Monthly,37.48,0,2020-11-26,37,492.53,10.12,22.33,11,0
CUST_388,52,0,Male,Urban,Prepaid,48.56,0,2022-04-14,20,362.16,9.16,26.58,2,0
CUST_3880,64,0,Female,Urban,Prepaid,39.71,0,2021-01-09,35,430.37,10.21,18.33,7,0
CUST_3881,48,0,Female,Rural,Prepaid,59.73,0,2021-06-05,30,589.10,10.83,24.33,4,0
CUST_3882,44,0,Male,Urban,Monthly,43.13,0,2021-06-25,30,511.49,11.65,22.58,5,0
CUST_3883,28,0,Male,Urban,Monthly,32.29,0,2022-11-06,13,582.66,9.47,21.42,7,0
CUST_3884,43,1,Female,Suburban,Monthly,28.29,0,2022-10-06,14,497.24,9.87,29.25,5,0
CUST_3885,66,0,Male,Urban,Monthly,22.53,0,2021-02-23,34,383.53,10.65,14.83,9,0
CUST_3886,55,0,Male,Urban,Prepaid,89.80,0,2022-04-08,20,582.69,8.24,25.08,4,0
CUST_3887,22,0,Male,Suburban,Prepaid,38.76,0,2020-06-21,42,569.73,10.48,28.92,5,0
CUST_3888,43,1,Female,Suburban,Monthly,56.64,0,2021-09-28,27,467.67,9.89,24.00,10,0
CUST_3889,51,0,Male,Rural,Yearly,31.90,0,2023-06-22,6,507.00,9.43,23.58,8,0
CUST_389,50,0,Male,Suburban,Monthly,20.09,0,2020-10-29,38,583.36,10.11,20.00,7,0
CUST_3890,65,0,Female,Urban,Yearly,68.41,0,2019-12-04,48,762.62,9.64,29.75,4,0
CUST_3891,43,1,Female,Suburban,Monthly,37.14,0,2018-01-15,71,402.85,10.02,24.08,5,0
CUST_3892,29,0,Female,Urban,Prepaid,78.06,0,2022-09-19,15,305.14,8.40,19.58,10,1
CUST_3893,43,1,Male,Rural,Monthly,79.58,0,2019-07-19,53,439.17,11.34,19.17,6,0
CUST_3894,18,0,Female,Urban,Monthly,33.27,0,2019-06-14,54,495.06,9.90,22.00,8,0
CUST_3895,43,1,Male,Urban,Prepaid,68.59,0,2020-03-30,45,342.94,9.62,22.58,5,0
CUST_3896,43,1,Male,Urban,Monthly,78.16,0,2021-02-28,34,428.35,11.00,26.08,10,1
CUST_3897,43,1,Female,Suburban,Yearly,25.96,0,2021-06-20,30,669.01,9.36,24.67,8,1
CUST_3898,43,1,Female,Suburban,Monthly,27.69,0,2018-12-18,60,472.19,10.11,23.17,6,0
CUST_3899,43,1,Female,Rural,Prepaid,18.61,0,2022-03-04,21,395.23,10.55,22.17,5,0
CUST_39,69,0,Female,Urban,Monthly,35.45,0,2018-09-26,63,315.61,9.38,24.00,5,0
CUST_390,43,1,Female,Rural,Yearly,46.73,0,2020-06-20,42,375.57,9.13,25.33,3,0
CUST_3900,22,0,Male,Urban,Monthly,35.90,0,2018-03-05,69,627.69,10.05,21.25,7,0
CUST_3901,47,0,Male,Rural,Prepaid,34.92,0,2021-08-29,28,481.03,9.62,23.58,7,0
CUST_3902,41,0,Female,Rural,Prepaid,44.99,0,2021-07-30,29,492.19,9.50,25.00,4,0
CUST_3903,20,0,Female,Suburban,Yearly,30.85,0,2018-03-16,69,421.46,9.62,28.50,4,0
CUST_3904,28,0,Male,Urban,Prepaid,60.38,0,2021-12-04,24,387.12,9.89,31.08,12,0
CUST_3905,43,1,Male,Urban,Prepaid,50.46,0,2018-03-20,69,591.97,9.23,26.83,8,0
CUST_3906,21,0,Female,Rural,Monthly,56.37,0,2020-09-18,39,478.60,10.12,22.83,9,0
CUST_3907,43,1,Male,Urban,Yearly,65.44,0,2022-05-22,19,594.69,9.79,20.50,2,0
CUST_3908,43,1,Male,Suburban,Monthly,53.95,0,2018-01-20,71,403.01,9.67,23.83,7,0
CUST_3909,43,1,Male,Rural,Prepaid,46.64,0,2020-04-16,44,455.85,8.17,31.33,7,0
CUST_391,43,1,Female,Urban,Yearly,31.60,0,2023-03-11,9,718.64,9.67,28.08,8,0
CUST_3910,60,0,Male,Rural,Monthly,37.68,0,2020-10-17,38,458.65,9.76,32.50,5,1
CUST_3911,44,0,Male,Suburban,Monthly,63.46,0,2021-01-24,35,509.36,9.28,31.42,6,0
CUST_3912,59,0,Male,Suburban,Monthly,54.06,0,2021-06-16,30,570.34,8.96,24.33,5,0
CUST_3913,68,0,Female,Suburban,Monthly,53.28,0,2018-07-29,65,566.05,9.11,28.83,9,0
CUST_3914,67,0,Male,Suburban,Prepaid,40.92,0,2023-06-09,6,537.11,10.33,27.58,7,0
CUST_3915,23,0,Female,Suburban,Yearly,54.50,0,2018-12-08,60,441.03,8.86,19.75,6,0
CUST_3916,43,1,Female,Suburban,Monthly,38.28,0,2021-03-08,33,611.94,9.70,31.58,5,0
CUST_3917,47,0,Male,Rural,Prepaid,54.65,0,2020-01-06,47,640.86,9.20,22.75,4,0
CUST_3918,59,0,Female,Urban,Monthly,46.03,0,2018-09-10,63,532.88,9.28,20.67,7,0
CUST_3919,43,1,Female,Urban,Prepaid,60.73,0,2019-08-20,52,401.35,9.85,20.50,2,0
CUST_392,49,0,Female,Rural,Monthly,57.12,0,2019-07-12,53,409.21,10.05,22.17,3,0
CUST_3920,43,1,Female,Rural,Monthly,30.07,0,2021-10-18,26,427.65,10.58,22.92,10,0
CUST_3921,59,0,Male,Urban,Prepaid,50.71,0,2021-11-05,25,644.36,10.26,26.67,7,0
CUST_3922,43,1,Female,Urban,Prepaid,60.54,0,2020-01-27,47,359.17,8.51,17.33,4,0
CUST_3923,52,0,Male,Rural,Monthly,51.12,0,2020-07-06,41,441.92,9.17,22.25,8,0
CUST_3924,43,1,Female,Urban,Yearly,28.67,0,2023-01-14,11,416.38,9.75,25.92,5,0
CUST_3925,23,0,Female,Urban,Prepaid,38.83,0,2021-05-08,31,677.43,10.57,16.92,9,0
CUST_3926,21,0,Female,Rural,Monthly,69.01,0,2020-02-07,46,385.85,10.85,21.75,7,0
CUST_3927,35,0,Female,Urban,Monthly,48.94,0,2018-12-08,60,477.91,10.19,32.33,7,0
CUST_3928,43,1,Male,Suburban,Monthly,37.71,0,2020-12-10,36,623.14,10.51,31.17,8,0
CUST_3929,66,0,Female,Rural,Prepaid,68.81,0,2018-06-07,66,536.75,9.23,31.92,6,0
CUST_393,40,0,Female,Urban,Prepaid,41.40,0,2021-01-27,35,456.98,9.24,27.92,7,1
CUST_3930,43,1,Female,Urban,Monthly,73.25,0,2021-12-24,24,520.71,10.25,26.42,3,0
CUST_3931,30,0,Male,Urban,Prepaid,32.32,0,2018-10-25,62,383.38,10.35,24.50,3,0
CUST_3932,43,1,Male,Suburban,Yearly,42.46,0,2021-08-16,28,484.43,10.15,27.50,10,0
CUST_3933,69,0,Male,Rural,Monthly,44.83,0,2020-07-29,41,510.20,9.79,26.25,6,1
CUST_3934,34,0,Female,Rural,Yearly,58.00,0,2018-05-07,67,622.95,9.90,23.67,6,0
CUST_3935,62,0,Male,Urban,Prepaid,47.29,0,2019-09-24,51,377.91,10.22,28.58,6,0
CUST_3936,49,0,Male,Suburban,Yearly,51.84,0,2019-04-08,56,517.67,8.89,30.75,8,0
CUST_3937,43,1,Male,Suburban,Prepaid,47.81,0,2020-02-19,46,491.62,10.07,29.92,6,0
CUST_3938,43,1,Male,Suburban,Monthly,83.00,0,2020-08-20,40,720.26,10.34,17.17,5,0
CUST_3939,21,0,Male,Suburban,Prepaid,58.60,0,2021-09-05,27,625.39,9.83,30.75,14,0
CUST_394,50,0,Male,Rural,Prepaid,44.00,0,2022-04-07,20,419.11,9.32,29.42,4,0
CUST_3940,43,1,Male,Suburban,Monthly,45.60,0,2018-03-10,69,564.74,10.59,26.17,4,0
CUST_3941,54,0,Female,Suburban,Prepaid,45.83,0,2023-03-04,9,567.67,8.32,27.50,2,0
CUST_3942,43,1,Male,Rural,Prepaid,57.10,0,2018-06-17,66,473.87,10.74,19.08,7,1
CUST_3943,66,0,Female,Urban,Monthly,35.67,0,2018-02-01,70,455.55,9.52,25.00,3,0
CUST_3944,43,1,Male,Urban,Monthly,54.05,0,2022-05-31,19,560.64,9.34,28.50,9,0
CUST_3945,51,0,Male,Suburban,Monthly,52.39,0,2020-11-07,37,471.84,10.43,31.00,4,0
CUST_3946,43,1,Male,Rural,Prepaid,37.03,0,2022-08-06,16,355.72,11.70,23.83,4,0
CUST_3947,43,1,Female,Rural,Prepaid,15.28,0,2020-10-18,38,560.18,10.01,19.33,3,0
CUST_3948,40,0,Male,Suburban,Yearly,23.95,0,2018-09-27,63,560.04,10.67,23.42,8,0
CUST_3949,43,1,Male,Urban,Monthly,46.56,0,2023-05-19,7,296.81,9.56,28.83,8,0
CUST_395,20,0,Female,Rural,Prepaid,40.35,0,2020-09-02,39,642.93,10.62,23.75,7,0
CUST_3950,43,1,Male,Suburban,Prepaid,63.61,0,2022-08-28,16,542.18,8.44,26.25,6,0
CUST_3951,59,0,Male,Rural,Monthly,43.26,0,2020-10-04,38,420.97,10.67,27.17,5,0
CUST_3952,51,0,Female,Suburban,Yearly,62.99,0,2020-12-06,36,567.80,10.94,20.08,7,0
CUST_3953,49,0,Female,Urban,Yearly,44.50,0,2019-12-06,48,505.52,10.56,24.33,4,1
CUST_3954,62,0,Female,Urban,Prepaid,34.23,0,2023-05-13,7,536.71,10.22,17.33,10,0
CUST_3955,68,0,Female,Rural,Yearly,30.82,0,2022-10-07,14,661.33,9.53,20.67,8,0
CUST_3956,66,0,Female,Suburban,Prepaid,36.10,0,2018-11-06,61,531.72,7.79,23.50,6,0
CUST_3957,38,0,Male,Suburban,Monthly,52.11,0,2019-03-17,57,588.83,8.92,27.92,8,1
CUST_3958,63,0,Male,Rural,Prepaid,49.32,0,2022-01-26,23,487.12,10.22,19.75,4,0
CUST_3959,61,0,Male,Suburban,Monthly,46.28,0,2018-09-19,63,593.93,10.39,27.42,3,0
CUST_396,35,0,Male,Urban,Monthly,60.14,0,2021-09-16,27,329.76,7.43,24.17,6,0
CUST_3960,38,0,Female,Rural,Monthly,46.90,0,2023-02-05,10,350.31,9.51,21.75,2,0
CUST_3961,43,1,Male,Suburban,Monthly,66.58,0,2018-01-23,71,438.62,10.25,16.75,5,0
CUST_3962,28,0,Female,Urban,Monthly,78.19,0,2021-05-15,31,367.14,11.87,30.25,1,0
CUST_3963,43,1,Male,Rural,Monthly,38.93,0,2021-12-27,24,578.59,11.41,17.75,4,0
CUST_3964,21,0,Female,Suburban,Monthly,47.18,0,2021-09-18,27,503.98,10.07,18.17,3,0
CUST_3965,68,0,Male,Suburban,Prepaid,31.68,0,2022-05-13,19,400.82,11.11,21.00,5,0
CUST_3966,18,0,Male,Suburban,Prepaid,49.78,0,2022-09-10,15,645.58,8.60,26.50,4,0
CUST_3967,45,0,Male,Rural,Monthly,45.28,0,2021-07-25,29,512.00,9.97,27.00,6,0
CUST_3968,43,1,Male,Urban,Yearly,53.22,0,2018-08-07,64,391.07,10.10,19.67,5,0
CUST_3969,52,0,Female,Suburban,Monthly,63.17,0,2018-09-01,63,652.67,9.95,25.08,4,0
CUST_397,42,0,Male,Suburban,Yearly,48.97,0,2022-02-24,22,516.29,10.03,26.08,6,1
CUST_3970,30,0,Male,Rural,Prepaid,31.85,0,2019-06-08,54,424.30,8.44,22.00,10,0
CUST_3971,64,0,Male,Suburban,Monthly,46.81,0,2019-06-13,54,423.50,9.42,19.17,1,0
CUST_3972,51,0,Male,Urban,Prepaid,45.85,0,2022-07-25,17,350.67,8.44,27.50,13,0
CUST_3973,43,1,Female,Urban,Yearly,52.38,0,2018-12-30,60,501.02,9.64,21.50,5,0
CUST_3974,53,0,Male,Urban,Prepaid,71.01,0,2021-12-09,24,516.38,11.45,26.17,8,0
CUST_3975,43,1,Male,Rural,Monthly,40.24,0,2018-01-20,71,371.12,10.14,22.25,12,0
CUST_3976,34,0,Male,Suburban,Monthly,59.14,0,2018-05-08,67,553.86,9.15,17.67,5,0
CUST_3977,43,1,Male,Rural,Yearly,75.08,0,2018-11-25,61,581.64,10.19,24.92,9,0
CUST_3978,35,0,Male,Suburban,Prepaid,37.31,0,2019-11-23,49,600.16,10.01,18.67,4,0
CUST_3979,57,0,Female,Rural,Prepaid,52.21,0,2019-07-11,53,432.66,9.97,28.33,5,1
CUST_398,43,1,Female,Urban,Monthly,64.19,0,2021-10-24,26,537.73,11.33,21.50,5,0
CUST_3980,43,1,Female,Suburban,Monthly,52.08,0,2018-11-06,61,475.44,11.57,27.50,5,0
CUST_3981,41,0,Female,Rural,Monthly,30.56,0,2019-02-18,58,441.52,10.84,29.58,6,0
CUST_3982,36,0,Male,Suburban,Prepaid,58.69,0,2022-05-01,19,560.73,10.83,24.00,6,0
CUST_3983,54,0,Female,Rural,Monthly,66.84,0,2023-05-31,7,661.23,9.70,28.17,6,0
CUST_3984,43,1,Male,Urban,Monthly,39.98,0,2018-02-04,70,530.35,9.16,28.17,3,1
CUST_3985,38,0,Male,Rural,Yearly,45.66,0,2021-01-14,35,397.94,9.99,26.75,7,0
CUST_3986,43,1,Male,Urban,Prepaid,23.80,0,2018-07-18,65,605.70,9.65,21.08,6,0
CUST_3987,43,1,Male,Urban,Prepaid,65.78,0,2019-07-07,53,515.76,8.60,23.33,12,0
CUST_3988,22,0,Female,Suburban,Monthly,62.98,0,2018-04-14,68,427.04,9.57,32.33,8,0
CUST_3989,43,1,Female,Urban,Monthly,35.66,0,2020-03-25,45,552.83,9.79,27.17,11,0
CUST_399,48,0,Male,Suburban,Yearly,68.12,0,2019-10-22,50,485.83,10.59,26.08,9,0
CUST_3990,54,0,Female,Urban,Monthly,37.36,0,2018-10-31,62,334.16,8.81,22.08,8,0
CUST_3991,43,1,Male,Suburban,Monthly,44.03,0,2020-05-04,43,590.02,8.34,23.33,9,0
CUST_3992,36,0,Female,Rural,Prepaid,69.38,0,2022-02-17,22,588.98,9.49,13.50,6,0
CUST_3993,43,1,Female,Rural,Prepaid,48.92,0,2019-04-11,56,533.55,9.59,28.83,7,0
CUST_3994,51,0,Male,Urban,Prepaid,52.28,0,2018-12-16,60,538.88,8.82,24.83,7,0
CUST_3995,28,0,Female,Rural,Yearly,52.28,0,2020-07-09,41,557.06,10.44,29.58,6,0
CUST_3996,43,1,Male,Urban,Monthly,70.59,0,2018-03-10,69,442.60,10.74,28.17,2,0
CUST_3997,43,1,Female,Rural,Prepaid,44.40,0,2018-12-15,60,568.52,9.70,24.17,7,0
CUST_3998,29,0,Female,Rural,Prepaid,47.96,0,2018-05-01,67,560.25,9.47,33.00,9,0
CUST_3999,43,1,Female,Rural,Yearly,67.62,0,2022-07-01,17,299.91,11.41,22.33,3,0
CUST_4,60,0,Male,Rural,Monthly,67.86,0,2022-12-28,12,587.03,9.55,19.08,6,0
CUST_40,20,0,Male,Urban,Yearly,41.57,0,2020-01-08,47,378.79,9.01,29.42,5,0
CUST_400,20,0,Female,Rural,Prepaid,45.69,0,2022-09-25,15,497.02,9.78,13.92,8,0
CUST_4000,28,0,Male,Urban,Yearly,67.45,0,2022-04-28,20,555.03,11.56,14.00,6,0
CUST_4001,56,0,Female,Suburban,Yearly,34.34,0,2019-08-04,52,380.26,9.17,20.58,9,0
CUST_4002,45,0,Female,Rural,Prepaid,20.81,0,2020-09-05,39,460.56,10.68,25.17,5,0
CUST_4003,43,1,Female,Rural,Monthly,49.89,0,2022-08-20,16,327.25,8.66,15.92,7,0
CUST_4004,34,0,Female,Rural,Prepaid,59.70,0,2021-10-27,26,567.78,10.74,23.75,4,0
CUST_4005,37,0,Male,Urban,Prepaid,54.73,0,2021-08-04,28,514.14,9.52,20.75,7,0
CUST_4006,43,1,Male,Suburban,Prepaid,40.82,0,2019-08-19,52,501.92,10.04,33.83,10,0
CUST_4007,63,0,Female,Urban,Prepaid,77.96,0,2018-10-16,62,551.52,10.00,22.50,4,0
CUST_4008,29,0,Female,Rural,Monthly,33.97,0,2018-08-30,64,455.44,7.98,23.58,7,0
CUST_4009,23,0,Female,Urban,Yearly,29.54,0,2019-12-21,48,373.76,7.24,18.42,7,0
CUST_401,57,0,Female,Rural,Monthly,39.54,0,2019-05-13,55,557.18,9.83,26.42,7,0
CUST_4010,43,1,Male,Rural,Prepaid,67.32,0,2020-06-19,42,648.31,9.82,21.92,3,0
CUST_4011,68,0,Female,Rural,Yearly,43.70,0,2022-11-18,13,522.47,10.33,24.25,8,0
CUST_4012,36,0,Female,Urban,Prepaid,75.48,0,2022-06-04,18,518.75,10.11,23.17,10,0
CUST_4013,43,1,Male,Rural,Monthly,46.26,0,2019-08-23,52,284.92,8.71,15.33,8,0
CUST_4014,65,0,Male,Rural,Prepaid,44.18,0,2021-04-13,32,253.02,10.46,24.00,6,0
CUST_4015,61,0,Male,Suburban,Monthly,57.45,0,2022-05-02,19,690.60,10.54,23.58,5,0
CUST_4016,61,0,Female,Urban,Prepaid,62.83,0,2018-05-26,67,468.63,10.63,21.67,8,0
CUST_4017,69,0,Male,Urban,Monthly,82.41,0,2020-04-12,44,401.39,9.23,27.33,7,0
CUST_4018,49,0,Male,Rural,Monthly,62.93,0,2022-04-22,20,283.79,9.93,16.75,7,0
CUST_4019,43,1,Female,Rural,Yearly,66.07,0,2018-03-30,69,733.12,10.36,23.67,5,0
CUST_402,63,0,Female,Urban,Yearly,43.72,0,2019-10-05,50,429.10,9.65,26.83,7,1
CUST_4020,43,1,Male,Urban,Prepaid,41.32,0,2018-06-30,66,461.00,9.45,19.58,8,0
CUST_4021,55,0,Female,Urban,Monthly,64.38,0,2018-03-31,69,380.59,8.37,23.50,4,0
CUST_4022,28,0,Female,Urban,Monthly,59.38,0,2019-09-25,51,462.05,10.42,26.25,5,0
CUST_4023,50,0,Male,Rural,Yearly,41.28,0,2022-06-30,18,502.55,8.19,16.17,7,0
CUST_4024,41,0,Female,Suburban,Monthly,29.37,0,2019-11-08,49,649.84,9.97,19.08,8,0
CUST_4025,43,1,Male,Suburban,Yearly,36.46,0,2020-09-16,39,409.02,9.89,23.92,6,0
CUST_4026,32,0,Male,Rural,Monthly,42.25,0,2018-06-10,66,401.92,9.56,31.25,5,0
CUST_4027,44,0,Male,Rural,Monthly,47.08,0,2023-04-04,8,516.89,10.25,26.67,6,0
CUST_4028,28,0,Female,Rural,Prepaid,61.19,0,2018-01-21,71,554.79,9.75,19.08,5,0
CUST_4029,68,0,Male,Urban,Monthly,64.20,0,2021-05-27,31,444.46,11.28,18.58,6,1
CUST_403,41,0,Female,Urban,Monthly,89.93,0,2019-02-26,58,476.88,11.74,26.25,5,0
CUST_4030,67,0,Female,Rural,Monthly,76.23,0,2022-04-19,20,489.41,9.79,26.75,4,1
CUST_4031,34,0,Female,Urban,Prepaid,56.40,0,2022-08-24,16,544.83,9.60,21.08,6,0
CUST_4032,68,0,Female,Suburban,Prepaid,28.20,0,2022-01-26,23,535.94,8.95,22.42,10,0
CUST_4033,43,1,Male,Rural,Yearly,36.49,0,2022-03-09,21,427.64,10.94,25.08,7,0
CUST_4034,44,0,Female,Rural,Monthly,46.56,0,2021-02-13,34,593.95,8.78,25.83,5,0
CUST_4035,35,0,Female,Urban,Prepaid,66.06,0,2021-03-02,33,438.77,9.61,27.50,9,0
CUST_4036,45,0,Male,Urban,Monthly,59.32,0,2019-02-05,58,344.04,8.23,21.42,11,0
CUST_4037,68,0,Male,Urban,Prepaid,38.61,0,2020-10-18,38,558.11,8.98,26.83,6,0
CUST_4038,64,0,Female,Suburban,Monthly,33.30,0,2018-07-03,65,687.46,9.25,28.33,10,0
CUST_4039,64,0,Female,Suburban,Monthly,40.49,0,2021-11-20,25,301.59,10.76,26.83,12,0
CUST_404,67,0,Female,Suburban,Monthly,40.74,0,2021-03-14,33,533.89,9.77,23.00,3,0
CUST_4040,43,1,Male,Rural,Prepaid,31.44,0,2022-03-28,21,393.65,8.17,29.17,7,0
CUST_4041,24,0,Female,Rural,Monthly,48.21,0,2020-11-12,37,407.59,8.87,20.42,5,0
CUST_4042,62,0,Female,Urban,Prepaid,56.67,0,2018-05-01,67,238.78,9.30,32.67,5,0
CUST_4043,52,0,Female,Suburban,Yearly,54.44,0,2022-03-10,21,321.99,10.10,27.58,10,0
CUST_4044,65,0,Female,Rural,Yearly,42.87,0,2021-04-24,32,498.49,10.14,19.25,6,0
CUST_4045,43,1,Male,Urban,Prepaid,50.42,0,2020-05-01,43,628.05,9.87,29.83,6,0
CUST_4046,25,0,Female,Urban,Yearly,30.40,0,2021-09-16,27,423.54,10.13,21.58,6,0
CUST_4047,69,0,Male,Suburban,Monthly,39.71,0,2022-06-01,18,491.91,9.89,32.75,9,1
CUST_4048,62,0,Female,Suburban,Monthly,54.67,0,2020-11-14,37,664.98,8.97,27.92,6,0
CUST_4049,43,1,Male,Rural,Prepaid,83.75,0,2022-07-12,17,486.64,11.00,27.67,3,0
CUST_405,49,0,Male,Suburban,Monthly,47.38,0,2021-11-02,25,426.27,10.30,23.33,5,0
CUST_4050,34,0,Female,Rural,Monthly,70.21,0,2020-12-14,36,509.35,10.97,30.67,8,0
CUST_4051,66,0,Male,Urban,Yearly,30.37,0,2021-01-24,35,390.29,9.77,27.00,2,0
CUST_4052,50,0,Female,Urban,Prepaid,62.67,0,2022-02-05,22,492.02,9.66,20.25,5,0
CUST_4053,49,0,Male,Urban,Prepaid,52.63,0,2019-04-17,56,469.74,10.94,31.50,7,0
CUST_4054,25,0,Female,Rural,Prepaid,53.05,0,2022-06-18,18,519.09,9.46,21.08,6,0
CUST_4055,36,0,Female,Suburban,Monthly,88.28,0,2021-11-22,25,394.04,10.20,23.17,2,0
CUST_4056,43,1,Male,Rural,Yearly,42.72,0,2021-12-05,24,384.48,10.18,29.17,10,0
CUST_4057,43,1,Male,Suburban,Monthly,57.92,0,2018-10-30,62,627.34,10.42,21.92,3,0
CUST_4058,43,1,Male,Rural,Prepaid,61.53,0,2023-01-07,11,387.24,8.90,24.25,5,0
CUST_4059,30,0,Male,Rural,Monthly,39.58,0,2018-03-22,69,423.61,11.34,32.42,9,0
CUST_406,64,0,Female,Suburban,Monthly,53.22,0,2020-08-16,40,278.31,10.48,19.42,9,0
CUST_4060,64,0,Male,Suburban,Prepaid,18.61,0,2022-10-18,14,451.64,9.57,19.33,6,0
CUST_4061,43,1,Female,Rural,Prepaid,30.06,0,2022-03-02,21,418.91,9.29,24.83,6,0
CUST_4062,48,0,Male,Rural,Monthly,53.82,0,2019-07-05,53,398.74,9.90,28.00,4,0
CUST_4063,33,0,Male,Urban,Prepaid,63.44,0,2018-01-21,71,565.46,9.06,19.50,11,0
CUST_4064,43,1,Female,Suburban,Yearly,58.12,0,2021-03-11,33,547.54,11.24,19.58,9,0
CUST_4065,43,1,Male,Suburban,Monthly,57.94,0,2021-10-07,26,343.13,8.73,29.67,5,0
CUST_4066,39,0,Male,Urban,Yearly,55.02,0,2021-11-11,25,531.97,7.81,26.50,5,0
CUST_4067,43,1,Male,Suburban,Yearly,37.60,0,2020-07-06,41,644.22,10.57,24.17,4,0
CUST_4068,43,1,Female,Urban,Yearly,49.58,0,2019-03-06,57,549.87,11.18,19.92,4,0
CUST_4069,60,0,Male,Suburban,Prepaid,59.42,0,2018-08-21,64,437.32,9.20,19.83,4,0
CUST_407,39,0,Female,Urban,Yearly,58.20,0,2020-03-28,45,475.20,9.10,25.83,3,0
CUST_4070,20,0,Female,Suburban,Yearly,57.07,0,2019-02-14,58,390.60,9.29,24.92,3,0
CUST_4071,43,1,Female,Suburban,Monthly,74.59,0,2022-05-07,19,536.51,10.58,23.17,5,0
CUST_4072,59,0,Male,Suburban,Monthly,41.27,0,2021-01-12,35,477.54,11.15,21.00,12,1
CUST_4073,43,1,Female,Urban,Prepaid,41.54,0,2018-05-27,67,565.96,10.79,29.08,8,0
CUST_4074,43,1,Male,Urban,Prepaid,39.46,0,2023-06-10,6,632.35,11.85,32.83,4,0
CUST_4075,29,0,Male,Suburban,Yearly,9.01,0,2019-01-02,59,458.49,9.64,24.08,7,0
CUST_4076,19,0,Male,Rural,Prepaid,59.21,0,2018-10-21,62,568.04,9.73,25.42,4,0
CUST_4077,43,1,Male,Urban,Prepaid,50.06,0,2019-07-22,53,408.65,9.86,26.50,6,0
CUST_4078,41,0,Male,Suburban,Prepaid,46.35,0,2019-12-30,48,533.86,10.15,15.75,4,0
CUST_4079,52,0,Female,Urban,Yearly,37.77,0,2019-12-29,48,535.73,9.16,22.58,5,0
CUST_408,40,0,Male,Rural,Monthly,51.55,0,2020-03-13,45,375.74,10.70,15.25,5,0
CUST_4080,47,0,Female,Rural,Monthly,58.27,0,2021-12-27,24,666.94,10.66,26.08,12,0
CUST_4081,43,1,Female,Rural,Yearly,50.26,0,2022-04-13,20,509.63,9.72,27.42,7,0
CUST_4082,64,0,Female,Rural,Prepaid,73.17,0,2018-02-22,70,489.28,9.87,22.92,6,0
CUST_4083,43,1,Male,Suburban,Prepaid,50.36,0,2019-05-12,55,521.41,9.93,27.17,6,0
CUST_4084,43,1,Male,Suburban,Monthly,56.29,0,2022-07-06,17,485.48,8.80,24.58,6,0
CUST_4085,67,0,Female,Rural,Monthly,73.58,0,2019-03-29,57,516.69,10.61,20.17,6,0
CUST_4086,25,0,Male,Urban,Prepaid,45.05,0,2018-04-19,68,458.26,9.25,31.33,2,0
CUST_4087,43,1,Female,Urban,Prepaid,43.49,0,2018-12-29,60,579.82,8.97,28.17,5,0
CUST_4088,43,1,Female,Rural,Prepaid,71.40,0,2018-07-04,65,481.85,9.27,25.33,8,0
CUST_4089,57,0,Female,Suburban,Prepaid,26.61,0,2018-08-08,64,347.29,9.12,23.08,6,0
CUST_409,43,1,Female,Urban,Prepaid,76.61,0,2023-05-30,7,486.78,12.08,23.25,7,0
CUST_4090,43,1,Female,Urban,Monthly,46.11,0,2019-07-08,53,288.43,9.71,23.83,4,0
CUST_4091,47,0,Male,Urban,Prepaid,45.74,0,2021-03-19,33,312.33,10.63,23.00,7,0
CUST_4092,43,1,Male,Urban,Prepaid,37.34,0,2020-01-02,47,501.08,9.67,24.33,3,0
CUST_4093,43,1,Female,Suburban,Prepaid,57.93,0,2023-06-10,6,438.19,9.61,23.25,6,0
CUST_4094,18,0,Female,Rural,Prepaid,41.45,0,2022-11-01,13,552.25,9.12,28.58,1,0
CUST_4095,53,0,Female,Suburban,Yearly,51.58,0,2022-01-21,23,420.94,10.80,23.75,7,0
CUST_4096,43,1,Female,Urban,Prepaid,36.01,0,2020-05-29,43,558.06,9.37,21.92,6,0
CUST_4097,54,0,Female,Rural,Prepaid,54.28,0,2020-06-15,42,513.55,10.01,25.58,2,0
CUST_4098,18,0,Male,Suburban,Monthly,81.20,0,2018-01-29,71,365.48,12.01,26.92,6,0
CUST_4099,32,0,Female,Rural,Monthly,49.21,0,2023-02-26,10,394.42,10.30,34.00,5,0
CUST_41,54,0,Male,Suburban,Monthly,71.55,0,2020-04-12,44,592.34,10.80,26.42,7,0
CUST_410,44,0,Female,Rural,Monthly,53.54,0,2022-08-18,16,594.58,9.39,21.50,12,0
CUST_4100,54,0,Female,Urban,Monthly,49.85,0,2018-03-29,69,357.79,9.62,24.00,4,0
CUST_4101,30,0,Male,Suburban,Prepaid,32.19,0,2021-12-16,24,598.00,9.27,22.25,4,1
CUST_4102,57,0,Male,Rural,Monthly,62.64,0,2021-11-17,25,575.44,9.28,24.50,2,0
CUST_4103,43,1,Male,Suburban,Monthly,48.71,0,2019-11-28,49,590.86,10.25,28.50,4,1
CUST_4104,22,0,Male,Urban,Prepaid,55.89,0,2018-07-13,65,627.47,9.73,26.17,7,0
CUST_4105,26,0,Male,Rural,Prepaid,64.24,0,2020-11-10,37,615.15,11.11,28.58,4,0
CUST_4106,18,0,Male,Urban,Monthly,47.28,0,2019-02-17,58,475.88,10.89,24.67,5,0
CUST_4107,53,0,Male,Rural,Monthly,65.31,0,2022-01-01,23,576.86,9.90,31.25,9,0
CUST_4108,52,0,Male,Urban,Yearly,66.29,0,2020-10-02,38,385.76,11.55,27.33,6,0
CUST_4109,19,0,Male,Urban,Monthly,55.10,0,2018-05-18,67,693.58,9.77,28.58,6,0
CUST_411,59,0,Male,Urban,Prepaid,47.76,0,2020-06-20,42,403.15,11.48,21.75,11,0
CUST_4110,43,1,Female,Suburban,Monthly,52.99,0,2020-04-17,44,515.44,9.29,30.92,13,0
CUST_4111,40,0,Male,Urban,Prepaid,50.42,0,2018-01-13,71,470.89,9.68,27.50,7,0
CUST_4112,26,0,Female,Suburban,Yearly,58.42,0,2020-09-20,39,547.52,11.55,25.75,8,0
CUST_4113,43,1,Female,Urban,Monthly,57.75,0,2020-11-08,37,532.47,9.01,22.00,8,0
CUST_4114,43,1,Female,Urban,Monthly,28.55,0,2020-09-26,39,485.11,8.98,24.83,5,0
CUST_4115,43,1,Female,Urban,Prepaid,39.92,0,2019-11-13,49,753.13,10.27,24.17,10,0
CUST_4116,21,0,Female,Rural,Prepaid,64.36,0,2020-05-14,43,430.91,10.42,30.83,4,0
CUST_4117,47,0,Female,Suburban,Monthly,53.72,0,2019-02-02,58,371.63,9.28,23.00,8,0
CUST_4118,43,1,Female,Rural,Prepaid,46.74,0,2022-10-22,14,325.68,9.90,29.08,10,0
CUST_4119,55,0,Female,Suburban,Prepaid,76.43,0,2021-10-09,26,545.99,9.38,22.42,10,0
CUST_412,19,0,Male,Urban,Monthly,64.34,0,2019-09-01,51,356.50,9.93,20.33,11,0
CUST_4120,28,0,Male,Urban,Prepaid,62.18,0,2022-09-13,15,581.64,10.22,23.67,6,0
CUST_4121,43,1,Female,Rural,Prepaid,66.20,0,2018-10-06,62,511.53,8.61,27.25,6,0
CUST_4122,43,1,Female,Suburban,Monthly,46.69,0,2019-04-10,56,578.72,10.50,23.58,3,0
CUST_4123,20,0,Female,Urban,Monthly,55.78,0,2018-06-03,66,422.83,11.84,25.33,5,0
CUST_4124,31,0,Female,Suburban,Prepaid,48.78,0,2022-02-09,22,486.09,11.52,24.08,5,0
CUST_4125,30,0,Male,Suburban,Monthly,34.47,0,2020-11-22,37,433.03,9.42,21.08,5,0
CUST_4126,43,1,Female,Urban,Yearly,52.95,0,2023-03-29,9,678.35,9.39,26.25,4,0
CUST_4127,49,0,Male,Rural,Yearly,245.70,0,2023-02-05,10,580.16,9.80,26.67,4,0
CUST_4128,43,1,Male,Urban,Monthly,48.89,0,2018-06-20,66,403.98,10.15,26.33,6,0
CUST_4129,62,0,Female,Rural,Monthly,64.86,0,2023-02-21,10,359.00,8.30,23.75,6,0
CUST_413,43,1,Female,Suburban,Prepaid,36.70,0,2018-12-29,60,462.43,10.11,25.33,8,1
CUST_4130,36,0,Female,Suburban,Prepaid,48.34,0,2021-02-09,34,530.50,10.23,16.92,6,0
CUST_4131,55,0,Male,Suburban,Monthly,51.05,0,2018-03-10,69,548.60,9.52,30.50,5,0
CUST_4132,33,0,Female,Suburban,Monthly,51.78,0,2023-01-30,11,351.57,10.91,25.83,6,0
CUST_4133,19,0,Female,Rural,Monthly,57.54,0,2018-02-22,70,431.26,9.40,19.17,4,0
CUST_4134,57,0,Male,Urban,Prepaid,54.47,0,2022-05-03,19,446.27,9.61,21.67,4,0
CUST_4135,43,1,Male,Rural,Monthly,60.30,0,2019-08-30,52,543.69,10.82,25.42,7,0
CUST_4136,51,0,Female,Suburban,Yearly,30.75,0,2019-05-13,55,355.71,8.78,25.75,5,0
CUST_4137,59,0,Female,Suburban,Yearly,52.16,0,2023-01-06,11,533.14,10.41,24.00,4,0
CUST_4138,33,0,Female,Urban,Monthly,48.32,0,2019-03-02,57,439.75,10.48,15.33,8,0
CUST_4139,43,1,Male,Rural,Prepaid,30.26,0,2021-01-29,35,412.27,10.16,24.58,6,0
CUST_414,43,1,Male,Rural,Yearly,58.09,0,2019-07-18,53,523.02,9.50,17.83,7,0
CUST_4140,19,0,Female,Suburban,Prepaid,28.36,0,2018-01-25,71,650.42,10.41,36.25,4,0
CUST_4141,19,0,Male,Rural,Yearly,40.58,0,2022-02-16,22,407.06,9.55,21.00,2,0
CUST_4142,43,1,Male,Rural,Prepaid,40.22,0,2021-10-24,26,517.95,11.54,27.83,11,0
CUST_4143,30,0,Female,Urban,Monthly,46.41,0,2022-12-12,12,353.97,9.43,26.92,8,0
CUST_4144,43,1,Male,Urban,Monthly,51.92,0,2022-10-27,14,502.96,11.67,27.17,3,1
CUST_4145,48,0,Female,Suburban,Monthly,57.41,0,2019-02-12,58,510.22,9.50,25.67,2,0
CUST_4146,43,1,Female,Urban,Monthly,31.43,0,2018-05-14,67,546.71,8.84,21.67,4,0
CUST_4147,43,1,Male,Rural,Yearly,36.45,0,2019-01-30,59,494.02,9.50,24.17,4,0
CUST_4148,20,0,Female,Urban,Prepaid,36.96,0,2018-01-15,71,578.53,11.02,26.67,5,1
CUST_4149,25,0,Male,Rural,Monthly,48.22,0,2023-04-15,8,524.48,9.18,24.50,11,0
CUST_415,57,0,Female,Urban,Yearly,44.44,0,2023-04-24,8,420.71,9.65,26.08,7,0
CUST_4150,43,1,Male,Suburban,Yearly,50.42,0,2021-11-02,25,385.65,9.46,32.67,6,0
CUST_4151,31,0,Female,Rural,Yearly,64.99,0,2019-03-22,57,569.55,7.88,15.08,7,0
CUST_4152,43,1,Female,Urban,Monthly,36.24,0,2022-11-15,13,463.44,9.74,21.42,5,0
CUST_4153,46,0,Female,Urban,Monthly,61.63,0,2020-02-02,46,576.40,10.52,26.08,4,0
CUST_4154,56,0,Female,Suburban,Yearly,27.79,0,2022-11-25,13,484.92,10.08,22.92,5,0
CUST_4155,56,0,Male,Urban,Monthly,50.29,0,2022-01-20,23,573.18,10.46,28.58,4,0
CUST_4156,18,0,Male,Suburban,Monthly,58.27,0,2022-04-26,20,456.47,11.67,31.50,9,0
CUST_4157,43,1,Male,Suburban,Prepaid,59.50,0,2022-04-04,20,532.82,8.53,25.08,5,0
CUST_4158,58,0,Female,Urban,Prepaid,75.37,0,2019-04-22,56,635.24,11.78,25.50,5,0
CUST_4159,47,0,Male,Rural,Monthly,85.67,0,2019-07-29,53,580.50,9.43,21.33,7,0
CUST_416,50,0,Male,Urban,Prepaid,69.28,0,2018-01-04,71,425.30,9.75,28.00,10,0
CUST_4160,43,1,Male,Suburban,Monthly,56.08,0,2023-03-06,9,523.72,8.80,25.25,7,0
CUST_4161,38,0,Female,Rural,Monthly,30.23,0,2021-03-22,33,540.49,10.88,23.08,5,0
CUST_4162,36,0,Female,Urban,Prepaid,107.14,0,2023-04-27,8,428.24,9.53,25.92,8,0
CUST_4163,36,0,Female,Rural,Yearly,67.13,0,2022-08-06,16,377.12,10.26,24.08,5,0
CUST_4164,42,0,Male,Rural,Monthly,65.45,0,2020-04-27,44,446.02,9.62,19.92,4,1
CUST_4165,43,1,Female,Rural,Monthly,43.59,0,2022-09-03,15,543.41,10.06,25.17,10,0
CUST_4166,48,0,Male,Rural,Yearly,48.17,0,2020-01-03,47,614.57,8.67,15.17,5,1
CUST_4167,34,0,Male,Urban,Prepaid,37.62,0,2022-09-23,15,344.02,8.90,25.83,4,0
CUST_4168,40,0,Male,Urban,Monthly,60.09,0,2021-04-07,32,489.94,10.07,18.25,8,0
CUST_4169,49,0,Male,Rural,Monthly,43.05,0,2019-05-20,55,605.36,9.48,24.00,6,0
CUST_417,26,0,Female,Rural,Prepaid,70.44,0,2023-01-27,11,517.57,9.30,25.33,12,0
CUST_4170,27,0,Male,Urban,Monthly,60.78,0,2023-03-31,9,555.61,8.85,16.25,4,0
CUST_4171,27,0,Female,Urban,Monthly,38.90,0,2022-05-21,19,321.79,11.38,21.92,12,0
CUST_4172,53,0,Male,Suburban,Prepaid,64.26,0,2023-03-01,9,436.10,10.91,27.00,4,0
CUST_4173,25,0,Female,Urban,Monthly,54.24,0,2022-05-05,19,551.48,9.95,25.42,8,0
CUST_4174,69,0,Male,Rural,Prepaid,69.07,0,2022-02-21,22,442.29,10.53,18.75,5,0
CUST_4175,37,0,Male,Urban,Prepaid,81.67,0,2021-04-19,32,465.38,10.58,26.08,6,0
CUST_4176,49,0,Female,Urban,Yearly,54.25,0,2022-06-13,18,597.52,10.91,24.17,7,1
CUST_4177,67,0,Male,Urban,Monthly,70.48,0,2021-02-09,34,508.24,9.36,13.83,9,0
CUST_4178,31,0,Male,Urban,Yearly,70.55,0,2018-11-02,61,409.17,9.23,24.83,8,0
CUST_4179,67,0,Female,Suburban,Monthly,49.68,0,2018-11-07,61,416.96,9.58,25.67,7,0
CUST_418,43,1,Female,Urban,Monthly,47.39,0,2020-03-22,45,463.76,10.11,31.92,7,0
CUST_4180,43,1,Female,Rural,Monthly,53.90,0,2020-11-23,37,413.09,9.06,25.17,4,1
CUST_4181,43,1,Male,Rural,Yearly,54.07,0,2018-08-09,64,569.20,10.09,23.58,6,0
CUST_4182,43,1,Male,Urban,Yearly,43.46,0,2020-10-17,38,433.33,9.53,18.67,5,1
CUST_4183,41,0,Male,Urban,Prepaid,43.59,0,2019-08-20,52,536.25,10.92,26.83,4,0
CUST_4184,43,1,Female,Suburban,Yearly,68.37,0,2020-02-20,46,544.45,10.72,24.17,7,0
CUST_4185,43,1,Male,Urban,Prepaid,39.35,0,2020-06-07,42,368.16,10.14,14.25,7,0
CUST_4186,47,0,Female,Suburban,Prepaid,47.76,0,2018-12-19,60,342.98,8.93,22.42,9,0
CUST_4187,21,0,Female,Rural,Monthly,45.10,0,2022-09-28,15,430.62,9.81,32.50,7,0
CUST_4188,30,0,Male,Rural,Yearly,56.90,0,2018-03-19,69,682.53,9.29,31.17,9,0
CUST_4189,43,1,Female,Suburban,Yearly,84.51,0,2021-03-02,33,442.56,9.60,28.00,4,1
CUST_419,43,1,Female,Rural,Monthly,36.94,0,2021-05-17,31,482.18,12.06,25.92,9,0
CUST_4190,25,0,Male,Rural,Prepaid,47.16,0,2019-12-08,48,456.80,10.34,19.67,4,0
CUST_4191,43,1,Male,Urban,Monthly,28.38,0,2018-11-05,61,531.08,10.89,23.08,7,0
CUST_4192,43,1,Female,Urban,Yearly,51.59,0,2022-03-21,21,489.77,10.46,24.75,4,0
CUST_4193,48,0,Female,Suburban,Prepaid,35.41,0,2021-10-19,26,720.09,11.78,22.83,11,0
CUST_4194,31,0,Female,Rural,Monthly,53.85,0,2020-01-13,47,519.98,11.25,24.75,9,0
CUST_4195,43,1,Female,Rural,Monthly,38.57,0,2018-11-12,61,449.78,9.08,21.75,2,0
CUST_4196,35,0,Female,Suburban,Prepaid,52.45,0,2020-03-11,45,546.83,10.55,27.08,7,0
CUST_4197,51,0,Female,Suburban,Monthly,32.10,0,2019-11-04,49,510.14,10.12,26.75,10,0
CUST_4198,28,0,Male,Rural,Prepaid,46.01,0,2018-03-21,69,494.07,9.43,23.50,6,0
CUST_4199,43,1,Male,Suburban,Prepaid,35.11,0,2020-06-13,42,686.95,11.09,22.83,12,0
CUST_42,68,0,Male,Suburban,Yearly,77.89,0,2021-01-28,35,404.10,9.02,20.83,4,0
CUST_420,43,1,Male,Suburban,Prepaid,22.07,0,2018-07-02,65,571.33,9.93,25.00,4,0
CUST_4200,43,1,Male,Urban,Prepaid,68.80,0,2018-10-02,62,531.11,9.48,26.50,1,0
CUST_4201,43,1,Female,Rural,Monthly,39.14,0,2018-02-09,70,404.07,8.73,28.92,9,0
CUST_4202,43,1,Female,Suburban,Monthly,58.32,0,2018-04-30,68,418.70,9.74,24.17,9,0
CUST_4203,48,0,Female,Suburban,Monthly,52.69,0,2023-03-29,9,416.45,10.13,19.58,7,1
CUST_4204,66,0,Male,Suburban,Monthly,52.98,0,2021-04-10,32,431.40,9.95,22.58,4,0
CUST_4205,46,0,Male,Rural,Prepaid,55.60,0,2020-03-03,45,600.90,9.10,21.58,8,0
CUST_4206,43,0,Female,Urban,Yearly,59.04,0,2018-02-03,70,353.06,8.08,24.42,7,0
CUST_4207,35,0,Female,Urban,Monthly,69.59,0,2023-04-09,8,429.58,9.94,23.50,4,0
CUST_4208,49,0,Female,Rural,Prepaid,64.00,0,2022-09-24,15,582.73,10.63,28.08,6,0
CUST_4209,39,0,Female,Suburban,Prepaid,72.89,0,2018-07-10,65,413.94,9.16,27.25,4,0
CUST_421,46,0,Female,Suburban,Prepaid,53.38,0,2019-08-25,52,479.63,11.09,26.58,12,0
CUST_4210,43,1,Male,Rural,Prepaid,34.04,0,2018-01-06,71,337.55,11.13,28.83,9,0
CUST_4211,43,1,Male,Rural,Yearly,29.88,0,2020-05-19,43,402.72,8.16,29.83,8,0
CUST_4212,40,0,Male,Suburban,Monthly,74.86,0,2021-06-24,30,454.73,11.27,28.58,3,0
CUST_4213,41,0,Female,Rural,Monthly,58.44,0,2019-08-05,52,404.64,9.70,24.42,2,0
CUST_4214,67,0,Male,Urban,Prepaid,34.04,0,2020-12-03,36,652.42,9.99,32.83,9,0
CUST_4215,25,0,Female,Rural,Monthly,45.81,0,2020-09-30,39,611.42,9.03,20.33,3,0
CUST_4216,58,0,Female,Suburban,Yearly,58.06,0,2021-12-13,24,443.82,9.17,28.42,5,0
CUST_4217,43,1,Female,Rural,Prepaid,49.29,0,2019-09-09,51,388.93,10.08,20.50,9,0
CUST_4218,22,0,Male,Urban,Monthly,59.19,0,2021-02-15,34,435.76,10.01,30.33,4,0
CUST_4219,61,0,Male,Rural,Yearly,32.38,0,2023-04-22,8,415.92,11.12,21.83,3,0
CUST_422,43,1,Male,Rural,Monthly,18.01,0,2020-10-03,38,565.35,10.50,18.92,4,0
CUST_4220,43,1,Female,Rural,Monthly,49.55,0,2019-02-11,58,458.61,10.50,22.25,3,0
CUST_4221,45,0,Male,Rural,Prepaid,51.76,0,2020-06-08,42,412.28,6.91,31.67,11,0
CUST_4222,28,0,Female,Rural,Prepaid,39.40,0,2018-09-28,63,315.28,12.04,23.83,9,0
CUST_4223,18,0,Female,Suburban,Prepaid,45.75,0,2020-07-24,41,523.32,10.31,23.58,6,0
CUST_4224,60,0,Female,Urban,Yearly,43.05,0,2018-01-12,71,476.90,9.98,27.17,8,1
CUST_4225,36,0,Male,Urban,Monthly,33.36,0,2022-12-06,12,527.63,10.53,26.58,2,0
CUST_4226,43,1,Male,Urban,Yearly,40.74,0,2021-11-29,25,534.33,9.93,23.33,2,0
CUST_4227,44,0,Female,Rural,Prepaid,52.86,0,2023-03-13,9,475.33,8.07,23.33,7,0
CUST_4228,51,0,Male,Urban,Monthly,35.38,0,2019-07-02,53,518.76,9.12,22.75,5,0
CUST_4229,61,0,Male,Suburban,Prepaid,39.88,0,2021-08-18,28,486.50,10.01,23.75,6,0
CUST_423,43,1,Female,Suburban,Monthly,48.72,0,2018-09-29,63,318.39,11.00,19.08,6,0
CUST_4230,21,0,Male,Rural,Prepaid,24.46,0,2020-03-30,45,530.19,11.64,24.17,7,0
CUST_4231,53,0,Male,Rural,Prepaid,71.60,0,2023-03-28,9,314.15,9.83,23.17,6,0
CUST_4232,43,1,Female,Urban,Prepaid,63.89,0,2019-01-12,59,413.01,8.60,21.17,4,1
CUST_4233,32,0,Male,Rural,Yearly,68.07,0,2019-08-18,52,540.75,9.39,27.67,6,0
CUST_4234,68,0,Female,Rural,Prepaid,55.42,0,2022-01-25,23,450.49,9.29,24.25,1,0
CUST_4235,30,0,Female,Urban,Monthly,54.42,0,2021-07-09,29,388.32,10.80,26.67,5,1
CUST_4236,36,0,Male,Suburban,Yearly,46.83,0,2018-10-18,62,586.75,8.88,25.25,8,0
CUST_4237,66,0,Female,Suburban,Yearly,69.50,0,2022-04-30,20,485.54,9.61,30.67,7,0
CUST_4238,43,1,Female,Urban,Prepaid,50.35,0,2018-04-27,68,496.35,8.94,25.08,6,0
CUST_4239,43,1,Male,Suburban,Yearly,20.60,0,2020-07-26,41,563.78,9.36,27.67,4,0
CUST_424,43,1,Female,Rural,Prepaid,207.95,0,2018-03-08,69,400.49,10.82,27.75,4,0
CUST_4240,43,1,Female,Suburban,Prepaid,21.01,0,2023-01-02,11,421.24,10.18,20.50,7,0
CUST_4241,68,0,Female,Suburban,Monthly,55.45,0,2019-01-24,59,713.38,10.04,23.08,9,0
CUST_4242,54,0,Male,Rural,Yearly,35.61,0,2021-05-09,31,456.28,9.90,22.50,10,0
CUST_4243,34,0,Male,Rural,Monthly,51.46,0,2020-10-17,38,428.13,9.72,22.67,6,0
CUST_4244,40,0,Male,Rural,Yearly,61.38,0,2020-12-09,36,500.65,10.13,15.92,7,0
CUST_4245,43,0,Male,Suburban,Yearly,37.56,0,2021-12-27,24,496.30,9.56,20.58,6,0
CUST_4246,46,0,Male,Rural,Prepaid,45.51,0,2019-07-25,53,467.26,9.44,19.00,6,0
CUST_4247,50,0,Female,Suburban,Monthly,46.05,0,2022-11-13,13,481.46,9.52,22.17,5,0
CUST_4248,43,1,Female,Urban,Prepaid,37.00,0,2021-03-22,33,508.42,9.00,26.00,5,0
CUST_4249,43,1,Male,Suburban,Monthly,28.56,0,2020-07-06,41,412.39,9.94,21.58,6,0
CUST_425,43,1,Female,Urban,Monthly,58.37,0,2022-02-05,22,622.71,9.19,22.83,6,0
CUST_4250,27,0,Male,Rural,Prepaid,33.61,0,2022-10-06,14,401.05,10.25,22.92,1,0
CUST_4251,43,1,Female,Suburban,Prepaid,27.60,0,2020-02-26,46,577.94,10.48,22.50,11,0
CUST_4252,40,0,Male,Rural,Yearly,47.33,0,2022-06-02,18,516.99,10.14,19.50,4,0
CUST_4253,38,0,Male,Rural,Yearly,47.13,0,2021-01-30,35,543.35,8.59,29.00,3,0
CUST_4254,43,1,Female,Urban,Monthly,42.10,0,2020-10-01,38,710.77,10.96,23.17,7,0
CUST_4255,43,1,Female,Urban,Monthly,28.70,0,2020-01-01,47,249.43,10.58,26.92,4,1
CUST_4256,30,0,Female,Rural,Monthly,66.58,0,2019-01-20,59,380.12,11.27,26.33,2,0
CUST_4257,54,0,Male,Suburban,Monthly,40.66,0,2021-10-03,26,496.37,9.41,20.25,6,0
CUST_4258,50,0,Female,Urban,Yearly,88.50,0,2020-06-01,42,498.34,10.45,24.42,2,1
CUST_4259,41,0,Male,Urban,Prepaid,62.98,0,2022-03-06,21,498.02,10.47,16.50,6,0
CUST_426,43,1,Female,Urban,Yearly,49.80,0,2023-06-23,6,597.95,9.61,17.92,9,0
CUST_4260,43,1,Female,Rural,Monthly,19.07,0,2020-10-10,38,369.72,11.70,35.17,4,0
CUST_4261,28,0,Male,Suburban,Yearly,68.52,0,2021-12-05,24,621.96,10.97,21.33,11,0
CUST_4262,34,0,Male,Urban,Yearly,39.46,0,2020-12-22,36,412.75,7.74,25.25,4,0
CUST_4263,21,0,Male,Urban,Monthly,36.10,0,2020-06-28,42,519.64,9.30,18.25,8,0
CUST_4264,64,0,Female,Suburban,Prepaid,45.92,0,2019-01-25,59,453.72,11.18,24.83,7,0
CUST_4265,43,1,Female,Urban,Yearly,67.01,0,2019-08-16,52,453.98,8.61,29.58,9,0
CUST_4266,43,1,Female,Suburban,Monthly,57.85,0,2022-06-04,18,518.37,10.74,24.67,5,0
CUST_4267,26,0,Male,Rural,Monthly,52.74,0,2023-05-16,7,442.80,10.23,23.33,4,0
CUST_4268,43,1,Female,Urban,Monthly,37.67,0,2021-05-10,31,481.84,11.30,35.75,6,0
CUST_4269,37,0,Female,Rural,Prepaid,64.15,0,2021-08-10,28,422.59,10.95,22.67,8,0
CUST_427,41,0,Female,Rural,Prepaid,41.50,0,2021-08-02,28,425.80,10.07,17.92,11,0
CUST_4270,43,1,Male,Suburban,Prepaid,35.24,0,2019-04-29,56,392.21,9.63,15.17,3,1
CUST_4271,36,0,Male,Rural,Monthly,65.64,0,2020-01-07,47,370.41,10.92,22.17,4,0
CUST_4272,29,0,Female,Rural,Prepaid,55.00,0,2021-04-02,32,436.79,9.76,21.58,2,0
CUST_4273,43,1,Female,Rural,Prepaid,41.06,0,2018-02-19,70,406.61,7.97,28.50,2,0
CUST_4274,43,1,Female,Suburban,Monthly,81.88,0,2022-07-28,17,481.97,10.44,19.67,5,0
CUST_4275,34,0,Male,Suburban,Monthly,63.68,0,2019-04-17,56,501.53,10.74,29.58,8,0
CUST_4276,43,1,Female,Suburban,Prepaid,58.38,0,2018-05-06,67,412.45,10.53,26.42,8,1
CUST_4277,65,0,Male,Suburban,Prepaid,51.55,0,2021-12-01,24,432.15,10.34,28.50,3,0
CUST_4278,56,0,Male,Suburban,Yearly,32.84,0,2019-12-12,48,370.61,10.60,18.83,6,0
CUST_4279,45,0,Female,Urban,Prepaid,50.57,0,2018-11-10,61,448.17,9.43,30.25,4,0
CUST_428,30,0,Male,Urban,Monthly,62.74,0,2021-02-02,34,675.33,11.12,22.25,4,0
CUST_4280,43,1,Female,Urban,Prepaid,74.06,0,2018-12-21,60,586.02,7.67,18.42,2,0
CUST_4281,43,1,Male,Urban,Prepaid,29.34,0,2020-10-26,38,539.16,11.17,27.08,5,0
CUST_4282,43,1,Male,Rural,Yearly,58.51,0,2019-09-14,51,617.11,9.51,26.25,6,0
CUST_4283,43,1,Female,Rural,Monthly,70.91,0,2020-05-19,43,424.45,9.21,24.08,4,0
CUST_4284,35,0,Female,Suburban,Prepaid,71.66,0,2020-03-23,45,532.03,8.91,16.83,9,0
CUST_4285,31,0,Female,Suburban,Prepaid,36.50,0,2018-02-16,70,405.22,9.22,32.83,4,1
CUST_4286,43,1,Male,Urban,Monthly,41.83,0,2022-11-12,13,390.62,9.84,27.67,8,0
CUST_4287,61,0,Male,Suburban,Monthly,51.51,0,2020-05-20,43,392.00,8.43,25.25,11,0
CUST_4288,58,0,Female,Rural,Monthly,56.81,0,2019-09-15,51,455.36,7.96,26.00,5,0
CUST_4289,24,0,Male,Suburban,Prepaid,69.23,0,2021-01-13,35,476.43,8.94,21.17,6,0
CUST_429,24,0,Male,Suburban,Prepaid,33.63,0,2023-02-04,10,545.92,10.21,21.00,4,0
CUST_4290,43,1,Male,Urban,Prepaid,46.98,0,2021-04-04,32,449.90,10.17,18.75,5,0
CUST_4291,43,1,Female,Suburban,Monthly,64.18,0,2020-02-17,46,445.78,9.41,19.83,4,0
CUST_4292,43,1,Male,Rural,Monthly,11.54,0,2021-10-22,26,474.17,11.57,29.17,10,0
CUST_4293,43,1,Female,Urban,Prepaid,46.01,0,2019-06-29,54,541.26,10.38,24.50,5,0
CUST_4294,30,0,Female,Suburban,Monthly,64.17,0,2021-07-26,29,504.48,10.94,21.50,8,0
CUST_4295,53,0,Male,Rural,Prepaid,62.50,0,2022-11-05,13,490.57,8.76,27.67,6,0
CUST_4296,48,0,Male,Urban,Monthly,35.63,0,2018-11-22,61,415.11,9.84,20.08,7,0
CUST_4297,19,0,Female,Urban,Monthly,65.40,0,2020-06-16,42,499.55,10.19,22.92,3,0
CUST_4298,33,0,Male,Rural,Yearly,28.70,0,2019-03-02,57,468.58,10.53,27.58,11,0
CUST_4299,43,1,Female,Suburban,Monthly,67.95,0,2019-02-24,58,546.58,9.82,27.17,11,0
CUST_43,24,0,Female,Suburban,Prepaid,33.30,0,2022-04-30,20,395.38,11.11,26.92,8,0
CUST_430,53,0,Male,Urban,Prepaid,58.45,0,2020-07-08,41,624.48,9.54,32.67,2,0
CUST_4300,43,1,Male,Suburban,Monthly,46.93,0,2018-02-14,70,730.68,9.17,19.25,6,1
CUST_4301,55,0,Male,Suburban,Prepaid,43.23,0,2022-02-08,22,526.94,10.02,24.50,8,0
CUST_4302,28,0,Male,Urban,Prepaid,45.53,0,2020-06-01,42,656.41,10.08,20.00,9,0
CUST_4303,39,0,Female,Urban,Prepaid,55.69,0,2022-06-16,18,442.51,10.87,22.17,6,0
CUST_4304,50,0,Male,Suburban,Prepaid,81.21,0,2018-02-08,70,354.31,10.29,23.17,5,0
CUST_4305,53,0,Female,Urban,Prepaid,68.27,0,2020-05-16,43,592.81,8.43,25.00,2,0
CUST_4306,43,1,Female,Urban,Yearly,32.79,0,2022-10-24,14,369.75,10.63,23.75,10,0
CUST_4307,43,1,Female,Rural,Monthly,34.38,0,2020-03-18,45,373.20,9.59,18.83,6,1
CUST_4308,43,1,Male,Suburban,Prepaid,21.41,0,2022-11-07,13,567.50,9.22,27.33,4,0
CUST_4309,62,0,Female,Suburban,Prepaid,54.63,0,2020-06-10,42,486.46,9.41,26.33,5,0
CUST_431,43,1,Female,Urban,Prepaid,80.93,0,2023-02-27,10,284.63,10.22,29.00,5,1
CUST_4310,43,1,Female,Suburban,Prepaid,47.46,0,2020-02-24,46,667.57,9.59,23.92,9,0
CUST_4311,43,1,Male,Urban,Prepaid,59.41,0,2022-06-21,18,426.21,10.11,19.75,7,0
CUST_4312,41,0,Female,Urban,Prepaid,42.49,0,2021-01-02,35,628.66,10.93,26.33,4,1
CUST_4313,25,0,Female,Urban,Monthly,44.05,0,2019-03-21,57,507.95,9.28,25.42,4,0
CUST_4314,43,1,Male,Suburban,Yearly,28.22,0,2021-08-28,28,577.83,8.32,29.25,3,0
CUST_4315,53,0,Female,Urban,Monthly,66.55,0,2022-12-09,12,588.09,8.35,14.50,3,0
CUST_4316,35,0,Male,Suburban,Monthly,40.97,0,2022-09-13,15,372.32,9.62,24.17,5,0
CUST_4317,20,0,Female,Urban,Yearly,37.47,0,2018-03-08,69,533.37,10.91,24.33,5,0
CUST_4318,45,0,Female,Suburban,Prepaid,64.50,0,2020-09-27,39,522.01,11.22,26.50,9,0
CUST_4319,23,0,Male,Rural,Prepaid,27.86,0,2018-03-24,69,484.96,10.80,29.33,9,0
CUST_432,37,0,Female,Rural,Monthly,64.48,0,2021-11-05,25,397.06,9.61,24.08,2,0
CUST_4320,61,0,Female,Urban,Monthly,58.25,0,2021-12-28,24,333.24,8.74,21.92,4,0
CUST_4321,43,1,Female,Suburban,Monthly,38.48,0,2020-02-24,46,392.66,10.46,22.08,4,0
CUST_4322,43,1,Female,Rural,Monthly,48.26,0,2020-04-29,44,476.00,9.12,27.67,7,0
CUST_4323,45,0,Male,Rural,Prepaid,20.98,0,2018-09-19,63,519.37,9.96,21.75,6,0
CUST_4324,57,0,Male,Urban,Yearly,58.66,0,2023-05-31,7,482.27,8.62,15.25,6,0
CUST_4325,18,0,Male,Suburban,Prepaid,80.75,0,2018-02-14,70,447.87,11.20,26.83,3,0
CUST_4326,53,0,Male,Urban,Monthly,31.05,0,2022-01-06,23,493.33,9.83,21.75,3,0
CUST_4327,38,0,Male,Rural,Yearly,67.33,0,2021-04-05,32,300.09,11.07,26.17,5,0
CUST_4328,43,1,Female,Urban,Prepaid,49.29,0,2018-08-17,64,390.60,9.68,29.08,6,0
CUST_4329,52,0,Male,Suburban,Yearly,58.02,0,2021-10-20,26,510.50,11.09,28.00,6,0
CUST_433,18,0,Male,Suburban,Yearly,43.92,0,2018-07-21,65,543.08,11.28,24.58,9,0
CUST_4330,43,1,Male,Rural,Monthly,32.30,0,2018-08-03,64,515.78,9.84,24.83,6,0
CUST_4331,66,0,Male,Urban,Yearly,34.52,0,2018-06-25,66,441.93,10.45,28.58,7,0
CUST_4332,27,0,Female,Urban,Prepaid,51.31,0,2022-09-03,15,483.54,9.86,23.58,9,0
CUST_4333,43,1,Female,Urban,Yearly,46.75,0,2019-10-18,50,429.67,9.42,29.08,6,0
CUST_4334,64,0,Male,Urban,Prepaid,52.24,0,2019-01-14,59,482.53,8.55,15.00,8,0
CUST_4335,27,0,Female,Urban,Monthly,28.05,0,2021-12-16,24,552.49,10.69,27.33,11,0
CUST_4336,43,1,Female,Rural,Monthly,59.16,0,2021-12-03,24,518.88,10.34,18.67,4,0
CUST_4337,30,0,Female,Rural,Prepaid,55.83,0,2019-01-10,59,435.49,9.59,27.83,5,0
CUST_4338,54,0,Female,Suburban,Prepaid,66.59,0,2020-01-07,47,529.98,9.73,26.58,4,0
CUST_4339,55,0,Male,Urban,Prepaid,54.75,0,2021-11-19,25,473.51,10.09,20.75,8,0
CUST_434,43,1,Female,Urban,Monthly,34.73,0,2020-03-20,45,712.06,10.67,31.08,3,0
CUST_4340,41,0,Male,Suburban,Prepaid,83.84,0,2020-01-20,47,402.57,7.89,25.25,10,0
CUST_4341,19,0,Female,Rural,Prepaid,80.11,0,2023-01-20,11,496.85,11.17,14.33,8,0
CUST_4342,43,1,Female,Urban,Prepaid,50.26,0,2021-08-13,28,722.45,12.21,28.92,6,0
CUST_4343,43,1,Female,Suburban,Prepaid,49.67,0,2020-04-12,44,516.50,10.19,24.08,5,0
CUST_4344,53,0,Female,Urban,Monthly,37.55,0,2020-06-27,42,469.91,8.77,27.58,1,0
CUST_4345,43,1,Male,Urban,Monthly,29.66,0,2023-02-03,10,500.89,8.29,24.25,5,0
CUST_4346,43,1,Female,Suburban,Yearly,46.58,0,2019-05-11,55,625.03,9.79,28.33,4,0
CUST_4347,43,1,Male,Rural,Monthly,40.34,0,2018-02-20,70,531.09,9.57,22.42,4,0
CUST_4348,43,1,Female,Suburban,Prepaid,38.22,0,2018-07-11,65,628.47,8.05,27.58,5,0
CUST_4349,43,1,Male,Suburban,Monthly,55.27,0,2020-10-16,38,487.14,9.56,23.42,7,0
CUST_435,63,0,Female,Urban,Prepaid,64.02,0,2021-02-19,34,464.24,9.25,21.33,6,0
CUST_4350,64,0,Female,Suburban,Monthly,26.36,0,2018-03-01,69,517.25,9.61,20.33,6,0
CUST_4351,43,1,Male,Urban,Prepaid,32.26,0,2021-10-06,26,483.35,10.94,23.67,6,0
CUST_4352,43,1,Male,Rural,Monthly,20.42,0,2019-07-09,53,364.12,9.78,24.67,9,0
CUST_4353,29,0,Male,Rural,Monthly,29.71,0,2019-01-12,59,490.86,10.23,23.08,4,0
CUST_4354,69,0,Female,Urban,Yearly,40.94,0,2021-08-24,28,506.53,9.84,21.08,6,0
CUST_4355,41,0,Male,Rural,Monthly,62.12,0,2020-12-16,36,539.16,10.75,24.83,6,0
CUST_4356,43,1,Female,Suburban,Monthly,78.99,0,2019-07-07,53,468.38,9.97,27.00,2,0
CUST_4357,43,1,Male,Rural,Prepaid,24.09,0,2022-08-10,16,504.11,10.63,21.67,5,0
CUST_4358,42,0,Male,Urban,Monthly,63.16,0,2022-03-28,21,313.22,10.14,25.58,8,0
CUST_4359,43,1,Female,Rural,Prepaid,35.55,0,2018-12-22,60,598.07,9.88,22.25,4,0
CUST_436,43,1,Female,Rural,Prepaid,31.64,0,2022-02-27,22,554.81,10.13,19.75,5,0
CUST_4360,43,0,Male,Urban,Monthly,52.45,0,2021-03-04,33,665.21,9.64,29.33,5,0
CUST_4361,43,1,Female,Suburban,Monthly,58.65,0,2020-08-24,40,540.50,8.66,26.17,9,0
CUST_4362,18,0,Female,Urban,Yearly,71.08,0,2020-06-23,42,329.65,9.17,22.50,5,0
CUST_4363,37,0,Female,Rural,Prepaid,85.94,0,2022-08-19,16,498.68,10.74,21.42,1,0
CUST_4364,45,0,Female,Suburban,Prepaid,65.64,0,2020-09-23,39,494.86,10.03,22.92,13,0
CUST_4365,43,1,Male,Rural,Monthly,42.88,0,2018-08-06,64,441.65,9.64,29.17,14,0
CUST_4366,64,0,Male,Urban,Monthly,26.92,0,2019-04-15,56,555.24,10.11,25.25,11,0
CUST_4367,34,0,Female,Suburban,Prepaid,53.49,0,2019-01-17,59,438.57,10.75,27.58,4,0
CUST_4368,43,1,Male,Urban,Prepaid,59.69,0,2020-03-27,45,320.49,10.41,24.42,7,0
CUST_4369,43,1,Male,Rural,Prepaid,32.68,0,2023-03-02,9,642.94,10.95,24.25,8,0
CUST_437,31,0,Male,Rural,Monthly,50.09,0,2018-12-02,60,520.55,10.62,23.67,6,0
CUST_4370,29,0,Female,Urban,Monthly,61.64,0,2019-02-11,58,328.56,10.32,29.33,10,0
CUST_4371,44,0,Male,Rural,Yearly,43.58,0,2018-02-19,70,491.81,10.23,22.08,6,0
CUST_4372,59,0,Female,Rural,Prepaid,33.04,0,2019-02-15,58,525.16,10.48,22.17,1,0
CUST_4373,64,0,Male,Suburban,Yearly,52.05,0,2021-08-09,28,396.71,11.95,22.83,5,0
CUST_4374,43,1,Male,Suburban,Monthly,36.46,0,2020-11-24,37,492.31,10.08,29.42,3,0
CUST_4375,43,1,Female,Urban,Prepaid,32.66,0,2018-05-03,67,477.87,8.64,24.83,4,0
CUST_4376,51,0,Male,Rural,Monthly,54.31,0,2019-06-28,54,514.70,9.98,17.25,5,0
CUST_4377,43,1,Male,Rural,Monthly,56.23,0,2020-09-09,39,503.25,10.68,21.50,6,0
CUST_4378,23,0,Female,Suburban,Prepaid,44.52,0,2023-03-29,9,321.09,8.95,28.58,2,0
CUST_4379,43,1,Male,Suburban,Monthly,54.12,0,2018-01-21,71,591.74,8.99,25.33,6,0
CUST_438,43,1,Male,Suburban,Prepaid,60.87,0,2019-11-24,49,619.68,12.14,27.25,6,0
CUST_4380,43,1,Female,Suburban,Monthly,67.12,0,2022-08-08,16,611.98,9.96,23.58,6,0
CUST_4381,49,0,Male,Suburban,Prepaid,62.48,0,2020-07-09,41,491.16,10.98,27.42,2,0
CUST_4382,42,0,Female,Urban,Prepaid,37.61,0,2019-08-13,52,521.68,9.09,22.83,5,0
CUST_4383,50,0,Female,Urban,Prepaid,50.42,0,2020-11-28,37,777.51,10.83,24.42,4,0
CUST_4384,24,0,Female,Urban,Monthly,39.52,0,2023-04-16,8,541.54,8.16,26.17,5,0
CUST_4385,69,0,Female,Urban,Prepaid,28.99,0,2019-05-10,55,542.86,10.36,20.67,4,1
CUST_4386,29,0,Female,Suburban,Monthly,59.64,0,2019-05-21,55,580.93,10.74,29.00,2,0
CUST_4387,33,0,Male,Urban,Monthly,65.04,0,2021-09-06,27,561.09,9.46,20.17,9,0
CUST_4388,33,0,Male,Urban,Monthly,42.89,0,2021-07-22,29,345.39,9.53,14.08,8,0
CUST_4389,60,0,Female,Urban,Monthly,53.52,0,2022-08-26,16,437.81,10.06,30.17,5,0
CUST_439,68,0,Male,Urban,Prepaid,34.87,0,2022-09-10,15,372.06,10.06,26.58,3,0
CUST_4390,53,0,Male,Suburban,Prepaid,73.21,0,2019-03-27,57,471.95,9.57,27.58,5,0
CUST_4391,30,0,Female,Rural,Yearly,65.37,0,2022-01-07,23,401.52,9.64,20.42,4,0
CUST_4392,43,1,Male,Suburban,Monthly,41.21,0,2019-11-29,49,438.56,9.75,30.17,12,0
CUST_4393,53,0,Male,Rural,Monthly,48.81,0,2020-07-28,41,501.66,10.38,24.25,6,0
CUST_4394,43,1,Female,Rural,Monthly,39.38,0,2022-06-25,18,452.96,9.93,32.92,6,0
CUST_4395,68,0,Female,Urban,Monthly,53.44,0,2023-03-27,9,663.26,8.55,23.00,6,0
CUST_4396,26,0,Male,Urban,Prepaid,50.61,0,2019-05-06,55,397.27,10.03,26.75,6,0
CUST_4397,49,0,Male,Urban,Monthly,32.71,0,2021-09-21,27,371.42,9.31,30.50,6,0
CUST_4398,28,0,Female,Suburban,Prepaid,43.16,0,2022-02-10,22,494.38,10.45,25.75,3,1
CUST_4399,25,0,Male,Suburban,Yearly,19.03,0,2023-03-11,9,466.53,8.35,29.33,8,0
CUST_44,38,0,Female,Rural,Monthly,44.16,0,2019-11-03,49,355.12,10.14,26.50,8,0
CUST_440,40,0,Male,Rural,Monthly,34.04,0,2021-05-30,31,721.01,11.06,30.00,7,0
CUST_4400,50,0,Male,Urban,Monthly,34.42,0,2018-09-26,63,503.24,11.36,21.92,4,1
CUST_4401,43,1,Female,Suburban,Prepaid,56.19,0,2022-02-11,22,582.86,10.19,19.17,4,0
CUST_4402,42,0,Male,Suburban,Monthly,52.15,0,2018-01-31,71,404.67,9.77,27.42,12,0
CUST_4403,25,0,Female,Rural,Prepaid,64.20,0,2019-11-22,49,432.67,9.12,31.42,5,0
CUST_4404,62,0,Female,Suburban,Prepaid,50.79,0,2021-04-18,32,390.40,8.28,21.50,4,0
CUST_4405,39,0,Female,Rural,Monthly,47.06,0,2021-07-19,29,442.51,9.09,25.42,6,0
CUST_4406,21,0,Male,Urban,Monthly,77.87,0,2023-06-02,6,753.42,9.95,27.92,8,1
CUST_4407,57,0,Male,Suburban,Yearly,44.91,0,2018-04-30,68,426.04,9.25,27.58,5,0
CUST_4408,20,0,Female,Rural,Yearly,44.22,0,2019-08-03,52,522.72,10.22,25.00,4,0
CUST_4409,43,1,Female,Suburban,Prepaid,50.74,0,2021-01-13,35,438.34,10.18,26.67,4,0
CUST_441,43,1,Male,Rural,Yearly,30.23,0,2020-02-21,46,597.26,9.40,23.83,5,0
CUST_4410,58,0,Male,Rural,Monthly,38.33,0,2021-09-18,27,595.09,11.53,23.58,5,0
CUST_4411,43,1,Male,Rural,Yearly,53.86,0,2020-08-23,40,513.86,9.40,28.42,6,0
CUST_4412,51,0,Male,Suburban,Prepaid,39.13,0,2022-11-18,13,566.74,9.07,26.67,4,0
CUST_4413,51,0,Female,Urban,Monthly,43.53,0,2023-06-16,6,439.33,9.37,27.08,5,0
CUST_4414,45,0,Female,Rural,Yearly,38.82,0,2022-09-14,15,348.18,10.27,28.58,9,0
CUST_4415,30,0,Male,Urban,Monthly,23.33,0,2020-05-31,43,493.23,9.97,29.83,8,0
CUST_4416,32,0,Male,Suburban,Prepaid,13.76,0,2023-03-22,9,543.78,10.13,20.83,7,0
CUST_4417,43,1,Male,Suburban,Yearly,28.64,0,2019-03-21,57,364.69,10.46,25.00,6,0
CUST_4418,61,0,Female,Urban,Yearly,67.12,0,2019-09-10,51,499.08,10.00,25.67,9,0
CUST_4419,43,0,Female,Suburban,Monthly,51.13,0,2021-04-01,32,473.17,9.67,27.42,9,0
CUST_442,43,1,Female,Rural,Prepaid,73.92,0,2022-07-05,17,484.50,10.58,26.50,8,0
CUST_4420,21,0,Male,Rural,Prepaid,42.80,0,2021-07-28,29,752.82,9.65,27.75,5,0
CUST_4421,43,1,Male,Urban,Monthly,34.41,0,2019-02-24,58,540.15,10.93,19.33,5,0
CUST_4422,43,1,Female,Suburban,Prepaid,68.92,0,2021-11-14,25,433.69,10.39,19.58,6,0
CUST_4423,43,1,Female,Suburban,Prepaid,40.37,0,2022-08-31,16,502.39,10.04,21.58,6,0
CUST_4424,43,1,Male,Urban,Monthly,37.32,0,2020-10-16,38,551.84,9.13,26.42,5,0
CUST_4425,49,0,Male,Rural,Yearly,21.62,0,2018-06-29,66,468.09,10.42,17.25,4,1
CUST_4426,37,0,Male,Urban,Yearly,16.53,0,2018-09-23,63,580.62,10.62,21.08,6,0
CUST_4427,67,0,Female,Suburban,Monthly,56.92,0,2022-05-13,19,439.57,10.49,23.33,9,0
CUST_4428,43,1,Male,Suburban,Monthly,75.29,0,2020-01-12,47,372.18,10.15,25.75,5,0
CUST_4429,32,0,Female,Urban,Prepaid,54.45,0,2018-07-02,65,636.76,10.46,26.00,4,0
CUST_443,51,0,Female,Suburban,Monthly,75.48,0,2020-10-02,38,474.53,10.53,24.50,3,0
CUST_4430,43,1,Female,Rural,Yearly,54.25,0,2022-02-26,22,431.03,9.38,29.00,1,0
CUST_4431,45,0,Male,Rural,Monthly,76.95,0,2018-04-22,68,416.41,9.98,25.17,5,0
CUST_4432,43,1,Male,Rural,Yearly,57.51,0,2022-03-22,21,513.21,11.17,28.00,3,0
CUST_4433,58,0,Female,Urban,Monthly,49.88,0,2019-09-08,51,449.04,10.68,23.75,5,0
CUST_4434,43,1,Male,Rural,Monthly,58.39,0,2019-11-13,49,493.14,10.43,29.08,8,0
CUST_4435,43,1,Female,Rural,Yearly,63.54,0,2021-08-21,28,516.09,10.30,26.33,7,0
CUST_4436,61,0,Male,Rural,Prepaid,57.64,0,2020-04-24,44,412.89,9.56,19.67,8,0
CUST_4437,43,1,Male,Rural,Prepaid,42.72,0,2020-09-25,39,516.01,10.60,28.50,7,0
CUST_4438,59,0,Male,Suburban,Prepaid,56.10,0,2020-01-27,47,526.62,10.75,24.92,7,0
CUST_4439,43,0,Male,Urban,Yearly,39.61,0,2019-04-16,56,533.41,9.16,21.92,11,0
CUST_444,19,0,Female,Rural,Prepaid,75.25,0,2022-08-14,16,455.33,10.40,22.75,9,0
CUST_4440,43,1,Female,Urban,Monthly,49.53,0,2018-03-14,69,618.17,8.38,24.92,4,0
CUST_4441,27,0,Female,Rural,Monthly,55.96,0,2023-06-16,6,379.35,10.68,19.67,6,1
CUST_4442,62,0,Female,Urban,Prepaid,77.58,0,2020-08-02,40,544.30,10.56,27.08,8,0
CUST_4443,43,1,Male,Urban,Monthly,56.58,0,2020-01-23,47,535.58,10.68,23.75,8,0
CUST_4444,43,1,Female,Suburban,Monthly,50.25,0,2020-12-31,36,501.77,9.15,17.17,6,0
CUST_4445,30,0,Female,Urban,Prepaid,43.99,0,2020-05-20,43,438.69,10.04,22.67,7,0
CUST_4446,25,0,Female,Suburban,Yearly,41.24,0,2020-12-18,36,464.26,8.78,16.58,5,0
CUST_4447,43,1,Male,Urban,Prepaid,44.20,0,2019-02-15,58,387.46,9.24,31.33,6,0
CUST_4448,21,0,Female,Suburban,Prepaid,50.60,0,2018-01-19,71,587.96,11.77,24.67,8,0
CUST_4449,64,0,Male,Suburban,Prepaid,63.74,0,2018-06-30,66,536.73,10.65,19.92,6,0
CUST_445,49,0,Female,Suburban,Monthly,77.26,0,2022-06-08,18,365.22,8.09,16.00,6,0
CUST_4450,43,1,Male,Urban,Prepaid,30.88,0,2023-03-04,9,723.90,9.88,33.08,7,0
CUST_4451,43,1,Female,Suburban,Monthly,61.49,0,2021-03-27,33,446.36,10.28,26.58,3,0
CUST_4452,28,0,Male,Suburban,Prepaid,41.52,0,2022-02-12,22,589.01,9.54,25.08,5,0
CUST_4453,43,1,Female,Urban,Yearly,39.48,0,2022-02-27,22,491.49,10.44,27.17,2,0
CUST_4454,18,0,Female,Suburban,Prepaid,57.66,0,2018-09-21,63,370.60,9.46,26.67,3,0
CUST_4455,66,0,Female,Suburban,Monthly,44.37,0,2021-02-03,34,422.51,9.91,25.08,6,0
CUST_4456,43,1,Female,Suburban,Monthly,57.15,0,2020-03-18,45,468.84,8.96,27.75,10,0
CUST_4457,43,1,Female,Suburban,Monthly,55.82,0,2022-12-10,12,704.98,12.48,24.42,5,0
CUST_4458,55,0,Male,Suburban,Prepaid,310.45,0,2021-01-05,35,372.82,9.07,30.33,5,0
CUST_4459,41,0,Female,Rural,Yearly,69.78,0,2018-06-10,66,407.40,10.09,26.42,8,1
CUST_446,43,1,Male,Suburban,Monthly,40.50,0,2020-06-13,42,726.27,10.69,35.33,8,0
CUST_4460,43,1,Male,Suburban,Monthly,24.20,0,2021-04-23,32,485.51,9.64,20.17,6,0
CUST_4461,43,1,Female,Suburban,Prepaid,53.07,0,2022-03-05,21,567.33,8.88,20.33,4,0
CUST_4462,43,1,Female,Suburban,Monthly,38.90,0,2022-06-07,18,461.62,10.52,28.42,3,0
CUST_4463,63,0,Female,Suburban,Monthly,56.27,0,2023-06-17,6,532.32,9.57,20.83,5,0
CUST_4464,67,0,Male,Urban,Yearly,28.92,0,2018-03-18,69,441.30,9.61,25.67,4,0
CUST_4465,43,0,Male,Rural,Prepaid,50.77,0,2019-09-17,51,603.52,10.21,31.08,4,0
CUST_4466,66,0,Male,Urban,Prepaid,21.77,0,2022-08-13,16,728.49,8.42,20.67,5,0
CUST_4467,67,0,Male,Rural,Prepaid,50.65,0,2020-12-01,36,528.20,8.64,24.75,5,0
CUST_4468,43,1,Female,Suburban,Prepaid,50.08,0,2019-07-23,53,543.90,9.39,21.00,6,0
CUST_4469,37,0,Female,Suburban,Monthly,39.91,0,2020-01-16,47,400.24,10.65,19.42,7,0
CUST_447,39,0,Male,Urban,Yearly,22.81,0,2021-10-27,26,357.20,9.41,26.17,7,0
CUST_4470,43,1,Male,Rural,Monthly,44.09,0,2020-01-10,47,543.14,9.38,26.92,6,0
CUST_4471,58,0,Male,Rural,Prepaid,44.45,0,2020-11-30,37,339.44,10.47,30.33,6,0
CUST_4472,28,0,Male,Urban,Prepaid,26.76,0,2023-05-28,7,464.87,10.30,26.25,8,0
CUST_4473,50,0,Female,Rural,Prepaid,30.55,0,2022-11-29,13,469.29,8.55,20.25,4,1
CUST_4474,67,0,Male,Suburban,Monthly,52.82,0,2022-02-18,22,543.44,10.03,20.75,9,0
CUST_4475,55,0,Male,Urban,Yearly,66.02,0,2020-03-02,45,501.01,9.92,21.75,3,0
CUST_4476,44,0,Female,Rural,Prepaid,61.80,0,2022-01-26,23,582.46,9.80,21.75,6,0
CUST_4477,51,0,Male,Rural,Prepaid,19.57,0,2022-12-24,12,524.04,8.28,27.25,2,0
CUST_4478,43,1,Female,Urban,Monthly,68.60,0,2023-06-12,6,386.88,10.61,26.33,9,0
CUST_4479,49,0,Female,Rural,Yearly,69.52,0,2022-01-03,23,577.37,10.03,25.58,5,0
CUST_448,68,0,Female,Urban,Monthly,75.55,0,2018-08-08,64,244.51,10.39,25.42,5,0
CUST_4480,43,1,Female,Suburban,Monthly,38.79,0,2022-01-11,23,549.08,10.72,18.42,6,1
CUST_4481,63,0,Female,Urban,Prepaid,39.08,0,2019-06-02,54,510.56,9.57,26.00,4,1
CUST_4482,22,0,Female,Rural,Prepaid,42.23,0,2018-10-29,62,499.72,10.15,22.08,4,0
CUST_4483,23,0,Male,Suburban,Monthly,54.98,0,2019-07-14,53,373.24,8.70,23.33,3,0
CUST_4484,55,0,Male,Rural,Monthly,45.45,0,2021-06-27,30,424.01,9.42,32.17,7,1
CUST_4485,43,1,Female,Urban,Prepaid,55.84,0,2019-03-06,57,552.56,9.52,23.50,5,0
CUST_4486,35,0,Female,Rural,Prepaid,30.47,0,2020-07-07,41,461.48,10.26,32.42,8,0
CUST_4487,43,1,Male,Rural,Monthly,33.92,0,2022-01-15,23,552.96,9.20,24.75,8,0
CUST_4488,27,0,Male,Rural,Prepaid,36.87,0,2018-04-02,68,472.84,9.80,20.75,4,0
CUST_4489,63,0,Female,Suburban,Monthly,37.75,0,2020-03-12,45,465.45,9.11,15.92,5,0
CUST_449,42,0,Male,Suburban,Prepaid,63.94,0,2020-07-07,41,563.56,9.26,18.75,1,0
CUST_4490,43,1,Male,Suburban,Prepaid,56.41,0,2021-03-14,33,450.55,9.22,26.17,10,0
CUST_4491,48,0,Male,Rural,Monthly,53.69,0,2021-10-07,26,480.84,8.87,25.08,5,0
CUST_4492,43,1,Female,Rural,Prepaid,59.88,0,2020-02-06,46,505.16,10.45,26.92,5,0
CUST_4493,20,0,Male,Urban,Yearly,66.22,0,2020-11-04,37,430.58,9.74,29.50,1,0
CUST_4494,47,0,Male,Rural,Prepaid,55.92,0,2023-02-17,10,409.65,10.62,23.00,5,0
CUST_4495,23,0,Male,Urban,Prepaid,23.27,0,2018-12-21,60,422.96,11.20,25.83,3,1
CUST_4496,46,0,Male,Suburban,Yearly,43.73,0,2019-07-16,53,437.73,10.32,24.67,5,0
CUST_4497,25,0,Female,Rural,Yearly,45.76,0,2022-06-14,18,485.50,9.88,20.92,4,0
CUST_4498,43,1,Male,Urban,Prepaid,53.87,0,2018-10-09,62,385.99,9.27,28.25,7,0
CUST_4499,62,0,Female,Suburban,Yearly,35.85,0,2018-10-26,62,226.29,8.09,22.83,8,0
CUST_45,26,0,Female,Suburban,Yearly,50.07,0,2023-01-19,11,492.02,10.07,22.58,3,0
CUST_450,39,0,Female,Urban,Prepaid,62.73,0,2020-10-23,38,328.69,10.77,22.33,4,0
CUST_4500,60,0,Male,Urban,Prepaid,72.20,0,2021-06-22,30,522.63,11.05,31.92,5,0
CUST_4501,61,0,Female,Suburban,Monthly,43.98,0,2018-02-22,70,744.52,9.12,19.33,5,0
CUST_4502,50,0,Female,Rural,Prepaid,45.04,0,2018-09-24,63,395.88,10.09,26.67,2,0
CUST_4503,34,0,Male,Urban,Prepaid,47.07,0,2020-03-01,45,444.49,9.03,27.50,5,0
CUST_4504,43,1,Female,Rural,Monthly,211.35,0,2022-03-22,21,596.03,10.38,28.42,5,0
CUST_4505,43,1,Female,Urban,Monthly,23.97,0,2019-07-16,53,376.89,10.58,17.33,11,0
CUST_4506,43,1,Female,Suburban,Monthly,68.62,0,2022-10-17,14,434.22,10.06,16.25,9,0
CUST_4507,43,1,Female,Urban,Monthly,40.48,0,2018-11-14,61,456.62,9.79,16.83,5,0
CUST_4508,28,0,Female,Urban,Yearly,59.45,0,2020-12-14,36,424.96,11.01,12.25,3,1
CUST_4509,48,0,Male,Rural,Prepaid,43.62,0,2021-11-04,25,582.77,9.93,26.00,4,0
CUST_451,43,1,Female,Urban,Prepaid,34.40,0,2018-10-30,62,495.03,8.71,27.08,6,0
CUST_4510,45,0,Female,Rural,Prepaid,40.56,0,2019-09-16,51,378.91,9.59,27.58,5,1
CUST_4511,43,1,Female,Rural,Monthly,31.33,0,2020-12-26,36,539.52,9.30,24.92,6,0
CUST_4512,43,1,Male,Suburban,Prepaid,23.28,0,2020-08-15,40,487.50,9.66,28.58,5,0
CUST_4513,58,0,Male,Rural,Monthly,43.32,0,2018-12-31,60,405.38,8.62,28.92,6,0
CUST_4514,33,0,Female,Urban,Monthly,42.68,0,2018-07-06,65,497.93,10.16,18.17,3,1
CUST_4515,43,1,Male,Suburban,Prepaid,71.54,0,2019-12-09,48,415.35,9.45,20.83,3,0
CUST_4516,43,1,Male,Rural,Yearly,51.08,0,2018-11-09,61,544.91,9.18,22.58,12,0
CUST_4517,43,1,Male,Urban,Prepaid,67.12,0,2022-01-30,23,342.25,8.28,27.33,9,0
CUST_4518,43,0,Male,Urban,Prepaid,27.47,0,2022-11-21,13,335.80,8.68,24.25,7,0
CUST_4519,29,0,Male,Suburban,Prepaid,50.78,0,2020-12-30,36,667.29,8.66,22.50,4,1
CUST_452,66,0,Female,Rural,Monthly,51.46,0,2019-09-02,51,402.30,9.47,24.00,8,0
CUST_4520,28,0,Male,Urban,Prepaid,58.26,0,2018-05-27,67,386.00,8.53,24.42,4,1
CUST_4521,43,1,Female,Rural,Prepaid,51.68,0,2020-06-27,42,523.44,9.09,25.92,6,0
CUST_4522,42,0,Female,Urban,Monthly,52.25,0,2018-06-23,66,451.04,8.91,22.75,8,0
CUST_4523,35,0,Male,Rural,Monthly,46.26,0,2020-09-18,39,343.67,9.90,24.42,5,0
CUST_4524,36,0,Male,Rural,Yearly,32.08,0,2018-05-09,67,682.67,8.99,23.75,11,0
CUST_4525,40,0,Female,Suburban,Prepaid,29.50,0,2020-06-03,42,637.34,9.91,22.75,3,0
CUST_4526,55,0,Male,Urban,Prepaid,60.60,0,2021-08-24,28,550.99,10.02,27.42,7,0
CUST_4527,35,0,Female,Suburban,Yearly,40.09,0,2022-02-17,22,438.85,9.35,19.67,9,0
CUST_4528,43,1,Male,Suburban,Prepaid,43.60,0,2022-07-11,17,512.56,7.99,24.58,6,0
CUST_4529,23,0,Female,Suburban,Yearly,40.09,0,2020-05-09,43,517.32,9.24,22.58,3,0
CUST_453,69,0,Female,Urban,Yearly,52.39,0,2023-10-04,2,647.98,10.59,22.00,8,0
CUST_4530,43,1,Female,Rural,Yearly,36.60,0,2018-04-02,68,434.49,9.92,19.58,6,0
CUST_4531,43,1,Male,Rural,Yearly,28.06,0,2022-08-16,16,382.23,11.07,19.83,6,0
CUST_4532,68,0,Male,Rural,Prepaid,73.04,0,2020-08-08,40,393.57,10.32,24.25,10,0
CUST_4533,46,0,Male,Rural,Prepaid,19.42,0,2018-01-03,71,470.40,9.89,20.17,7,0
CUST_4534,43,1,Male,Urban,Monthly,60.32,0,2018-11-05,61,344.20,10.57,23.92,11,0
CUST_4535,43,1,Female,Urban,Monthly,66.33,0,2021-11-11,25,412.40,8.47,20.00,6,0
CUST_4536,43,1,Male,Rural,Prepaid,52.12,0,2023-01-05,11,521.30,9.79,24.25,2,0
CUST_4537,60,0,Female,Rural,Monthly,47.38,0,2022-05-25,19,373.50,9.85,25.50,8,0
CUST_4538,33,0,Male,Urban,Prepaid,53.49,0,2019-03-16,57,537.59,9.95,22.08,8,0
CUST_4539,43,1,Female,Suburban,Monthly,44.01,0,2019-07-09,53,563.18,8.32,24.50,6,0
CUST_454,59,0,Male,Suburban,Monthly,49.05,0,2018-05-30,67,454.28,9.72,22.75,8,0
CUST_4540,51,0,Male,Suburban,Yearly,64.74,0,2018-08-28,64,403.81,10.63,21.92,4,0
CUST_4541,43,1,Male,Rural,Prepaid,66.79,0,2022-07-18,17,491.32,9.91,25.75,6,0
CUST_4542,30,0,Female,Suburban,Prepaid,58.14,0,2022-11-09,13,570.33,9.04,29.25,4,0
CUST_4543,59,0,Male,Rural,Prepaid,25.24,0,2020-08-10,40,538.54,10.31,29.50,6,0
CUST_4544,43,1,Male,Rural,Prepaid,60.13,0,2022-02-21,22,553.25,8.97,17.67,8,0
CUST_4545,43,1,Male,Rural,Prepaid,69.25,0,2018-08-22,64,454.34,10.16,22.92,10,0
CUST_4546,43,1,Male,Urban,Prepaid,59.12,0,2018-01-23,71,418.76,10.90,23.50,7,0
CUST_4547,43,1,Male,Suburban,Prepaid,64.78,0,2022-05-17,19,506.57,9.49,29.25,4,0
CUST_4548,64,0,Female,Urban,Yearly,39.06,0,2018-09-14,63,356.62,10.11,17.00,5,1
CUST_4549,47,0,Male,Suburban,Yearly,42.89,0,2019-03-10,57,404.30,11.19,31.25,2,0
CUST_455,43,1,Female,Urban,Monthly,37.25,0,2022-06-03,18,372.45,9.59,28.08,7,0
CUST_4550,43,1,Female,Urban,Monthly,69.65,0,2018-09-17,63,450.15,10.60,28.50,5,0
CUST_4551,60,0,Male,Urban,Prepaid,59.99,0,2022-01-08,23,505.79,11.05,27.58,4,0
CUST_4552,43,1,Male,Rural,Prepaid,46.29,0,2018-05-21,67,289.92,11.26,23.33,4,0
CUST_4553,34,0,Female,Rural,Monthly,45.92,0,2021-12-15,24,563.43,10.34,16.42,7,0
CUST_4554,37,0,Female,Urban,Monthly,50.29,0,2020-01-31,47,702.79,8.91,28.25,7,0
CUST_4555,43,1,Female,Suburban,Yearly,45.53,0,2021-07-18,29,613.96,10.22,20.58,7,0
CUST_4556,43,1,Female,Suburban,Prepaid,50.08,0,2020-02-15,46,515.59,8.93,31.08,11,0
CUST_4557,43,1,Female,Rural,Monthly,97.15,0,2018-09-09,63,561.20,10.64,21.75,5,0
CUST_4558,43,1,Male,Rural,Monthly,39.44,0,2021-02-24,34,552.09,9.98,28.17,6,0
CUST_4559,43,1,Female,Suburban,Yearly,23.09,0,2018-06-05,66,565.16,9.75,16.83,4,0
CUST_456,32,0,Male,Rural,Prepaid,21.49,0,2022-10-03,14,552.44,9.66,24.33,6,0
CUST_4560,61,0,Female,Suburban,Monthly,40.06,0,2020-06-29,42,450.23,9.94,34.00,4,0
CUST_4561,26,0,Male,Suburban,Monthly,58.32,0,2020-04-28,44,388.73,8.86,14.42,4,0
CUST_4562,43,1,Male,Rural,Monthly,59.03,0,2021-10-18,26,453.21,8.81,19.67,4,0
CUST_4563,43,1,Female,Suburban,Yearly,33.86,0,2018-05-29,67,602.49,10.62,24.33,5,0
CUST_4564,43,1,Female,Rural,Prepaid,44.35,0,2018-01-15,71,482.54,9.73,23.75,6,0
CUST_4565,54,0,Female,Urban,Prepaid,62.99,0,2022-06-14,18,685.23,10.24,21.42,7,0
CUST_4566,45,0,Male,Urban,Monthly,48.39,0,2018-12-24,60,346.92,9.78,26.00,8,0
CUST_4567,45,0,Female,Urban,Prepaid,34.64,0,2018-04-26,68,371.89,9.26,27.50,7,0
CUST_4568,43,1,Male,Suburban,Monthly,37.79,0,2020-07-19,41,489.51,8.12,15.42,8,0
CUST_4569,43,1,Male,Rural,Yearly,71.12,0,2019-12-30,48,383.81,9.95,24.33,10,0
CUST_457,43,1,Female,Suburban,Monthly,38.71,0,2023-06-18,6,419.86,9.21,21.92,4,1
CUST_4570,43,1,Male,Suburban,Monthly,43.20,0,2018-10-25,62,551.54,9.13,21.17,12,0
CUST_4571,41,0,Male,Rural,Monthly,50.79,0,2018-07-09,65,437.13,9.61,18.50,3,0
CUST_4572,59,0,Female,Suburban,Monthly,26.02,0,2022-09-06,15,593.84,10.68,20.58,3,0
CUST_4573,43,1,Male,Urban,Yearly,46.44,0,2021-10-16,26,384.88,9.51,24.92,9,0
CUST_4574,43,1,Male,Rural,Yearly,92.36,0,2018-01-20,71,335.17,10.14,22.08,13,0
CUST_4575,25,0,Female,Suburban,Monthly,76.84,0,2020-02-24,46,474.24,10.03,26.17,7,0
CUST_4576,65,0,Male,Rural,Monthly,53.81,0,2020-05-07,43,458.03,11.01,29.25,4,0
CUST_4577,44,0,Female,Rural,Prepaid,74.23,0,2019-12-15,48,408.45,8.68,23.25,8,0
CUST_4578,43,1,Male,Suburban,Prepaid,59.05,0,2019-08-12,52,583.67,9.52,24.83,4,1
CUST_4579,43,1,Female,Suburban,Prepaid,84.89,0,2022-05-04,19,593.29,11.77,28.75,4,0
CUST_458,43,1,Female,Urban,Prepaid,6.93,0,2022-08-21,16,510.48,10.26,28.00,7,0
CUST_4580,44,0,Male,Rural,Prepaid,60.01,0,2021-09-11,27,478.70,10.36,15.33,6,0
CUST_4581,46,0,Male,Rural,Monthly,70.10,0,2018-03-29,69,510.29,9.92,21.42,10,0
CUST_4582,43,1,Female,Urban,Monthly,18.31,0,2020-05-26,43,606.43,9.95,20.42,6,0
CUST_4583,61,0,Male,Rural,Prepaid,55.79,0,2020-08-08,40,642.62,10.96,26.50,9,1
CUST_4584,30,0,Male,Urban,Yearly,40.80,0,2021-02-08,34,596.37,11.04,26.58,4,0
CUST_4585,43,1,Female,Urban,Monthly,58.42,0,2018-12-12,60,428.02,9.17,29.33,7,0
CUST_4586,27,0,Male,Urban,Monthly,57.84,0,2020-02-05,46,500.69,10.22,23.83,4,0
CUST_4587,43,1,Male,Rural,Monthly,70.76,0,2018-04-16,68,531.52,9.20,24.42,8,0
CUST_4588,26,0,Female,Urban,Monthly,65.67,0,2019-10-24,50,578.65,10.54,29.67,6,0
CUST_4589,44,0,Female,Rural,Prepaid,28.86,0,2018-03-26,69,543.66,10.13,24.50,5,0
CUST_459,43,1,Female,Suburban,Prepaid,43.81,0,2019-12-13,48,700.90,9.64,25.58,8,0
CUST_4590,51,0,Female,Rural,Monthly,22.24,0,2020-03-31,45,628.12,8.59,15.00,6,0
CUST_4591,43,1,Female,Suburban,Prepaid,46.92,0,2018-09-05,63,379.94,9.93,28.08,4,0
CUST_4592,18,0,Female,Rural,Monthly,61.26,0,2022-07-25,17,588.69,11.41,31.08,9,0
CUST_4593,49,0,Male,Rural,Prepaid,59.51,0,2018-04-25,68,272.56,8.68,18.08,6,0
CUST_4594,43,1,Female,Urban,Monthly,51.01,0,2020-04-20,44,537.11,9.15,26.67,6,0
CUST_4595,46,0,Male,Rural,Prepaid,59.21,0,2018-02-05,70,516.21,11.92,27.08,9,0
CUST_4596,43,1,Female,Rural,Monthly,62.34,0,2018-11-07,61,469.07,9.57,24.67,6,0
CUST_4597,66,0,Male,Suburban,Prepaid,51.02,0,2021-09-21,27,447.27,8.11,24.42,8,0
CUST_4598,43,1,Male,Suburban,Yearly,59.33,0,2023-02-18,10,626.85,10.56,25.50,4,0
CUST_4599,43,1,Female,Urban,Yearly,60.65,0,2019-12-14,48,511.51,11.13,21.58,12,0
CUST_46,56,0,Male,Rural,Monthly,53.01,0,2018-07-31,65,467.98,10.46,23.67,4,0
CUST_460,25,0,Female,Urban,Monthly,40.78,0,2021-04-24,32,423.69,9.05,25.33,9,0
CUST_4600,37,0,Male,Urban,Prepaid,49.48,0,2019-07-13,53,409.90,9.16,26.08,6,0
CUST_4601,47,0,Male,Suburban,Prepaid,72.19,0,2019-04-14,56,372.62,7.50,23.58,3,0
CUST_4602,52,0,Female,Suburban,Monthly,32.02,0,2021-09-10,27,485.13,9.06,30.67,7,0
CUST_4603,52,0,Female,Rural,Prepaid,74.76,0,2021-05-15,31,605.47,9.89,28.08,6,0
CUST_4604,43,1,Female,Urban,Prepaid,65.68,0,2021-05-15,31,389.12,9.52,27.75,9,0
CUST_4605,56,0,Female,Urban,Prepaid,82.39,0,2023-01-02,11,471.05,9.84,26.58,6,0
CUST_4606,44,0,Male,Rural,Monthly,27.21,0,2021-12-19,24,521.97,9.82,19.58,8,0
CUST_4607,43,1,Male,Rural,Prepaid,44.73,0,2019-01-01,59,628.77,9.95,24.00,9,0
CUST_4608,31,0,Male,Urban,Prepaid,57.23,0,2018-08-08,64,455.17,8.00,31.33,5,0
CUST_4609,34,0,Male,Suburban,Monthly,53.87,0,2021-07-22,29,566.95,10.60,27.83,9,0
CUST_461,61,0,Male,Rural,Monthly,32.48,0,2022-03-05,21,524.35,8.71,20.08,7,0
CUST_4610,43,1,Male,Suburban,Prepaid,43.52,0,2018-09-13,63,482.29,10.60,29.17,7,0
CUST_4611,43,1,Male,Rural,Prepaid,54.60,0,2018-02-05,70,511.06,9.85,25.67,7,0
CUST_4612,43,1,Female,Urban,Yearly,68.69,0,2018-09-18,63,481.92,9.57,20.25,4,0
CUST_4613,46,0,Male,Rural,Monthly,52.11,0,2022-06-20,18,471.07,10.81,25.92,5,0
CUST_4614,37,0,Male,Suburban,Prepaid,29.53,0,2023-05-12,7,458.35,9.98,20.25,8,0
CUST_4615,43,1,Male,Suburban,Prepaid,80.82,0,2018-03-01,69,484.37,9.79,28.50,6,0
CUST_4616,35,0,Female,Rural,Monthly,35.62,0,2019-06-20,54,602.15,10.04,19.25,7,0
CUST_4617,21,0,Female,Suburban,Prepaid,31.73,0,2018-08-06,64,592.86,8.02,30.33,3,0
CUST_4618,18,0,Female,Urban,Yearly,39.12,0,2022-12-22,12,433.81,9.34,20.08,5,0
CUST_4619,67,0,Female,Rural,Monthly,40.78,0,2022-04-26,20,347.32,10.00,24.50,7,0
CUST_462,61,0,Female,Urban,Prepaid,56.01,0,2022-10-24,14,318.18,11.16,21.83,6,0
CUST_4620,18,0,Male,Rural,Yearly,54.13,0,2022-11-05,13,233.13,10.19,18.33,6,1
CUST_4621,43,0,Male,Rural,Yearly,89.15,0,2023-02-15,10,435.40,9.51,28.08,5,0
CUST_4622,43,1,Male,Suburban,Monthly,36.57,0,2019-06-08,54,467.98,10.03,25.58,6,0
CUST_4623,37,0,Female,Urban,Monthly,66.41,0,2020-01-07,47,439.91,9.23,18.33,9,0
CUST_4624,43,1,Male,Rural,Yearly,79.27,0,2021-08-27,28,541.41,8.76,19.75,6,1
CUST_4625,40,0,Male,Rural,Monthly,43.64,0,2018-02-21,70,463.46,10.35,20.75,5,1
CUST_4626,43,1,Male,Suburban,Prepaid,48.51,0,2019-10-18,50,522.23,11.36,10.50,6,0
CUST_4627,28,0,Female,Urban,Monthly,54.58,0,2022-01-02,23,335.97,9.39,22.42,8,0
CUST_4628,43,1,Female,Rural,Prepaid,43.15,0,2020-10-20,38,400.29,8.44,28.42,4,0
CUST_4629,58,0,Female,Suburban,Monthly,22.76,0,2019-02-23,58,453.04,11.46,21.50,5,0
CUST_463,22,0,Male,Suburban,Monthly,44.85,0,2020-03-07,45,465.34,10.16,24.58,6,0
CUST_4630,22,0,Male,Rural,Monthly,70.28,0,2021-08-19,28,433.24,8.93,35.17,5,0
CUST_4631,18,0,Male,Suburban,Yearly,52.37,0,2018-08-10,64,364.26,7.28,28.83,6,0
CUST_4632,34,0,Male,Urban,Monthly,41.54,0,2018-11-24,61,579.98,9.86,19.00,5,0
CUST_4633,39,0,Male,Suburban,Yearly,49.35,0,2020-12-08,36,457.71,8.65,25.92,5,0
CUST_4634,51,0,Female,Rural,Prepaid,45.26,0,2018-11-08,61,627.64,9.47,33.92,7,0
CUST_4635,62,0,Male,Rural,Prepaid,58.89,0,2021-01-07,35,479.31,9.45,17.58,6,0
CUST_4636,58,0,Female,Suburban,Yearly,36.51,0,2018-11-21,61,434.23,9.87,21.42,4,0
CUST_4637,46,0,Male,Urban,Monthly,44.34,0,2022-07-21,17,559.06,8.55,30.33,6,1
CUST_4638,21,0,Female,Urban,Monthly,52.17,0,2019-09-16,51,479.66,9.53,21.67,10,0
CUST_4639,43,1,Male,Rural,Prepaid,20.49,0,2022-09-29,15,412.06,6.61,25.92,4,0
CUST_464,43,1,Female,Suburban,Monthly,45.93,0,2021-05-19,31,548.84,8.90,28.00,6,0
CUST_4640,28,0,Male,Rural,Monthly,46.31,0,2020-01-29,47,523.50,10.18,31.58,5,0
CUST_4641,68,0,Female,Suburban,Yearly,39.69,0,2022-02-04,22,495.43,9.12,23.00,8,0
CUST_4642,43,1,Female,Suburban,Prepaid,59.13,0,2020-10-22,38,496.50,10.28,27.75,9,1
CUST_4643,52,0,Male,Suburban,Monthly,53.71,0,2019-02-26,58,476.76,11.88,23.58,5,0
CUST_4644,29,0,Male,Urban,Prepaid,69.03,0,2021-01-09,35,484.65,10.37,24.92,7,0
CUST_4645,43,1,Male,Urban,Prepaid,19.78,0,2019-08-05,52,405.73,8.56,27.08,5,0
CUST_4646,68,0,Female,Rural,Monthly,40.75,0,2018-01-12,71,288.93,9.21,24.17,3,0
CUST_4647,43,1,Male,Rural,Prepaid,52.93,0,2019-01-08,59,756.08,10.02,18.83,3,0
CUST_4648,62,0,Female,Rural,Prepaid,69.38,0,2018-05-14,67,539.03,9.81,32.17,4,0
CUST_4649,24,0,Male,Suburban,Monthly,33.41,0,2019-02-08,58,325.29,8.92,24.17,2,0
CUST_465,43,1,Female,Suburban,Prepaid,70.86,0,2019-06-04,54,526.39,9.90,19.17,3,0
CUST_4650,64,0,Male,Urban,Monthly,37.95,0,2018-05-15,67,678.54,11.36,26.17,6,0
CUST_4651,24,0,Male,Rural,Prepaid,69.72,0,2019-03-27,57,558.22,11.89,29.33,8,0
CUST_4652,43,1,Male,Rural,Yearly,84.56,0,2019-09-23,51,322.48,9.99,23.08,8,0
CUST_4653,43,1,Female,Rural,Prepaid,75.59,0,2018-05-24,67,455.87,11.42,29.58,9,0
CUST_4654,22,0,Female,Rural,Yearly,75.74,0,2019-07-14,53,596.99,10.26,22.17,10,0
CUST_4655,43,1,Male,Rural,Monthly,56.47,0,2021-10-19,26,537.78,9.55,23.58,9,0
CUST_4656,31,0,Male,Rural,Prepaid,51.99,0,2020-12-14,36,473.76,9.72,25.75,4,0
CUST_4657,43,1,Male,Urban,Prepaid,78.53,0,2019-05-26,55,454.61,9.48,21.58,8,0
CUST_4658,43,1,Female,Rural,Prepaid,45.11,0,2018-02-23,70,390.45,7.99,30.08,3,0
CUST_4659,59,0,Male,Urban,Prepaid,34.84,0,2021-07-15,29,389.01,9.43,23.67,5,0
CUST_466,23,0,Female,Urban,Monthly,45.18,0,2021-03-07,33,433.31,8.89,24.25,6,1
CUST_4660,43,1,Female,Suburban,Monthly,54.25,0,2020-09-29,39,433.63,8.39,33.67,7,0
CUST_4661,32,0,Female,Urban,Prepaid,44.59,0,2023-04-25,8,688.27,9.89,20.58,3,1
CUST_4662,67,0,Female,Suburban,Prepaid,38.47,0,2018-06-29,66,486.61,11.53,24.83,5,0
CUST_4663,69,0,Female,Urban,Monthly,62.76,0,2019-11-11,49,495.39,11.33,22.08,8,0
CUST_4664,62,0,Male,Urban,Prepaid,46.25,0,2022-12-03,12,396.44,9.21,31.42,8,0
CUST_4665,43,1,Male,Rural,Monthly,52.77,0,2020-05-20,43,428.15,9.95,20.50,10,0
CUST_4666,25,0,Female,Urban,Prepaid,58.12,0,2022-03-19,21,494.58,9.85,28.08,5,0
CUST_4667,58,0,Male,Urban,Monthly,23.52,0,2018-02-15,70,507.43,9.82,23.92,5,0
CUST_4668,43,1,Male,Rural,Monthly,68.59,0,2019-10-15,50,364.26,8.82,16.67,4,0
CUST_4669,36,0,Male,Suburban,Monthly,84.51,0,2018-08-28,64,439.27,10.70,30.33,2,0
CUST_467,43,1,Male,Urban,Prepaid,56.81,0,2022-10-21,14,366.59,9.58,18.50,10,0
CUST_4670,65,0,Female,Rural,Prepaid,69.21,0,2020-05-20,43,421.42,10.36,27.75,5,0
CUST_4671,56,0,Male,Rural,Prepaid,-3.89,1,2020-11-12,37,485.17,10.18,17.33,5,0
CUST_4672,63,0,Male,Rural,Prepaid,53.38,0,2023-06-11,6,278.07,8.82,30.92,11,0
CUST_4673,45,0,Male,Suburban,Prepaid,22.12,0,2019-11-05,49,420.53,10.74,29.50,9,0
CUST_4674,63,0,Male,Urban,Prepaid,67.91,0,2021-03-30,33,312.51,9.65,32.83,3,0
CUST_4675,44,0,Male,Urban,Monthly,67.96,0,2021-06-01,30,414.40,8.30,27.67,2,0
CUST_4676,21,0,Male,Rural,Monthly,55.59,0,2021-10-24,26,419.41,9.02,22.08,3,0
CUST_4677,32,0,Male,Rural,Yearly,10.35,0,2023-04-21,8,266.83,9.77,31.33,7,0
CUST_4678,43,1,Male,Urban,Monthly,50.16,0,2018-11-19,61,442.30,8.92,25.50,8,0
CUST_4679,54,0,Male,Urban,Monthly,33.19,0,2019-09-17,51,537.17,10.09,20.92,5,0
CUST_468,43,1,Female,Urban,Prepaid,33.75,0,2022-09-02,15,611.79,9.25,19.75,7,0
CUST_4680,43,1,Male,Urban,Yearly,52.08,0,2019-06-06,54,212.80,10.30,25.08,6,0
CUST_4681,20,0,Female,Suburban,Monthly,49.78,0,2021-11-05,25,387.66,8.42,25.92,4,0
CUST_4682,43,1,Male,Suburban,Monthly,65.64,0,2020-11-21,37,465.59,10.69,27.17,4,0
CUST_4683,43,1,Female,Rural,Yearly,47.63,0,2022-03-01,21,418.89,8.82,30.25,5,0
CUST_4684,44,0,Male,Suburban,Yearly,75.09,0,2020-03-16,45,541.34,10.70,26.00,3,0
CUST_4685,43,1,Female,Rural,Monthly,55.96,0,2023-03-13,9,381.22,10.94,24.50,4,1
CUST_4686,53,0,Female,Urban,Monthly,42.12,0,2021-12-15,24,426.58,11.13,22.75,6,0
CUST_4687,51,0,Male,Urban,Monthly,48.69,0,2023-03-15,9,687.23,9.42,22.67,5,0
CUST_4688,43,1,Female,Rural,Monthly,69.31,0,2020-06-22,42,459.80,9.32,28.83,7,0
CUST_4689,43,1,Female,Urban,Yearly,71.30,0,2018-07-16,65,465.39,10.40,22.25,14,0
CUST_469,69,0,Female,Rural,Prepaid,53.83,0,2020-02-06,46,514.42,8.95,25.42,6,0
CUST_4690,41,0,Female,Rural,Prepaid,9.87,0,2023-05-30,7,401.10,10.88,19.75,8,0
CUST_4691,59,0,Male,Rural,Yearly,32.07,0,2022-05-19,19,490.00,8.53,26.17,2,0
CUST_4692,21,0,Female,Rural,Monthly,40.59,0,2020-12-10,36,476.48,8.55,23.25,6,0
CUST_4693,43,1,Female,Suburban,Prepaid,71.09,0,2019-07-16,53,494.47,11.05,22.83,4,0
CUST_4694,51,0,Male,Rural,Monthly,68.86,0,2019-03-19,57,630.34,9.05,17.33,3,0
CUST_4695,66,0,Female,Rural,Monthly,65.07,0,2018-05-23,67,513.87,9.66,26.67,4,0
CUST_4696,43,1,Female,Rural,Prepaid,67.03,0,2019-05-28,55,383.71,10.18,24.50,7,0
CUST_4697,69,0,Female,Suburban,Yearly,75.69,0,2018-12-24,60,461.68,9.57,35.25,9,1
CUST_4698,43,1,Male,Urban,Monthly,58.40,0,2022-02-27,22,460.60,10.47,28.92,6,1
CUST_4699,62,0,Female,Suburban,Monthly,66.34,0,2022-01-16,23,476.24,9.50,23.75,6,0
CUST_47,35,0,Male,Suburban,Monthly,35.74,0,2018-03-29,69,539.05,10.12,21.42,7,0
CUST_470,47,0,Female,Rural,Prepaid,48.46,0,2021-10-09,26,372.67,9.03,25.67,9,0
CUST_4700,43,1,Male,Rural,Yearly,56.48,0,2018-03-14,69,417.41,9.60,26.83,9,0
CUST_4701,43,1,Female,Suburban,Yearly,65.84,0,2019-07-17,53,379.40,11.49,22.00,4,0
CUST_4702,58,0,Female,Urban,Yearly,42.73,0,2022-06-24,18,497.18,10.02,29.08,1,0
CUST_4703,23,0,Female,Urban,Monthly,36.99,0,2019-05-19,55,619.04,10.16,28.42,2,0
CUST_4704,43,1,Female,Rural,Monthly,40.11,0,2023-03-17,9,669.01,10.43,21.08,3,0
CUST_4705,27,0,Male,Urban,Prepaid,45.87,0,2022-04-16,20,613.47,11.13,29.50,6,0
CUST_4706,57,0,Female,Suburban,Monthly,62.23,0,2022-09-06,15,536.69,8.97,30.17,5,0
CUST_4707,24,0,Male,Suburban,Yearly,74.74,0,2019-06-12,54,312.18,9.65,26.58,4,1
CUST_4708,43,1,Female,Urban,Monthly,40.92,0,2021-05-29,31,576.76,11.42,18.25,8,0
CUST_4709,55,0,Male,Rural,Prepaid,87.93,0,2020-05-09,43,613.89,9.84,20.33,4,0
CUST_471,64,0,Female,Rural,Monthly,51.39,0,2022-02-09,22,538.37,9.00,22.08,9,0
CUST_4710,38,0,Female,Rural,Prepaid,46.66,0,2023-05-17,7,388.34,10.88,22.92,6,0
CUST_4711,37,0,Female,Suburban,Yearly,50.29,0,2018-11-08,61,564.64,9.62,30.00,10,0
CUST_4712,20,0,Male,Urban,Yearly,54.30,0,2023-01-02,11,519.53,9.99,33.75,5,1
CUST_4713,68,0,Male,Suburban,Monthly,40.54,0,2023-03-16,9,385.88,8.44,27.00,12,0
CUST_4714,43,1,Male,Suburban,Monthly,42.50,0,2022-05-23,19,356.80,8.07,25.75,4,0
CUST_4715,64,0,Male,Suburban,Prepaid,45.44,0,2020-11-03,37,523.28,11.13,25.83,6,0
CUST_4716,43,1,Female,Rural,Monthly,32.38,0,2019-12-11,48,527.67,9.22,26.83,6,0
CUST_4717,45,0,Male,Urban,Monthly,37.70,0,2020-02-01,46,395.13,9.13,27.75,8,0
CUST_4718,29,0,Male,Urban,Monthly,48.84,0,2019-07-16,53,505.00,8.94,18.25,8,0
CUST_4719,55,0,Male,Rural,Prepaid,43.90,0,2020-08-16,40,697.81,11.31,22.08,3,0
CUST_472,52,0,Female,Suburban,Yearly,31.63,0,2022-08-03,16,471.86,11.20,28.25,4,0
CUST_4720,68,0,Female,Suburban,Monthly,40.27,0,2021-07-07,29,540.87,9.41,17.58,8,0
CUST_4721,43,1,Female,Suburban,Prepaid,65.38,0,2022-06-09,18,378.14,8.59,26.00,10,0
CUST_4722,64,0,Female,Rural,Yearly,23.73,0,2022-07-25,17,460.15,9.46,21.00,4,0
CUST_4723,43,1,Female,Urban,Yearly,58.78,0,2019-08-22,52,587.65,9.98,26.83,6,0
CUST_4724,22,0,Male,Rural,Yearly,52.26,0,2022-09-20,15,467.99,8.96,27.50,8,0
CUST_4725,43,1,Female,Urban,Yearly,54.25,0,2020-11-18,37,494.87,9.19,25.92,6,0
CUST_4726,43,1,Male,Urban,Monthly,31.58,0,2019-09-09,51,504.74,8.35,24.42,7,1
CUST_4727,67,0,Female,Urban,Prepaid,41.67,0,2021-12-18,24,514.01,11.18,13.25,5,0
CUST_4728,43,1,Male,Suburban,Monthly,55.88,0,2018-04-06,68,453.16,10.08,26.92,4,0
CUST_4729,43,1,Male,Suburban,Prepaid,41.89,0,2018-12-21,60,717.81,9.54,22.58,6,0
CUST_473,57,0,Male,Suburban,Prepaid,33.05,0,2022-04-03,20,380.98,10.10,24.58,7,0
CUST_4730,43,1,Male,Rural,Monthly,26.95,0,2020-04-07,44,475.23,7.91,20.92,5,0
CUST_4731,43,1,Male,Rural,Prepaid,45.96,0,2020-01-03,47,488.45,10.80,33.00,7,0
CUST_4732,43,1,Male,Suburban,Monthly,47.14,0,2018-05-14,67,677.20,9.66,26.17,3,0
CUST_4733,68,0,Female,Rural,Monthly,60.94,0,2022-08-06,16,543.06,10.77,18.17,2,0
CUST_4734,31,0,Male,Suburban,Prepaid,67.04,0,2019-01-11,59,390.98,8.87,20.83,7,0
CUST_4735,43,1,Male,Suburban,Prepaid,52.07,0,2019-04-09,56,497.44,9.81,18.33,6,0
CUST_4736,64,0,Male,Urban,Monthly,56.55,0,2018-03-22,69,622.82,11.80,27.92,5,0
CUST_4737,43,1,Male,Urban,Monthly,65.83,0,2018-11-01,61,266.18,9.31,25.17,7,1
CUST_4738,43,1,Female,Suburban,Monthly,47.18,0,2018-04-15,68,326.64,10.08,26.25,6,0
CUST_4739,43,1,Female,Urban,Prepaid,58.12,0,2023-03-08,9,611.73,8.95,24.92,7,0
CUST_474,43,1,Male,Suburban,Prepaid,44.81,0,2019-06-26,54,558.26,11.58,22.92,5,0
CUST_4740,39,0,Male,Suburban,Monthly,28.71,0,2020-06-13,42,294.90,8.60,18.50,5,0
CUST_4741,38,0,Male,Urban,Monthly,41.56,0,2020-10-21,38,472.19,8.31,16.25,6,0
CUST_4742,38,0,Male,Rural,Monthly,75.71,0,2019-08-20,52,413.68,9.46,23.42,4,0
CUST_4743,43,1,Male,Rural,Prepaid,65.37,0,2019-06-07,54,576.26,10.07,20.33,5,0
CUST_4744,66,0,Female,Suburban,Yearly,62.54,0,2021-12-18,24,439.83,8.54,24.33,7,0
CUST_4745,43,1,Female,Suburban,Prepaid,36.71,0,2021-01-08,35,547.45,10.18,19.58,8,0
CUST_4746,48,0,Male,Urban,Prepaid,27.15,0,2020-10-07,38,429.63,9.66,21.17,4,0
CUST_4747,59,0,Male,Urban,Monthly,35.62,0,2023-03-19,9,609.81,11.29,18.17,6,0
CUST_4748,43,1,Male,Suburban,Prepaid,51.55,0,2019-11-13,49,462.98,9.85,22.92,4,1
CUST_4749,43,1,Male,Rural,Yearly,57.97,0,2022-07-10,17,526.90,10.53,18.33,5,0
CUST_475,33,0,Female,Suburban,Prepaid,69.96,0,2023-10-01,2,485.72,10.26,25.00,4,0
CUST_4750,43,1,Male,Rural,Prepaid,73.76,0,2018-10-13,62,348.86,11.00,26.42,6,0
CUST_4751,43,1,Female,Suburban,Prepaid,31.93,0,2021-07-24,29,412.36,12.23,22.08,4,0
CUST_4752,34,0,Female,Rural,Prepaid,41.50,0,2023-03-26,9,628.34,9.51,27.58,8,0
CUST_4753,43,1,Male,Suburban,Monthly,74.49,0,2019-10-24,50,593.01,11.86,19.92,1,0
CUST_4754,49,0,Female,Urban,Prepaid,26.16,0,2019-12-25,48,419.28,10.33,23.67,8,0
CUST_4755,27,0,Female,Rural,Prepaid,53.29,0,2022-09-28,15,531.61,9.91,21.33,8,0
CUST_4756,39,0,Female,Rural,Prepaid,21.14,0,2021-01-05,35,546.35,8.85,22.25,2,0
CUST_4757,43,1,Male,Urban,Monthly,44.79,0,2022-09-05,15,544.87,10.80,25.33,5,0
CUST_4758,21,0,Female,Urban,Monthly,79.49,0,2022-06-04,18,438.57,10.97,22.42,7,0
CUST_4759,65,0,Female,Rural,Monthly,58.24,0,2019-03-23,57,521.33,8.55,24.25,9,0
CUST_476,30,0,Female,Suburban,Monthly,28.40,0,2020-09-04,39,347.84,9.07,14.58,9,0
CUST_4760,69,0,Male,Rural,Monthly,69.87,0,2019-06-08,54,522.82,11.38,22.25,3,0
CUST_4761,43,1,Female,Suburban,Prepaid,58.19,0,2018-11-18,61,532.81,12.00,26.92,6,0
CUST_4762,42,0,Male,Suburban,Yearly,57.93,0,2023-01-01,11,497.55,9.89,17.75,6,0
CUST_4763,43,1,Female,Rural,Monthly,25.52,0,2018-05-23,67,480.05,9.23,25.42,10,0
CUST_4764,54,0,Male,Suburban,Prepaid,80.98,0,2018-01-31,71,438.41,10.47,18.17,6,0
CUST_4765,43,1,Male,Urban,Monthly,74.46,0,2019-06-28,54,629.49,10.61,20.42,9,0
CUST_4766,66,0,Female,Suburban,Monthly,38.81,0,2021-02-10,34,495.09,10.61,19.42,8,0
CUST_4767,43,1,Female,Suburban,Prepaid,72.97,0,2019-11-01,49,486.62,10.93,21.75,9,0
CUST_4768,42,0,Male,Rural,Prepaid,65.96,0,2018-04-15,68,472.10,8.81,24.58,6,0
CUST_4769,68,0,Male,Suburban,Prepaid,59.81,0,2019-12-18,48,481.27,7.48,29.25,1,1
CUST_477,43,1,Male,Urban,Prepaid,75.21,0,2019-03-17,57,309.04,9.51,29.83,9,0
CUST_4770,43,1,Female,Rural,Yearly,53.19,0,2019-10-08,50,692.71,9.36,19.00,7,0
CUST_4771,34,0,Female,Rural,Prepaid,48.49,0,2020-05-05,43,458.14,9.50,28.58,4,0
CUST_4772,58,0,Female,Rural,Monthly,76.10,0,2020-02-04,46,341.50,9.71,28.83,10,0
CUST_4773,43,1,Female,Urban,Prepaid,52.02,0,2018-12-29,60,382.13,10.17,22.08,4,0
CUST_4774,43,1,Male,Suburban,Prepaid,57.08,0,2020-11-15,37,539.85,9.16,22.50,3,0
CUST_4775,57,0,Male,Suburban,Prepaid,74.86,0,2022-02-03,22,486.64,9.67,23.58,6,0
CUST_4776,32,0,Male,Suburban,Prepaid,67.44,0,2021-05-27,31,437.97,11.16,18.83,9,1
CUST_4777,49,0,Female,Rural,Prepaid,31.47,0,2020-08-14,40,454.77,10.40,26.25,7,0
CUST_4778,43,1,Female,Urban,Monthly,41.23,0,2021-11-19,25,628.90,11.02,22.08,7,0
CUST_4779,43,1,Male,Rural,Monthly,37.66,0,2021-11-22,25,382.12,7.98,20.17,7,0
CUST_478,43,1,Female,Suburban,Monthly,39.40,0,2019-09-20,51,613.31,10.42,31.08,6,0
CUST_4780,18,0,Male,Suburban,Monthly,56.68,0,2022-08-04,16,461.32,9.35,30.17,5,0
CUST_4781,64,0,Male,Rural,Prepaid,42.77,0,2022-10-14,14,569.60,10.95,27.75,6,0
CUST_4782,40,0,Male,Rural,Yearly,44.27,0,2023-01-17,11,492.09,9.88,22.25,2,0
CUST_4783,56,0,Male,Suburban,Yearly,46.48,0,2018-07-04,65,558.17,9.32,25.58,4,0
CUST_4784,43,1,Male,Rural,Prepaid,55.56,0,2022-11-26,13,383.65,9.84,22.00,5,0
CUST_4785,43,1,Female,Rural,Yearly,46.08,0,2021-12-28,24,289.97,11.15,31.00,2,0
CUST_4786,58,0,Male,Urban,Prepaid,64.53,0,2018-06-20,66,652.94,11.19,17.92,4,0
CUST_4787,46,0,Male,Rural,Monthly,33.64,0,2023-04-28,8,637.13,9.29,30.00,6,0
CUST_4788,26,0,Male,Urban,Prepaid,27.80,0,2022-02-05,22,528.46,10.61,24.92,6,1
CUST_4789,43,1,Male,Suburban,Monthly,40.21,0,2022-11-21,13,405.67,9.95,20.67,2,0
CUST_479,47,0,Male,Urban,Monthly,51.25,0,2019-07-15,53,272.83,10.19,25.75,6,0
CUST_4790,43,1,Male,Urban,Monthly,34.75,0,2023-06-15,6,486.52,9.95,21.92,6,0
CUST_4791,23,0,Male,Rural,Prepaid,50.84,0,2018-04-24,68,314.61,9.15,26.50,6,0
CUST_4792,43,1,Male,Suburban,Monthly,44.00,0,2018-10-12,62,391.95,9.87,21.00,6,0
CUST_4793,69,0,Female,Rural,Monthly,30.52,0,2018-03-04,69,515.70,9.08,18.50,6,0
CUST_4794,20,0,Male,Rural,Monthly,30.24,0,2019-07-17,53,473.30,8.93,18.67,7,0
CUST_4795,34,0,Female,Urban,Yearly,52.74,0,2021-11-24,25,435.11,8.35,28.67,4,0
CUST_4796,66,0,Female,Rural,Yearly,63.51,0,2020-05-09,43,417.48,7.79,27.25,8,0
CUST_4797,29,0,Female,Urban,Yearly,39.41,0,2021-03-31,33,560.21,10.36,24.17,6,0
CUST_4798,65,0,Male,Suburban,Yearly,48.69,0,2023-03-11,9,343.87,9.61,25.00,5,0
CUST_4799,64,0,Male,Suburban,Prepaid,40.37,0,2021-01-20,35,614.08,10.42,16.08,7,0
CUST_48,43,1,Male,Suburban,Monthly,59.76,0,2022-05-27,19,315.83,10.78,24.50,8,0
CUST_480,36,0,Female,Rural,Monthly,65.04,0,2022-07-03,17,664.17,10.58,18.83,6,0
CUST_4800,43,1,Male,Rural,Prepaid,47.72,0,2020-11-04,37,651.46,11.56,29.33,6,0
CUST_4801,43,1,Male,Urban,Prepaid,76.43,0,2018-06-30,66,430.68,11.05,23.08,6,0
CUST_4802,34,0,Male,Rural,Yearly,87.49,0,2018-08-17,64,497.20,10.39,25.58,13,0
CUST_4803,43,1,Male,Rural,Prepaid,43.31,0,2021-04-20,32,403.83,9.99,28.00,9,0
CUST_4804,43,0,Male,Rural,Prepaid,42.33,0,2020-11-15,37,622.31,9.31,22.92,2,0
CUST_4805,32,0,Male,Rural,Prepaid,56.48,0,2018-01-21,71,529.26,10.69,26.83,9,1
CUST_4806,53,0,Male,Urban,Prepaid,51.81,0,2021-08-04,28,383.46,7.17,30.67,6,0
CUST_4807,43,1,Male,Rural,Prepaid,60.22,0,2018-04-01,68,597.17,10.20,23.67,10,0
CUST_4808,49,0,Female,Suburban,Monthly,48.13,0,2022-06-25,18,665.96,9.48,25.58,5,0
CUST_4809,21,0,Male,Urban,Prepaid,47.27,0,2023-05-19,7,481.83,9.86,20.42,9,0
CUST_481,43,1,Female,Rural,Yearly,44.67,0,2018-03-19,69,529.64,10.60,19.92,6,0
CUST_4810,35,0,Male,Rural,Monthly,56.62,0,2021-07-28,29,402.30,9.26,18.92,6,0
CUST_4811,66,0,Male,Urban,Yearly,53.63,0,2020-11-18,37,364.37,9.42,27.42,3,0
CUST_4812,43,1,Female,Rural,Monthly,42.77,0,2018-09-17,63,419.01,9.49,23.83,8,0
CUST_4813,60,0,Male,Suburban,Prepaid,51.86,0,2019-04-11,56,729.15,9.19,32.17,4,0
CUST_4814,69,0,Male,Suburban,Yearly,51.90,0,2021-07-17,29,414.22,10.00,24.92,1,0
CUST_4815,43,1,Female,Suburban,Monthly,8.61,0,2018-09-13,63,617.26,9.25,27.08,4,0
CUST_4816,57,0,Male,Urban,Prepaid,49.14,0,2020-10-11,38,586.52,7.64,19.17,5,0
CUST_4817,43,1,Female,Suburban,Monthly,63.55,0,2019-02-15,58,454.31,11.10,21.83,5,0
CUST_4818,50,0,Female,Rural,Monthly,43.42,0,2019-09-16,51,486.79,10.23,37.75,1,0
CUST_4819,31,0,Female,Rural,Monthly,38.84,0,2018-05-10,67,456.75,10.89,21.50,7,0
CUST_482,36,0,Male,Rural,Prepaid,46.35,0,2022-06-18,18,362.82,9.40,25.83,6,0
CUST_4820,43,1,Female,Rural,Prepaid,38.90,0,2022-05-13,19,420.43,8.78,24.33,9,0
CUST_4821,21,0,Male,Urban,Monthly,54.93,0,2020-01-16,47,530.46,10.65,32.67,3,0
CUST_4822,41,0,Female,Urban,Monthly,35.20,0,2019-05-24,55,444.42,10.47,27.75,8,0
CUST_4823,46,0,Female,Suburban,Prepaid,53.57,0,2023-06-17,6,478.98,10.27,26.58,3,0
CUST_4824,43,1,Male,Urban,Monthly,52.38,0,2018-08-01,64,480.93,9.71,20.08,1,1
CUST_4825,23,0,Male,Rural,Prepaid,29.99,0,2020-05-23,43,413.53,10.24,26.58,2,0
CUST_4826,50,0,Male,Rural,Monthly,64.18,0,2019-11-12,49,631.74,9.12,32.00,6,0
CUST_4827,66,0,Female,Rural,Prepaid,68.77,0,2022-02-08,22,637.24,9.69,25.33,5,0
CUST_4828,43,1,Male,Urban,Prepaid,53.77,0,2022-08-28,16,375.77,10.78,27.33,5,0
CUST_4829,36,0,Female,Rural,Yearly,50.58,0,2021-10-31,26,536.09,10.00,23.00,7,0
CUST_483,43,1,Female,Rural,Yearly,71.70,0,2022-01-28,23,355.73,9.76,24.83,5,0
CUST_4830,18,0,Female,Suburban,Monthly,42.49,0,2019-07-09,53,499.58,10.10,21.33,4,0
CUST_4831,22,0,Male,Urban,Prepaid,43.06,0,2020-02-16,46,395.98,11.02,20.42,8,0
CUST_4832,44,0,Male,Rural,Monthly,43.50,0,2021-11-26,25,426.92,9.17,21.67,1,0
CUST_4833,33,0,Male,Rural,Monthly,61.15,0,2019-11-20,49,492.45,10.16,20.75,5,0
CUST_4834,23,0,Male,Urban,Yearly,58.59,0,2023-03-17,9,477.86,10.52,18.50,3,0
CUST_4835,43,1,Male,Urban,Monthly,20.43,0,2018-09-15,63,350.99,10.26,17.75,7,0
CUST_4836,30,0,Male,Suburban,Monthly,27.78,0,2018-04-03,68,605.99,10.40,24.25,9,0
CUST_4837,65,0,Female,Urban,Yearly,37.57,0,2020-12-19,36,456.21,10.82,21.58,8,0
CUST_4838,43,1,Female,Rural,Monthly,43.03,0,2022-12-04,12,463.24,10.57,27.25,4,0
CUST_4839,36,0,Male,Suburban,Prepaid,56.47,0,2022-08-10,16,517.21,9.72,24.58,5,0
CUST_484,43,1,Male,Rural,Prepaid,66.45,0,2018-12-05,60,523.80,10.17,20.67,5,0
CUST_4840,43,1,Female,Rural,Monthly,41.91,0,2023-04-24,8,438.07,9.38,24.83,9,0
CUST_4841,43,1,Female,Rural,Monthly,56.28,0,2022-08-15,16,614.41,9.80,25.58,3,0
CUST_4842,43,1,Female,Rural,Monthly,73.95,0,2020-06-25,42,498.61,8.98,28.83,5,0
CUST_4843,27,0,Female,Urban,Prepaid,41.26,0,2022-09-11,15,408.54,11.73,22.83,5,0
CUST_4844,42,0,Female,Urban,Monthly,36.27,0,2020-03-18,45,566.11,9.36,28.17,5,0
CUST_4845,43,1,Female,Rural,Prepaid,33.09,0,2020-05-20,43,686.91,9.95,26.83,6,0
CUST_4846,48,0,Male,Urban,Prepaid,34.48,0,2021-11-05,25,623.84,9.65,24.58,5,0
CUST_4847,43,1,Male,Rural,Prepaid,58.32,0,2023-02-13,10,464.08,8.76,29.92,6,0
CUST_4848,43,1,Male,Urban,Monthly,61.38,0,2020-07-26,41,576.13,10.18,24.50,7,0
CUST_4849,40,0,Female,Urban,Prepaid,59.40,0,2019-11-18,49,485.75,10.62,22.83,4,0
CUST_485,54,0,Male,Suburban,Prepaid,60.51,0,2018-10-13,62,502.46,9.11,22.42,5,0
CUST_4850,19,0,Male,Urban,Monthly,34.26,0,2022-05-10,19,615.54,10.83,27.75,10,0
CUST_4851,43,1,Male,Suburban,Monthly,44.25,0,2020-08-04,40,439.90,8.97,19.25,12,0
CUST_4852,68,0,Male,Urban,Monthly,44.29,0,2022-12-08,12,581.37,9.62,26.42,9,0
CUST_4853,54,0,Female,Suburban,Monthly,75.75,0,2020-01-23,47,599.21,11.00,27.67,9,0
CUST_4854,25,0,Male,Suburban,Prepaid,54.44,0,2021-10-22,26,562.17,9.84,24.58,4,0
CUST_4855,24,0,Female,Suburban,Prepaid,51.66,0,2020-03-16,45,584.79,8.76,21.67,4,0
CUST_4856,43,1,Male,Rural,Yearly,54.17,0,2023-03-28,9,513.02,9.56,21.08,4,0
CUST_4857,20,0,Male,Urban,Monthly,43.56,0,2019-07-16,53,541.19,8.68,22.17,11,0
CUST_4858,43,1,Male,Rural,Monthly,56.05,0,2020-09-29,39,394.24,10.21,26.00,8,0
CUST_4859,33,0,Female,Suburban,Monthly,42.82,0,2020-01-01,47,597.38,10.88,25.75,6,0
CUST_486,43,1,Male,Suburban,Monthly,47.81,0,2020-04-18,44,516.87,9.45,24.67,7,0
CUST_4860,36,0,Female,Urban,Prepaid,71.42,0,2022-01-03,23,406.22,8.94,22.08,4,1
CUST_4861,43,1,Female,Rural,Monthly,36.93,0,2019-04-14,56,425.20,8.07,24.50,3,0
CUST_4862,35,0,Female,Suburban,Prepaid,52.83,0,2023-06-04,6,654.44,9.26,17.83,10,1
CUST_4863,43,1,Female,Rural,Yearly,60.06,0,2019-12-17,48,430.14,9.32,21.17,4,0
CUST_4864,43,1,Male,Rural,Prepaid,48.80,0,2022-02-28,22,414.34,10.86,15.67,6,0
CUST_4865,25,0,Male,Urban,Monthly,51.91,0,2023-01-10,11,479.91,9.19,27.92,9,0
CUST_4866,50,0,Female,Urban,Prepaid,46.98,0,2020-05-29,43,387.39,9.26,19.83,3,0
CUST_4867,43,1,Female,Rural,Yearly,36.30,0,2022-03-14,21,523.33,9.16,24.08,5,0
CUST_4868,43,1,Male,Urban,Yearly,76.01,0,2019-08-20,52,324.26,9.61,30.17,3,0
CUST_4869,28,0,Female,Urban,Prepaid,44.62,0,2022-06-12,18,449.66,8.78,32.92,5,0
CUST_487,43,1,Female,Suburban,Monthly,48.85,0,2022-05-08,19,537.74,9.88,17.92,4,1
CUST_4870,22,0,Male,Rural,Prepaid,30.42,0,2022-07-29,17,505.43,9.45,20.67,5,0
CUST_4871,43,1,Female,Urban,Prepaid,39.15,0,2019-07-08,53,470.86,11.39,28.00,10,0
CUST_4872,29,0,Male,Urban,Monthly,69.93,0,2018-12-30,60,418.88,10.16,26.08,7,0
CUST_4873,34,0,Female,Suburban,Prepaid,84.16,0,2022-03-20,21,571.22,9.73,31.25,10,0
CUST_4874,23,0,Female,Urban,Monthly,55.58,0,2020-03-21,45,471.58,11.66,22.83,7,0
CUST_4875,43,1,Male,Suburban,Prepaid,61.85,0,2021-08-06,28,488.20,8.94,25.25,11,0
CUST_4876,43,1,Male,Rural,Monthly,77.70,0,2020-03-06,45,577.88,9.87,24.83,5,0
CUST_4877,45,0,Female,Suburban,Monthly,35.59,0,2018-12-26,60,327.21,9.89,23.50,5,0
CUST_4878,43,1,Female,Rural,Monthly,55.89,0,2023-01-28,11,317.12,12.50,25.08,5,0
CUST_4879,22,0,Male,Urban,Monthly,77.40,0,2019-06-18,54,641.98,9.79,24.17,6,0
CUST_488,26,0,Male,Rural,Yearly,33.92,0,2020-02-06,46,420.91,10.02,24.25,5,0
CUST_4880,50,0,Female,Urban,Prepaid,62.59,0,2020-03-25,45,622.98,11.20,23.83,5,0
CUST_4881,43,1,Male,Suburban,Monthly,45.92,0,2023-01-07,11,476.88,10.26,21.08,8,1
CUST_4882,65,0,Male,Rural,Monthly,55.43,0,2023-01-13,11,386.48,8.93,29.75,9,0
CUST_4883,58,0,Female,Urban,Monthly,77.94,0,2019-10-31,50,395.48,7.73,27.58,12,0
CUST_4884,43,1,Male,Suburban,Prepaid,52.27,0,2023-05-15,7,405.68,9.77,18.67,7,0
CUST_4885,39,0,Male,Suburban,Monthly,36.14,0,2018-07-01,65,550.03,10.02,15.42,7,0
CUST_4886,22,0,Female,Suburban,Yearly,59.17,0,2018-03-09,69,613.92,8.67,27.58,9,0
CUST_4887,19,0,Male,Urban,Yearly,36.45,0,2019-08-04,52,601.07,9.68,23.83,5,0
CUST_4888,43,1,Male,Rural,Monthly,38.99,0,2023-01-26,11,588.03,9.93,34.33,6,0
CUST_4889,43,1,Male,Urban,Monthly,43.02,0,2022-06-10,18,446.05,11.61,22.75,10,0
CUST_489,43,1,Male,Rural,Prepaid,45.74,0,2022-02-27,22,375.58,8.69,27.33,5,0
CUST_4890,56,0,Male,Urban,Prepaid,49.72,0,2021-09-25,27,528.80,11.27,25.50,8,0
CUST_4891,43,1,Female,Rural,Prepaid,37.32,0,2019-05-26,55,516.70,9.93,21.42,7,0
CUST_4892,50,0,Male,Suburban,Monthly,56.16,0,2019-10-11,50,478.88,10.19,18.75,5,0
CUST_4893,43,1,Female,Urban,Prepaid,44.79,0,2021-02-07,34,464.16,10.63,21.08,7,0
CUST_4894,37,0,Male,Suburban,Prepaid,62.28,0,2019-11-05,49,627.24,9.60,32.25,6,0
CUST_4895,24,0,Female,Suburban,Yearly,50.61,0,2022-07-14,17,378.48,9.98,19.42,6,0
CUST_4896,32,0,Male,Rural,Yearly,47.69,0,2021-10-17,26,431.00,11.24,30.92,5,0
CUST_4897,40,0,Female,Rural,Yearly,48.28,0,2021-03-15,33,654.64,8.96,31.25,4,0
CUST_4898,31,0,Male,Rural,Prepaid,71.90,0,2021-03-08,33,592.21,10.70,28.42,4,0
CUST_4899,40,0,Male,Suburban,Yearly,63.24,0,2018-06-26,66,497.09,9.04,27.92,8,0
CUST_49,43,1,Female,Urban,Yearly,60.89,0,2019-11-18,49,440.93,10.54,19.42,4,0
CUST_490,18,0,Female,Urban,Yearly,51.01,0,2020-08-12,40,447.44,9.25,26.08,5,0
CUST_4900,36,0,Male,Suburban,Prepaid,28.57,0,2019-02-11,58,498.78,12.31,23.67,4,0
CUST_4901,46,0,Male,Urban,Monthly,42.51,0,2020-02-25,46,582.27,9.28,24.58,6,0
CUST_4902,37,0,Female,Suburban,Monthly,51.45,0,2020-12-12,36,581.49,8.45,30.08,13,0
CUST_4903,46,0,Female,Rural,Monthly,17.36,0,2022-12-25,12,342.73,11.53,17.08,5,0
CUST_4904,41,0,Male,Rural,Yearly,56.43,0,2018-10-28,62,373.85,10.42,21.08,8,1
CUST_4905,35,0,Female,Rural,Prepaid,37.27,0,2018-10-29,62,481.27,8.80,21.00,3,0
CUST_4906,27,0,Male,Rural,Monthly,38.98,0,2023-06-14,6,638.42,10.69,28.42,4,0
CUST_4907,58,0,Male,Suburban,Prepaid,39.47,0,2020-08-12,40,458.06,8.85,18.33,8,0
CUST_4908,25,0,Female,Rural,Yearly,68.88,0,2018-03-29,69,466.51,8.83,26.25,6,0
CUST_4909,43,1,Female,Urban,Monthly,59.14,0,2022-12-29,12,309.46,10.81,19.92,4,0
CUST_491,18,0,Female,Suburban,Prepaid,49.50,0,2020-12-06,36,722.97,9.87,21.42,8,0
CUST_4910,46,0,Female,Suburban,Monthly,43.24,0,2022-03-25,21,493.74,9.78,22.33,7,0
CUST_4911,27,0,Male,Rural,Monthly,41.57,0,2021-06-08,30,591.58,11.10,24.08,3,0
CUST_4912,43,1,Male,Urban,Monthly,52.47,0,2019-10-24,50,323.04,10.64,19.83,4,0
CUST_4913,19,0,Female,Rural,Monthly,73.93,0,2021-06-10,30,536.72,9.17,19.00,7,0
CUST_4914,23,0,Male,Suburban,Prepaid,46.15,0,2021-10-08,26,560.34,10.32,16.75,10,0
CUST_4915,43,1,Female,Suburban,Monthly,22.06,0,2021-03-06,33,547.54,11.24,22.50,8,0
CUST_4916,43,1,Female,Urban,Yearly,52.52,0,2022-08-17,16,482.18,10.59,24.25,6,0
CUST_4917,58,0,Female,Suburban,Yearly,54.10,0,2021-02-19,34,508.79,10.09,31.08,7,0
CUST_4918,22,0,Female,Urban,Prepaid,55.54,0,2018-01-11,71,401.08,9.37,32.00,5,0
CUST_4919,43,1,Female,Rural,Prepaid,247.15,0,2018-05-31,67,603.08,10.79,19.83,5,0
CUST_492,43,1,Female,Rural,Prepaid,54.44,0,2021-03-22,33,542.03,10.90,17.17,6,0
CUST_4920,43,0,Female,Suburban,Monthly,52.05,0,2022-02-21,22,406.90,9.05,21.00,1,0
CUST_4921,37,0,Male,Rural,Monthly,35.29,0,2019-03-15,57,594.13,9.57,19.67,7,1
CUST_4922,43,1,Male,Rural,Prepaid,66.36,0,2022-05-04,19,498.44,8.99,22.50,9,0
CUST_4923,66,0,Female,Suburban,Monthly,42.14,0,2018-09-06,63,214.87,9.05,23.67,9,0
CUST_4924,44,0,Female,Rural,Yearly,46.13,0,2022-08-09,16,586.15,10.09,20.33,8,0
CUST_4925,66,0,Female,Urban,Monthly,55.90,0,2019-07-16,53,365.99,10.92,20.58,4,0
CUST_4926,29,0,Male,Urban,Prepaid,53.18,0,2023-02-24,10,403.22,8.11,18.67,7,0
CUST_4927,24,0,Female,Urban,Yearly,73.64,0,2018-04-02,68,434.01,8.85,27.00,5,0
CUST_4928,43,1,Female,Suburban,Monthly,69.64,0,2018-01-27,71,418.45,10.72,28.83,9,0
CUST_4929,27,0,Female,Rural,Monthly,42.60,0,2022-04-05,20,606.59,12.08,29.00,7,0
CUST_493,43,1,Female,Rural,Prepaid,66.67,0,2022-09-14,15,502.35,9.57,23.25,4,0
CUST_4930,43,1,Male,Rural,Prepaid,79.67,0,2023-01-12,11,507.77,9.60,20.92,4,0
CUST_4931,42,0,Female,Rural,Monthly,64.24,0,2018-01-20,71,552.86,8.84,23.33,9,0
CUST_4932,52,0,Male,Rural,Monthly,51.95,0,2023-05-11,7,395.07,10.89,24.00,5,0
CUST_4933,43,1,Male,Urban,Monthly,40.06,0,2020-01-02,47,604.31,8.30,26.50,8,0
CUST_4934,19,0,Female,Suburban,Prepaid,49.03,0,2020-11-03,37,456.24,10.79,26.67,6,0
CUST_4935,41,0,Male,Urban,Monthly,21.25,0,2019-12-12,48,565.35,9.74,22.17,9,0
CUST_4936,27,0,Male,Urban,Prepaid,58.15,0,2019-02-07,58,377.46,8.58,23.58,4,0
CUST_4937,55,0,Male,Suburban,Prepaid,30.21,0,2019-06-04,54,422.02,8.97,25.58,1,0
CUST_4938,39,0,Female,Suburban,Monthly,57.32,0,2019-12-12,48,542.94,9.01,20.75,9,0
CUST_4939,43,1,Male,Urban,Yearly,42.81,0,2018-04-01,68,450.35,10.09,26.08,5,0
CUST_494,43,1,Female,Rural,Monthly,27.33,0,2020-01-22,47,578.17,8.82,29.75,3,0
CUST_4940,43,1,Female,Rural,Prepaid,51.91,0,2021-09-14,27,419.27,9.88,26.58,4,0
CUST_4941,56,0,Female,Suburban,Prepaid,40.76,0,2019-01-03,59,519.74,7.91,25.25,8,0
CUST_4942,44,0,Female,Suburban,Monthly,39.17,0,2018-09-12,63,530.05,9.35,19.50,10,0
CUST_4943,46,0,Male,Urban,Monthly,61.01,0,2021-12-04,24,582.78,9.75,30.08,4,0
CUST_4944,43,1,Female,Rural,Monthly,40.62,0,2019-09-11,51,620.58,11.50,22.92,6,0
CUST_4945,55,0,Male,Suburban,Prepaid,36.47,0,2019-08-10,52,530.26,10.81,23.67,7,0
CUST_4946,37,0,Male,Urban,Prepaid,34.25,0,2020-11-08,37,492.57,9.95,15.58,6,0
CUST_4947,44,0,Male,Suburban,Monthly,62.82,0,2022-05-28,19,420.76,9.94,26.25,3,0
CUST_4948,58,0,Male,Rural,Monthly,33.21,0,2021-04-23,32,399.29,9.59,21.83,4,0
CUST_4949,43,1,Female,Urban,Yearly,50.08,0,2020-08-07,40,568.07,10.32,31.17,3,1
CUST_495,65,0,Female,Urban,Monthly,40.50,0,2021-12-16,24,397.49,10.07,29.83,10,1
CUST_4950,61,0,Female,Urban,Monthly,83.19,0,2018-09-18,63,287.11,9.38,23.75,10,0
CUST_4951,43,1,Male,Rural,Monthly,39.67,0,2022-06-10,18,552.53,10.79,21.25,4,0
CUST_4952,43,1,Female,Urban,Yearly,38.28,0,2021-09-04,27,616.71,11.03,25.17,4,0
CUST_4953,43,1,Female,Rural,Prepaid,66.30,0,2018-06-17,66,529.17,9.84,27.50,2,0
CUST_4954,64,0,Female,Urban,Monthly,32.20,0,2019-12-22,48,609.35,8.95,22.00,5,0
CUST_4955,19,0,Male,Rural,Prepaid,66.28,0,2022-07-01,17,671.42,11.45,23.67,3,0
CUST_4956,47,0,Female,Suburban,Prepaid,44.29,0,2022-08-05,16,515.93,9.79,26.33,6,0
CUST_4957,51,0,Male,Suburban,Prepaid,63.54,0,2023-06-05,6,452.68,8.81,30.08,9,0
CUST_4958,43,1,Female,Suburban,Prepaid,56.58,0,2022-09-15,15,681.03,10.18,28.08,7,0
CUST_4959,20,0,Male,Urban,Yearly,58.62,0,2022-06-20,18,484.72,11.05,15.58,2,0
CUST_496,42,0,Male,Rural,Monthly,67.17,0,2022-12-16,12,357.65,9.73,22.25,7,0
CUST_4960,23,0,Male,Rural,Monthly,43.36,0,2022-11-20,13,479.62,10.65,23.75,5,0
CUST_4961,32,0,Male,Rural,Yearly,44.12,0,2023-04-07,8,491.58,10.18,24.75,4,0
CUST_4962,43,1,Female,Suburban,Monthly,42.18,0,2018-12-24,60,471.91,10.41,22.58,3,0
CUST_4963,27,0,Male,Suburban,Monthly,69.93,0,2019-04-03,56,504.62,9.83,29.67,8,0
CUST_4964,26,0,Female,Suburban,Prepaid,50.09,0,2020-05-28,43,554.96,10.94,26.67,9,0
CUST_4965,43,1,Male,Rural,Monthly,79.23,0,2018-12-11,60,433.03,9.87,22.00,10,0
CUST_4966,49,0,Female,Suburban,Monthly,53.47,0,2022-06-10,18,492.87,9.67,27.50,11,0
CUST_4967,65,0,Male,Urban,Prepaid,47.23,0,2023-02-18,10,631.93,8.22,29.92,9,0
CUST_4968,23,0,Female,Suburban,Monthly,46.76,0,2019-02-03,58,564.57,9.78,24.42,2,0
CUST_4969,43,1,Male,Suburban,Prepaid,39.54,0,2022-01-27,23,529.16,9.51,19.17,7,0
CUST_497,57,0,Female,Urban,Prepaid,86.99,0,2022-07-13,17,546.55,9.92,27.83,10,0
CUST_4970,53,0,Male,Rural,Monthly,53.36,0,2019-12-17,48,408.07,10.39,23.25,4,0
CUST_4971,19,0,Male,Urban,Monthly,48.67,0,2020-07-06,41,519.29,11.17,29.75,8,0
CUST_4972,46,0,Female,Rural,Yearly,40.79,0,2023-06-11,6,441.48,9.89,24.92,5,0
CUST_4973,43,1,Male,Urban,Prepaid,49.11,0,2018-02-13,70,413.85,11.60,21.58,4,0
CUST_4974,18,0,Male,Urban,Monthly,42.49,0,2019-07-12,53,700.43,10.21,26.50,6,0
CUST_4975,36,0,Male,Suburban,Monthly,54.30,0,2018-01-10,71,417.72,9.52,21.92,7,1
CUST_4976,43,0,Male,Suburban,Prepaid,60.73,0,2023-02-03,10,652.38,9.77,24.58,4,0
CUST_4977,42,0,Female,Rural,Monthly,40.59,0,2019-10-31,50,432.59,9.18,24.25,5,0
CUST_4978,27,0,Male,Rural,Prepaid,43.15,0,2019-03-09,57,462.99,10.75,24.08,6,0
CUST_4979,43,1,Male,Rural,Prepaid,36.44,0,2018-04-04,68,562.73,9.16,22.00,9,0
CUST_498,43,1,Male,Urban,Prepaid,33.89,0,2021-11-28,25,583.03,10.99,27.25,7,0
CUST_4980,39,0,Female,Urban,Prepaid,67.01,0,2021-11-04,25,500.32,9.40,21.33,6,0
CUST_4981,43,1,Female,Rural,Yearly,23.38,0,2021-03-08,33,344.10,10.27,24.42,8,0
CUST_4982,43,1,Female,Urban,Prepaid,40.12,0,2022-10-11,14,537.94,10.29,25.50,7,0
CUST_4983,38,0,Male,Urban,Monthly,60.64,0,2019-02-22,58,430.09,7.72,26.17,7,0
CUST_4984,43,1,Female,Urban,Prepaid,40.53,0,2022-11-22,13,528.00,9.24,33.50,5,0
CUST_4985,53,0,Female,Urban,Prepaid,39.98,0,2020-08-17,40,523.00,9.26,27.50,4,0
CUST_4986,51,0,Female,Urban,Prepaid,60.09,0,2022-08-23,16,486.79,8.57,29.17,4,0
CUST_4987,47,0,Male,Suburban,Monthly,15.99,0,2020-04-25,44,397.73,11.17,32.25,5,0
CUST_4988,42,0,Male,Urban,Prepaid,50.44,0,2022-01-26,23,593.56,10.76,18.67,8,0
CUST_4989,62,0,Male,Urban,Prepaid,41.75,0,2021-03-02,33,492.35,7.10,21.92,9,0
CUST_499,18,0,Female,Suburban,Prepaid,40.62,0,2022-05-04,19,496.28,9.77,30.33,4,0
CUST_4990,43,1,Female,Suburban,Yearly,42.05,0,2019-07-12,53,425.36,11.48,23.42,6,0
CUST_4991,43,1,Male,Suburban,Monthly,66.01,0,2020-08-06,40,457.65,11.46,29.42,4,0
CUST_4992,43,1,Female,Suburban,Prepaid,49.69,0,2020-06-14,42,546.16,8.29,23.67,6,0
CUST_4993,62,0,Female,Rural,Monthly,32.69,0,2020-02-11,46,582.00,9.80,20.58,7,0
CUST_4994,21,0,Female,Rural,Prepaid,27.81,0,2019-06-15,54,342.85,7.84,14.75,6,0
CUST_4995,24,0,Male,Urban,Monthly,49.09,0,2020-07-10,41,485.76,10.83,23.83,4,0
CUST_4996,66,0,Female,Urban,Prepaid,29.34,0,2020-12-02,36,517.80,11.08,24.92,7,0
CUST_4997,26,0,Female,Urban,Prepaid,68.09,0,2021-06-26,30,452.28,10.65,26.83,6,0
CUST_4998,43,1,Male,Urban,Prepaid,33.44,0,2022-07-02,17,439.10,11.64,25.17,2,0
CUST_4999,43,1,Female,Suburban,Prepaid,49.82,0,2018-03-12,69,621.08,10.45,26.25,7,0
CUST_5,25,0,Female,Urban,Prepaid,44.77,0,2022-08-02,16,506.60,10.31,21.58,8,0
CUST_50,31,0,Male,Rural,Prepaid,62.75,0,2018-06-12,66,436.07,10.95,22.08,9,0
CUST_500,43,1,Male,Rural,Monthly,30.37,0,2021-04-29,32,433.71,10.87,29.83,6,0
CUST_5000,18,0,Female,Rural,Yearly,20.82,0,2021-05-23,31,558.97,8.03,28.50,6,0
CUST_5001,27,0,Female,Suburban,Prepaid,21.57,0,2021-04-14,32,416.65,9.10,30.17,5,0
CUST_5002,53,0,Male,Rural,Prepaid,46.86,0,2022-12-15,12,505.41,8.66,28.50,5,0
CUST_5003,26,0,Female,Suburban,Monthly,97.98,0,2019-03-26,57,551.08,9.85,28.25,2,0
CUST_5004,62,0,Male,Urban,Monthly,41.57,0,2022-11-16,13,369.95,10.14,25.50,2,1
CUST_5005,63,0,Male,Rural,Prepaid,60.36,0,2018-02-09,70,550.27,10.20,26.33,6,0
CUST_5006,59,0,Female,Urban,Prepaid,42.60,0,2022-05-25,19,536.47,10.99,19.00,4,0
CUST_5007,49,0,Female,Rural,Prepaid,65.25,0,2019-02-06,58,738.07,10.46,28.83,5,1
CUST_5008,49,0,Female,Rural,Prepaid,48.62,0,2018-06-28,66,569.86,10.36,27.58,1,0
CUST_5009,43,1,Female,Urban,Prepaid,31.30,0,2020-07-31,41,497.62,10.67,21.17,5,1
CUST_501,43,1,Male,Urban,Monthly,19.45,0,2022-01-20,23,539.37,9.55,24.83,7,0
CUST_5010,65,0,Male,Urban,Prepaid,46.26,0,2021-10-24,26,659.71,10.27,19.08,3,0
CUST_5011,43,1,Male,Urban,Monthly,23.28,0,2021-10-23,26,537.06,10.16,26.83,11,0
CUST_5012,43,1,Female,Suburban,Yearly,36.67,0,2020-09-27,39,601.99,11.00,16.67,11,0
CUST_5013,27,0,Male,Rural,Monthly,55.72,0,2020-11-22,37,565.42,8.35,28.00,5,0
CUST_5014,67,0,Female,Rural,Prepaid,40.18,0,2022-12-03,12,618.46,9.11,22.83,9,0
CUST_5015,43,1,Female,Rural,Monthly,43.47,0,2018-07-25,65,443.03,9.21,28.75,10,0
CUST_5016,67,0,Female,Urban,Monthly,64.08,0,2023-03-12,9,544.19,9.65,27.08,9,0
CUST_5017,52,0,Female,Rural,Yearly,42.48,0,2021-10-13,26,532.93,9.23,23.92,8,0
CUST_5018,69,0,Male,Rural,Monthly,57.68,0,2019-10-11,50,418.96,10.10,32.17,4,0
CUST_5019,38,0,Male,Urban,Monthly,41.06,0,2022-08-14,16,407.86,10.01,25.58,6,0
CUST_502,43,1,Female,Rural,Monthly,54.12,0,2023-03-03,9,512.57,11.53,21.75,6,0
CUST_5020,42,0,Female,Urban,Prepaid,63.75,0,2018-04-28,68,560.97,10.89,21.25,5,0
CUST_5021,45,0,Female,Rural,Monthly,69.64,0,2021-09-11,27,516.18,9.76,22.08,2,0
CUST_5022,43,1,Male,Suburban,Prepaid,20.48,0,2019-08-25,52,561.33,8.24,30.75,11,0
CUST_5023,32,0,Male,Urban,Prepaid,35.23,0,2018-06-16,66,300.22,12.47,20.92,5,0
CUST_5024,21,0,Male,Suburban,Prepaid,46.47,0,2019-08-24,52,629.44,8.61,19.83,7,0
CUST_5025,46,0,Female,Suburban,Monthly,39.73,0,2020-10-31,38,539.76,8.26,29.58,6,0
CUST_5026,26,0,Male,Suburban,Monthly,62.87,0,2018-09-01,63,489.39,9.88,28.17,5,0
CUST_5027,43,1,Female,Suburban,Yearly,53.29,0,2020-07-21,41,409.31,10.24,25.58,2,0
CUST_5028,43,0,Female,Urban,Prepaid,35.81,0,2023-01-14,11,604.21,10.74,18.08,7,1
CUST_5029,36,0,Male,Rural,Prepaid,71.26,0,2021-01-04,35,514.89,11.61,20.92,4,0
CUST_503,43,1,Female,Suburban,Yearly,58.91,0,2023-05-24,7,525.18,9.92,24.50,5,0
CUST_5030,45,0,Female,Rural,Yearly,70.98,0,2018-12-30,60,500.49,8.85,33.92,5,0
CUST_5031,43,1,Male,Urban,Yearly,30.04,0,2020-07-09,41,626.80,10.18,24.17,6,0
CUST_5032,43,1,Female,Urban,Monthly,40.92,0,2021-12-14,24,507.30,9.79,23.83,5,1
CUST_5033,58,0,Female,Suburban,Prepaid,62.52,0,2021-10-26,26,351.11,8.90,28.67,9,0
CUST_5034,59,0,Female,Suburban,Monthly,63.93,0,2018-09-01,63,399.29,8.51,18.83,9,0
CUST_5035,43,1,Female,Urban,Prepaid,71.06,0,2019-10-13,50,451.29,10.67,21.58,4,0
CUST_5036,37,0,Female,Rural,Yearly,87.08,0,2022-08-23,16,422.28,9.00,34.33,8,0
CUST_5037,43,1,Female,Suburban,Monthly,56.27,0,2020-04-29,44,378.10,10.34,19.67,10,0
CUST_5038,57,0,Male,Urban,Prepaid,69.15,0,2020-12-14,36,517.31,10.35,27.67,0,0
CUST_5039,43,1,Male,Urban,Yearly,90.06,0,2019-11-24,49,454.03,9.26,23.25,5,0
CUST_504,46,0,Male,Suburban,Prepaid,45.51,0,2018-07-29,65,534.36,9.88,29.50,9,0
CUST_5040,66,0,Female,Urban,Monthly,49.78,0,2021-07-16,29,303.40,9.85,19.33,6,1
CUST_5041,40,0,Male,Suburban,Yearly,38.24,0,2018-07-23,65,603.60,9.49,13.83,6,1
CUST_5042,64,0,Female,Urban,Yearly,53.82,0,2019-02-25,58,272.98,10.75,25.83,6,1
CUST_5043,49,0,Male,Rural,Prepaid,73.90,0,2020-03-15,45,582.77,9.29,26.17,12,0
CUST_5044,69,0,Male,Urban,Prepaid,77.20,0,2019-04-15,56,660.30,9.97,20.25,5,0
CUST_5045,64,0,Female,Suburban,Monthly,52.20,0,2020-11-16,37,444.67,10.85,27.33,6,0
CUST_5046,43,1,Male,Rural,Yearly,47.52,0,2021-10-20,26,432.20,9.24,28.75,10,0
CUST_5047,63,0,Female,Rural,Yearly,30.89,0,2019-02-24,58,572.21,12.05,30.17,6,0
CUST_5048,43,1,Male,Urban,Monthly,51.20,0,2022-07-16,17,392.47,11.02,25.67,6,0
CUST_5049,60,0,Female,Urban,Prepaid,32.32,0,2021-02-11,34,633.09,8.79,25.92,3,0
CUST_505,20,0,Female,Urban,Prepaid,45.64,0,2022-09-23,15,398.41,11.07,20.92,5,0
CUST_5050,43,1,Male,Rural,Prepaid,35.42,0,2018-12-19,60,511.43,9.44,17.17,6,0
CUST_5051,51,0,Female,Urban,Monthly,53.54,0,2021-02-04,34,674.39,10.84,25.00,3,0
CUST_5052,57,0,Male,Suburban,Monthly,30.84,0,2021-11-24,25,456.65,10.08,25.75,7,1
CUST_5053,28,0,Female,Rural,Monthly,55.33,0,2022-07-31,17,292.13,10.59,28.00,1,0
CUST_5054,67,0,Male,Urban,Monthly,64.23,0,2019-09-28,51,529.22,10.57,22.42,2,0
CUST_5055,20,0,Female,Rural,Monthly,34.20,0,2019-07-15,53,317.13,9.45,30.50,6,0
CUST_5056,50,0,Male,Urban,Yearly,41.16,0,2018-06-15,66,555.52,8.45,22.75,8,0
CUST_5057,43,1,Female,Urban,Prepaid,28.30,0,2020-02-01,46,519.89,8.21,19.17,8,0
CUST_5058,43,1,Male,Suburban,Prepaid,58.90,0,2020-09-12,39,475.54,11.06,20.25,5,0
CUST_5059,35,0,Female,Urban,Monthly,27.68,0,2020-08-02,40,558.32,9.29,20.00,6,0
CUST_506,43,1,Female,Suburban,Monthly,48.33,0,2021-01-04,35,499.96,9.35,25.08,8,0
CUST_5060,47,0,Female,Urban,Yearly,60.49,0,2020-03-17,45,412.76,9.28,17.67,0,0
CUST_5061,65,0,Female,Urban,Prepaid,54.35,0,2018-10-12,62,511.23,10.46,22.17,4,0
CUST_5062,27,0,Female,Suburban,Prepaid,82.38,0,2019-07-04,53,603.17,9.65,23.17,5,0
CUST_5063,35,0,Male,Urban,Prepaid,75.08,0,2020-04-13,44,488.97,10.33,29.58,8,0
CUST_5064,43,1,Male,Urban,Prepaid,32.19,0,2022-11-03,13,288.41,8.48,29.08,6,0
CUST_5065,36,0,Male,Urban,Prepaid,77.38,0,2019-01-03,59,446.07,8.46,26.33,4,0
CUST_5066,43,1,Female,Rural,Monthly,41.98,0,2018-06-21,66,454.61,9.51,26.42,5,0
CUST_5067,43,1,Female,Suburban,Prepaid,37.90,0,2020-12-11,36,296.86,9.35,20.83,5,1
CUST_5068,63,0,Female,Rural,Monthly,211.90,0,2018-04-21,68,536.01,7.78,27.50,4,0
CUST_5069,20,0,Female,Suburban,Prepaid,45.68,0,2021-10-18,26,539.76,10.40,24.08,3,0
CUST_507,43,1,Male,Suburban,Monthly,41.47,0,2023-06-21,6,445.88,9.84,25.83,5,0
CUST_5070,43,1,Female,Suburban,Prepaid,82.39,0,2021-08-30,28,607.45,9.63,29.75,5,0
CUST_5071,55,0,Male,Rural,Monthly,7.77,0,2020-04-21,44,535.35,12.04,16.67,3,0
CUST_5072,43,1,Male,Suburban,Monthly,77.78,0,2023-03-20,9,551.72,9.99,29.33,7,0
CUST_5073,44,0,Male,Suburban,Prepaid,62.44,0,2023-05-18,7,598.83,10.31,20.33,10,0
CUST_5074,63,0,Female,Rural,Yearly,52.52,0,2023-06-05,6,498.94,10.66,18.92,6,0
CUST_5075,25,0,Female,Urban,Prepaid,41.02,0,2018-04-25,68,287.92,9.23,29.33,3,0
CUST_5076,43,1,Female,Suburban,Prepaid,48.61,0,2021-11-04,25,594.16,8.55,23.25,5,0
CUST_5077,63,0,Female,Rural,Monthly,62.77,0,2021-02-14,34,533.13,10.74,19.58,2,0
CUST_5078,59,0,Female,Suburban,Yearly,64.43,0,2018-04-06,68,572.14,10.00,27.25,4,0
CUST_5079,43,1,Female,Rural,Monthly,37.53,0,2022-01-20,23,363.81,9.28,25.17,7,0
CUST_508,43,1,Male,Suburban,Monthly,49.35,0,2023-06-22,6,606.14,9.25,19.92,7,0
CUST_5080,43,1,Female,Urban,Prepaid,61.60,0,2019-04-03,56,232.03,8.25,23.92,6,0
CUST_5081,23,0,Male,Suburban,Monthly,41.18,0,2020-08-02,40,420.40,9.86,23.50,3,0
CUST_5082,60,0,Male,Urban,Prepaid,47.36,0,2020-02-21,46,562.55,8.56,21.58,6,0
CUST_5083,43,1,Female,Urban,Monthly,69.69,0,2018-04-26,68,452.71,9.61,15.33,12,0
CUST_5084,56,0,Female,Rural,Prepaid,61.90,0,2023-06-23,6,557.01,9.36,21.50,5,0
CUST_5085,66,0,Female,Suburban,Yearly,25.72,0,2021-06-15,30,575.20,8.50,26.42,6,1
CUST_5086,43,1,Male,Suburban,Prepaid,52.02,0,2023-01-25,11,599.24,10.26,27.42,6,0
CUST_5087,43,1,Male,Suburban,Yearly,56.29,0,2020-05-25,43,455.75,9.91,24.08,5,1
CUST_5088,43,1,Female,Suburban,Prepaid,52.23,0,2020-06-11,42,706.64,9.06,25.83,7,0
CUST_5089,26,0,Male,Suburban,Yearly,12.25,0,2023-01-25,11,433.54,11.09,27.42,2,0
CUST_509,68,0,Male,Rural,Yearly,70.80,0,2020-05-03,43,632.47,10.18,24.17,5,0
CUST_5090,35,0,Male,Rural,Prepaid,29.68,0,2021-05-16,31,576.34,8.97,20.92,5,0
CUST_5091,38,0,Male,Suburban,Prepaid,23.40,0,2019-01-13,59,473.02,8.99,22.75,3,0
CUST_5092,19,0,Female,Urban,Prepaid,40.49,0,2019-12-27,48,510.58,9.10,22.33,7,0
CUST_5093,60,0,Male,Urban,Yearly,52.07,0,2019-06-28,54,557.21,9.87,26.00,7,0
CUST_5094,55,0,Male,Suburban,Prepaid,42.17,0,2019-01-07,59,431.21,9.91,31.83,1,0
CUST_5095,43,1,Female,Rural,Prepaid,40.69,0,2021-09-06,27,595.78,10.82,23.00,6,0
CUST_5096,43,1,Female,Rural,Prepaid,23.88,0,2021-12-07,24,561.79,11.91,23.00,2,0
CUST_5097,43,1,Male,Suburban,Yearly,31.27,0,2022-02-22,22,393.83,10.27,23.17,5,0
CUST_5098,60,0,Female,Urban,Prepaid,35.67,0,2018-08-23,64,443.29,10.19,26.92,4,0
CUST_5099,43,1,Male,Suburban,Prepaid,63.22,0,2019-12-10,48,528.11,7.94,18.33,3,0
CUST_51,67,0,Male,Suburban,Prepaid,61.29,0,2022-05-30,19,485.37,9.73,29.50,10,0
CUST_510,54,0,Female,Rural,Monthly,37.59,0,2021-09-02,27,483.68,10.35,23.92,5,0
CUST_5100,43,1,Male,Suburban,Yearly,56.47,0,2020-09-15,39,467.84,11.00,26.33,9,0
CUST_5101,45,0,Female,Suburban,Yearly,61.76,0,2020-07-11,41,368.45,10.89,26.83,3,0
CUST_5102,35,0,Female,Rural,Prepaid,56.93,0,2021-03-11,33,604.07,9.60,24.83,7,0
CUST_5103,51,0,Male,Rural,Yearly,62.33,0,2020-06-27,42,518.64,10.65,20.08,8,0
CUST_5104,43,1,Female,Urban,Prepaid,29.51,0,2019-06-26,54,495.58,9.78,21.83,11,0
CUST_5105,28,0,Female,Urban,Prepaid,70.04,0,2020-03-13,45,402.21,9.26,25.67,13,0
CUST_5106,30,0,Male,Suburban,Yearly,65.72,0,2023-05-18,7,315.61,9.11,26.33,4,0
CUST_5107,43,1,Male,Urban,Monthly,44.39,0,2023-02-01,10,629.07,10.32,24.25,10,1
CUST_5108,39,0,Male,Suburban,Prepaid,64.55,0,2020-12-01,36,522.85,10.76,21.50,9,0
CUST_5109,24,0,Male,Urban,Prepaid,68.24,0,2019-03-20,57,519.74,10.24,19.08,13,0
CUST_511,43,1,Female,Urban,Prepaid,45.75,0,2019-03-24,57,521.76,9.43,25.33,5,0
CUST_5110,60,0,Male,Suburban,Prepaid,49.21,0,2019-09-30,51,526.04,8.81,22.75,8,1
CUST_5111,43,1,Male,Rural,Monthly,58.06,0,2019-03-06,57,615.48,10.20,24.83,6,0
CUST_5112,21,0,Female,Suburban,Yearly,42.21,0,2020-02-04,46,547.20,8.08,20.17,4,0
CUST_5113,45,0,Female,Rural,Prepaid,69.80,0,2022-12-21,12,462.02,8.28,24.50,7,0
CUST_5114,43,1,Male,Rural,Yearly,43.22,0,2022-06-07,18,659.86,10.23,17.42,7,0
CUST_5115,43,1,Female,Urban,Prepaid,54.71,0,2022-12-17,12,335.51,8.37,21.58,11,0
CUST_5116,43,1,Female,Urban,Monthly,49.35,0,2022-06-12,18,490.32,10.41,28.42,8,0
CUST_5117,43,1,Male,Rural,Prepaid,41.26,0,2023-03-02,9,494.72,10.23,24.17,4,0
CUST_5118,55,0,Female,Suburban,Monthly,24.43,0,2019-09-05,51,510.73,8.45,19.17,10,0
CUST_5119,43,1,Female,Suburban,Prepaid,63.29,0,2023-05-25,7,654.20,9.18,29.67,2,0
CUST_512,46,0,Female,Urban,Prepaid,48.09,0,2021-05-05,31,576.33,11.08,24.33,10,0
CUST_5120,43,1,Male,Urban,Yearly,49.47,0,2020-03-25,45,409.16,9.43,23.67,7,0
CUST_5121,43,1,Female,Suburban,Prepaid,77.48,0,2019-06-25,54,472.50,10.82,18.92,3,0
CUST_5122,43,1,Female,Suburban,Prepaid,68.25,0,2023-02-06,10,620.49,11.70,19.08,4,0
CUST_5123,43,1,Male,Suburban,Yearly,68.04,0,2022-02-26,22,652.04,10.96,19.92,7,0
CUST_5124,65,0,Female,Rural,Monthly,61.00,0,2019-04-11,56,505.30,10.23,21.83,9,0
CUST_5125,43,1,Female,Rural,Prepaid,61.31,0,2022-07-12,17,490.30,11.47,23.17,9,0
CUST_5126,22,0,Female,Suburban,Monthly,52.35,0,2020-01-21,47,393.87,10.24,23.75,6,0
CUST_5127,66,0,Male,Urban,Yearly,62.37,0,2022-09-10,15,579.92,9.24,19.17,6,0
CUST_5128,27,0,Male,Suburban,Monthly,43.28,0,2020-04-15,44,679.34,10.62,32.75,5,0
CUST_5129,45,0,Female,Urban,Prepaid,13.37,0,2021-03-30,33,556.55,11.41,26.50,11,0
CUST_513,43,1,Female,Suburban,Monthly,41.49,0,2020-02-08,46,487.22,10.25,23.67,5,1
CUST_5130,43,1,Female,Rural,Prepaid,60.62,0,2020-03-24,45,527.07,9.22,20.92,7,0
CUST_5131,43,1,Male,Suburban,Yearly,60.95,0,2021-01-11,35,493.77,8.15,21.58,4,0
CUST_5132,43,1,Male,Suburban,Prepaid,30.18,0,2018-11-01,61,480.28,9.41,23.25,6,0
CUST_5133,20,0,Female,Urban,Monthly,57.71,0,2022-08-24,16,457.31,10.31,21.17,6,0
CUST_5134,62,0,Male,Urban,Monthly,57.47,0,2018-07-16,65,378.24,10.57,21.50,9,0
CUST_5135,43,1,Female,Suburban,Prepaid,66.19,0,2021-06-15,30,434.96,9.78,28.00,6,0
CUST_5136,37,0,Female,Suburban,Prepaid,48.41,0,2021-02-27,34,380.56,10.60,26.25,5,0
CUST_5137,36,0,Male,Urban,Yearly,27.17,0,2020-03-05,45,489.82,10.77,22.67,6,0
CUST_5138,52,0,Male,Rural,Prepaid,42.74,0,2020-03-24,45,632.97,10.03,28.08,1,0
CUST_5139,21,0,Female,Urban,Monthly,42.69,0,2022-06-13,18,349.05,10.73,23.50,11,0
CUST_514,45,0,Male,Suburban,Monthly,51.02,0,2018-12-12,60,619.37,9.50,26.50,5,0
CUST_5140,22,0,Female,Suburban,Yearly,48.24,0,2018-05-01,67,387.98,8.86,26.42,5,0
CUST_5141,43,1,Male,Rural,Prepaid,51.83,0,2021-05-17,31,536.92,8.03,22.25,4,0
CUST_5142,43,1,Female,Rural,Prepaid,46.44,0,2021-02-26,34,522.61,9.00,28.08,8,0
CUST_5143,29,0,Male,Rural,Yearly,55.94,0,2019-08-11,52,602.28,10.73,27.83,6,1
CUST_5144,44,0,Male,Rural,Monthly,33.53,0,2018-07-30,65,719.29,8.15,19.67,6,0
CUST_5145,43,1,Male,Suburban,Prepaid,55.40,0,2019-06-12,54,405.19,11.05,25.08,2,0
CUST_5146,40,0,Male,Rural,Prepaid,38.62,0,2022-09-12,15,572.52,7.98,25.33,9,0
CUST_5147,42,0,Male,Urban,Monthly,46.98,0,2018-02-04,70,653.40,9.60,18.42,8,0
CUST_5148,38,0,Female,Urban,Monthly,22.57,0,2018-01-22,71,413.85,9.33,19.58,6,0
CUST_5149,69,0,Male,Urban,Monthly,64.16,0,2022-09-04,15,504.08,9.73,30.67,6,0
CUST_515,22,0,Female,Urban,Prepaid,12.50,0,2019-04-01,56,520.51,10.40,32.33,5,0
CUST_5150,41,0,Male,Suburban,Yearly,45.41,0,2018-04-19,68,298.69,10.61,27.92,4,0
CUST_5151,43,1,Male,Rural,Monthly,55.08,0,2018-05-24,67,536.61,10.60,19.58,5,0
CUST_5152,43,1,Male,Urban,Yearly,37.68,0,2021-02-17,34,288.99,9.42,24.42,8,0
CUST_5153,43,1,Male,Urban,Monthly,41.60,0,2021-10-07,26,596.44,10.70,27.42,5,0
CUST_5154,49,0,Male,Urban,Prepaid,35.51,0,2018-07-30,65,517.54,10.15,18.58,3,0
CUST_5155,49,0,Male,Rural,Monthly,52.38,0,2023-02-11,10,485.25,9.66,27.08,4,0
CUST_5156,43,1,Female,Urban,Monthly,58.63,0,2020-11-06,37,313.40,10.46,31.92,7,0
CUST_5157,43,1,Female,Rural,Prepaid,34.98,0,2019-02-02,58,388.11,10.70,29.33,3,0
CUST_5158,43,1,Female,Rural,Prepaid,52.10,0,2022-01-04,23,466.18,8.91,21.33,7,0
CUST_5159,59,0,Female,Rural,Monthly,46.33,0,2019-01-31,59,668.25,12.13,17.50,9,0
CUST_516,43,1,Male,Suburban,Prepaid,58.59,0,2019-05-22,55,408.84,10.02,21.92,5,0
CUST_5160,66,0,Male,Suburban,Monthly,52.91,0,2022-08-01,16,469.45,10.79,24.25,4,0
CUST_5161,59,0,Female,Suburban,Yearly,36.52,0,2021-04-14,32,298.16,10.08,21.42,11,0
CUST_5162,43,1,Male,Rural,Yearly,56.98,0,2018-01-07,71,589.83,9.99,22.58,4,0
CUST_5163,33,0,Female,Rural,Prepaid,45.82,0,2020-02-02,46,324.14,10.37,29.92,4,0
CUST_5164,50,0,Female,Suburban,Monthly,47.92,0,2019-11-01,49,376.56,10.29,20.42,8,0
CUST_5165,66,0,Male,Suburban,Prepaid,85.11,0,2020-11-30,37,506.08,10.17,21.50,5,0
CUST_5166,43,1,Male,Rural,Prepaid,23.57,0,2018-05-02,67,687.85,8.88,33.42,9,0
CUST_5167,26,0,Female,Suburban,Prepaid,58.10,0,2020-07-25,41,632.74,9.66,26.83,6,0
CUST_5168,23,0,Female,Urban,Monthly,56.53,0,2023-06-03,6,591.19,9.17,20.67,4,0
CUST_5169,68,0,Female,Rural,Prepaid,59.46,0,2018-01-15,71,396.90,8.76,32.75,9,0
CUST_517,43,1,Female,Urban,Monthly,35.42,0,2019-11-24,49,573.70,10.45,20.33,4,0
CUST_5170,43,1,Female,Rural,Prepaid,58.79,0,2022-09-04,15,304.62,10.12,28.17,4,0
CUST_5171,52,0,Male,Suburban,Prepaid,52.90,0,2020-11-22,37,329.15,7.72,24.25,8,0
CUST_5172,43,1,Female,Urban,Prepaid,56.13,0,2018-08-23,64,439.42,10.08,27.58,3,0
CUST_5173,39,0,Female,Suburban,Yearly,90.29,0,2022-05-08,19,455.04,8.89,17.83,3,0
CUST_5174,58,0,Female,Urban,Yearly,47.42,0,2018-01-19,71,410.51,8.85,22.92,4,0
CUST_5175,43,1,Female,Urban,Monthly,47.26,0,2019-02-10,58,467.76,10.23,25.33,4,0
CUST_5176,59,0,Female,Rural,Monthly,33.99,0,2018-06-26,66,495.71,11.56,18.50,4,0
CUST_5177,43,1,Male,Urban,Monthly,37.63,0,2021-10-06,26,412.30,10.68,26.33,4,0
CUST_5178,34,0,Male,Rural,Monthly,53.35,0,2021-08-08,28,641.55,10.89,24.42,8,0
CUST_5179,29,0,Male,Urban,Monthly,55.53,0,2019-02-18,58,588.15,10.44,24.75,4,0
CUST_518,47,0,Female,Rural,Monthly,37.39,0,2022-09-21,15,426.33,9.57,16.92,10,0
CUST_5180,43,1,Male,Rural,Prepaid,48.31,0,2018-04-10,68,430.92,11.33,29.67,8,0
CUST_5181,33,0,Male,Urban,Prepaid,59.79,0,2022-05-06,19,398.15,9.24,17.17,8,0
CUST_5182,43,1,Female,Suburban,Prepaid,43.99,0,2019-05-27,55,443.89,8.93,26.25,3,0
CUST_5183,47,0,Male,Urban,Prepaid,87.28,0,2022-11-14,13,491.09,9.02,17.67,6,0
CUST_5184,39,0,Male,Suburban,Prepaid,52.29,0,2020-02-10,46,514.89,11.12,20.50,10,0
CUST_5185,26,0,Female,Urban,Monthly,60.11,0,2018-03-04,69,553.69,10.77,27.17,6,0
CUST_5186,46,0,Male,Urban,Monthly,52.42,0,2021-02-09,34,493.66,10.40,29.75,7,0
CUST_5187,43,1,Male,Rural,Prepaid,40.97,0,2020-01-27,47,386.70,9.71,18.17,9,0
CUST_5188,54,0,Male,Urban,Prepaid,42.39,0,2022-04-29,20,576.97,9.46,18.17,5,0
CUST_5189,40,0,Male,Urban,Monthly,32.80,0,2020-12-26,36,398.90,8.58,24.50,8,1
CUST_519,63,0,Male,Suburban,Prepaid,47.49,0,2018-03-13,69,557.51,7.83,29.17,5,0
CUST_5190,43,1,Female,Urban,Prepaid,24.16,0,2021-09-21,27,396.67,10.93,24.67,10,0
CUST_5191,49,0,Female,Suburban,Prepaid,64.25,0,2018-09-06,63,504.89,10.80,16.83,4,1
CUST_5192,63,0,Male,Rural,Yearly,40.86,0,2022-12-25,12,566.08,9.12,19.25,5,0
CUST_5193,69,0,Female,Rural,Monthly,49.04,0,2022-11-13,13,506.01,9.29,22.33,4,0
CUST_5194,64,0,Male,Urban,Yearly,72.99,0,2022-10-05,14,586.71,10.69,24.83,8,0
CUST_5195,65,0,Female,Urban,Yearly,67.53,0,2019-08-21,52,589.54,9.44,28.67,11,0
CUST_5196,40,0,Female,Suburban,Yearly,52.25,0,2023-02-17,10,596.52,8.36,26.08,9,0
CUST_5197,62,0,Female,Urban,Prepaid,46.84,0,2023-03-21,9,497.54,9.43,27.08,8,0
CUST_5198,43,1,Female,Rural,Prepaid,47.70,0,2021-09-03,27,457.19,10.33,21.92,11,0
CUST_5199,43,1,Female,Rural,Prepaid,83.04,0,2023-04-07,8,454.86,8.67,27.17,5,0
CUST_52,26,0,Female,Urban,Prepaid,51.22,0,2022-01-01,23,405.45,10.74,25.92,3,0
CUST_520,69,0,Female,Suburban,Monthly,29.15,0,2019-02-26,58,346.88,9.67,28.50,7,0
CUST_5200,38,0,Female,Suburban,Prepaid,52.59,0,2019-04-09,56,511.79,9.48,28.92,5,0
CUST_5201,19,0,Female,Suburban,Monthly,94.88,0,2023-01-14,11,589.72,8.43,27.33,8,0
CUST_5202,43,1,Female,Rural,Monthly,30.49,0,2021-11-01,25,295.59,7.81,20.42,5,0
CUST_5203,23,0,Female,Suburban,Yearly,50.70,0,2020-11-04,37,505.25,9.76,27.17,5,0
CUST_5204,61,0,Female,Urban,Yearly,67.49,0,2021-11-11,25,626.25,9.55,26.42,5,0
CUST_5205,43,1,Female,Urban,Monthly,66.20,0,2020-02-22,46,442.71,9.59,26.92,5,0
CUST_5206,47,0,Male,Suburban,Monthly,59.47,0,2021-09-17,27,587.60,11.27,24.17,6,0
CUST_5207,39,0,Female,Rural,Prepaid,40.85,0,2019-10-08,50,333.11,10.20,14.75,7,0
CUST_5208,50,0,Male,Suburban,Monthly,30.30,0,2021-08-09,28,465.51,9.98,20.58,4,0
CUST_5209,43,1,Female,Rural,Yearly,47.32,0,2020-05-19,43,405.07,10.05,22.58,7,0
CUST_521,22,0,Female,Suburban,Prepaid,69.97,0,2021-04-26,32,475.76,8.93,22.17,3,0
CUST_5210,34,0,Male,Suburban,Prepaid,65.65,0,2019-08-18,52,553.24,10.26,25.83,5,0
CUST_5211,60,0,Male,Suburban,Monthly,75.50,0,2018-03-19,69,587.20,9.87,27.17,7,0
CUST_5212,49,0,Male,Suburban,Yearly,51.66,0,2022-06-18,18,477.73,9.89,27.42,6,0
CUST_5213,43,1,Female,Urban,Prepaid,48.53,0,2022-02-22,22,386.21,9.66,21.92,7,0
CUST_5214,68,0,Female,Urban,Yearly,53.13,0,2018-07-13,65,574.41,10.34,24.50,2,0
CUST_5215,31,0,Female,Rural,Prepaid,53.30,0,2021-07-09,29,426.97,10.23,29.33,7,0
CUST_5216,27,0,Female,Suburban,Yearly,67.80,0,2018-11-08,61,518.91,8.29,21.58,8,0
CUST_5217,64,0,Male,Urban,Prepaid,44.47,0,2019-01-13,59,676.66,11.87,31.42,7,1
CUST_5218,68,0,Female,Suburban,Prepaid,48.23,0,2023-05-20,7,441.31,10.41,29.67,5,0
CUST_5219,53,0,Female,Rural,Prepaid,56.93,0,2019-10-13,50,392.37,9.12,28.67,2,0
CUST_522,29,0,Male,Rural,Yearly,37.64,0,2020-08-12,40,385.76,8.28,19.42,6,0
CUST_5220,51,0,Female,Urban,Monthly,40.52,0,2018-07-06,65,569.72,8.64,23.42,7,0
CUST_5221,43,1,Female,Rural,Yearly,36.21,0,2020-03-16,45,443.84,10.01,25.92,7,0
CUST_5222,59,0,Female,Urban,Monthly,71.05,0,2018-06-04,66,395.92,8.40,23.75,8,0
CUST_5223,45,0,Female,Suburban,Yearly,49.64,0,2018-03-06,69,466.27,8.92,25.42,7,0
CUST_5224,43,1,Female,Rural,Yearly,316.80,0,2021-02-09,34,483.06,8.66,22.75,9,1
CUST_5225,43,1,Female,Urban,Prepaid,60.35,0,2019-07-31,53,484.03,10.22,27.58,5,0
CUST_5226,56,0,Male,Urban,Monthly,29.37,0,2023-06-10,6,588.10,10.25,25.08,2,0
CUST_5227,43,1,Male,Suburban,Prepaid,40.21,0,2018-06-25,66,490.66,9.43,27.92,3,0
CUST_5228,36,0,Female,Rural,Monthly,50.96,0,2021-05-19,31,517.06,8.40,23.67,10,0
CUST_5229,32,0,Female,Rural,Prepaid,46.39,0,2019-09-26,51,520.37,9.60,29.25,4,0
CUST_523,33,0,Female,Rural,Prepaid,89.49,0,2020-12-19,36,437.93,9.19,22.83,4,0
CUST_5230,45,0,Female,Rural,Prepaid,53.67,0,2021-04-28,32,465.32,11.40,23.58,2,0
CUST_5231,43,1,Female,Suburban,Monthly,52.78,0,2021-09-01,27,564.70,11.52,19.25,11,0
CUST_5232,25,0,Male,Urban,Prepaid,61.78,0,2022-02-24,22,468.69,10.82,29.67,7,0
CUST_5233,43,1,Male,Urban,Monthly,49.35,0,2021-06-19,30,450.56,8.80,22.75,9,0
CUST_5234,26,0,Female,Rural,Yearly,51.04,0,2018-03-04,69,567.86,11.63,23.58,9,0
CUST_5235,43,1,Male,Urban,Prepaid,28.44,0,2022-08-02,16,537.71,10.09,21.17,8,0
CUST_5236,43,1,Male,Rural,Monthly,40.98,0,2018-04-03,68,530.99,11.08,27.92,7,0
CUST_5237,50,0,Female,Suburban,Monthly,41.73,0,2021-11-18,25,552.86,10.52,22.75,3,0
CUST_5238,36,0,Female,Suburban,Prepaid,43.34,0,2021-10-05,26,291.74,10.03,19.17,6,0
CUST_5239,43,1,Female,Suburban,Monthly,44.43,0,2021-01-29,35,428.09,9.97,29.17,3,0
CUST_524,43,1,Male,Suburban,Monthly,59.45,0,2020-08-28,40,443.99,11.30,29.42,8,0
CUST_5240,43,1,Male,Rural,Prepaid,59.00,0,2021-07-13,29,296.03,11.10,24.50,9,0
CUST_5241,57,0,Male,Urban,Prepaid,76.58,0,2021-01-23,35,581.97,8.78,26.33,9,0
CUST_5242,43,1,Female,Suburban,Prepaid,29.75,0,2018-04-16,68,620.18,10.97,27.08,5,0
CUST_5243,59,0,Female,Rural,Monthly,47.00,0,2020-05-22,43,738.84,9.85,23.25,9,1
CUST_5244,18,0,Male,Rural,Monthly,37.01,0,2021-05-20,31,484.14,8.40,29.08,10,0
CUST_5245,46,0,Male,Suburban,Prepaid,29.92,0,2019-11-09,49,357.36,9.12,23.58,8,0
CUST_5246,67,0,Female,Suburban,Prepaid,42.08,0,2019-11-27,49,550.29,9.76,26.25,6,0
CUST_5247,51,0,Male,Suburban,Yearly,34.21,0,2022-05-19,19,450.00,8.68,24.08,1,1
CUST_5248,43,1,Female,Urban,Yearly,53.49,0,2023-06-16,6,588.59,10.55,24.67,5,0
CUST_5249,30,0,Female,Urban,Monthly,47.56,0,2021-11-14,25,552.35,9.20,22.58,3,0
CUST_525,43,0,Male,Urban,Monthly,41.48,0,2019-02-02,58,422.37,10.12,20.08,3,1
CUST_5250,43,1,Male,Rural,Prepaid,45.52,0,2022-12-09,12,528.96,8.40,24.17,9,0
CUST_5251,43,1,Male,Suburban,Prepaid,54.62,0,2018-11-01,61,309.51,8.90,26.33,8,0
CUST_5252,46,0,Male,Suburban,Yearly,28.52,0,2018-04-22,68,577.15,9.68,24.17,9,0
CUST_5253,65,0,Female,Urban,Prepaid,34.81,0,2021-05-09,31,639.67,10.65,28.25,8,0
CUST_5254,64,0,Female,Suburban,Prepaid,55.33,0,2021-08-15,28,482.77,11.25,22.92,3,0
CUST_5255,43,1,Female,Rural,Monthly,34.65,0,2020-02-18,46,415.25,9.91,25.00,6,0
CUST_5256,65,0,Female,Suburban,Monthly,19.37,0,2018-04-04,68,569.87,9.66,25.25,5,0
CUST_5257,43,1,Female,Urban,Monthly,74.04,0,2023-02-02,10,466.78,10.37,30.00,10,0
CUST_5258,46,0,Female,Rural,Prepaid,55.13,0,2019-08-26,52,496.46,11.31,24.92,6,0
CUST_5259,56,0,Male,Rural,Monthly,65.24,0,2020-09-30,39,629.91,9.07,22.58,4,0
CUST_526,65,0,Male,Rural,Prepaid,45.40,0,2020-12-23,36,489.49,9.16,26.58,4,0
CUST_5260,43,1,Female,Suburban,Monthly,39.12,0,2018-04-04,68,442.03,10.01,31.17,1,0
CUST_5261,43,0,Female,Rural,Monthly,29.26,0,2022-08-31,16,646.45,9.92,23.75,3,0
CUST_5262,34,0,Female,Suburban,Prepaid,54.32,0,2018-08-10,64,517.74,11.49,27.33,3,0
CUST_5263,24,0,Female,Suburban,Monthly,33.47,0,2022-02-08,22,506.88,9.45,19.75,7,0
CUST_5264,30,0,Male,Urban,Monthly,65.29,0,2019-09-03,51,513.30,9.56,14.17,6,0
CUST_5265,22,0,Female,Rural,Monthly,53.58,0,2020-03-03,45,351.00,10.63,27.67,9,0
CUST_5266,43,1,Male,Suburban,Monthly,52.93,0,2018-01-22,71,391.09,8.03,19.58,5,0
CUST_5267,43,1,Male,Suburban,Prepaid,53.09,0,2022-06-03,18,443.31,10.72,25.17,6,0
CUST_5268,20,0,Female,Suburban,Prepaid,80.51,0,2021-11-10,25,545.64,10.79,26.42,4,0
CUST_5269,24,0,Female,Rural,Prepaid,59.82,0,2020-12-16,36,634.73,10.57,16.00,5,0
CUST_527,38,0,Male,Suburban,Monthly,52.23,0,2022-05-27,19,415.20,10.33,23.17,6,0
CUST_5270,66,0,Male,Rural,Prepaid,46.96,0,2020-05-07,43,434.79,10.00,20.67,0,0
CUST_5271,56,0,Male,Rural,Monthly,52.05,0,2021-01-05,35,447.55,9.23,26.42,6,0
CUST_5272,18,0,Female,Suburban,Monthly,36.95,0,2018-01-06,71,458.52,9.67,25.75,8,0
CUST_5273,43,1,Male,Rural,Prepaid,42.14,0,2020-05-10,43,578.90,11.78,32.75,4,0
CUST_5274,34,0,Female,Suburban,Yearly,68.77,0,2021-02-07,34,678.01,8.33,25.08,5,0
CUST_5275,60,0,Female,Rural,Prepaid,50.64,0,2022-08-21,16,591.02,11.04,29.08,7,0
CUST_5276,42,0,Male,Rural,Prepaid,61.44,0,2020-01-01,47,438.45,10.40,29.25,2,0
CUST_5277,20,0,Female,Suburban,Prepaid,36.66,0,2021-04-17,32,555.43,11.00,29.42,5,0
CUST_5278,32,0,Female,Rural,Monthly,62.70,0,2021-12-29,24,464.15,8.23,26.75,7,0
CUST_5279,43,1,Female,Suburban,Monthly,47.03,0,2022-01-25,23,570.72,11.43,29.33,4,0
CUST_528,56,0,Female,Suburban,Prepaid,75.48,0,2022-10-20,14,527.72,10.19,25.33,5,0
CUST_5280,43,1,Male,Rural,Yearly,53.41,0,2022-04-18,20,469.84,9.26,21.50,5,0
CUST_5281,43,1,Male,Rural,Prepaid,254.55,0,2020-02-09,46,509.12,11.24,29.67,8,0
CUST_5282,43,0,Male,Rural,Prepaid,52.73,0,2019-10-23,50,774.43,12.35,28.08,5,0
CUST_5283,33,0,Female,Rural,Monthly,48.36,0,2018-04-15,68,521.85,10.02,26.50,8,0
CUST_5284,42,0,Male,Urban,Monthly,69.26,0,2022-03-07,21,401.14,10.25,25.67,4,0
CUST_5285,43,1,Male,Suburban,Yearly,27.42,0,2018-07-22,65,438.70,8.89,20.75,4,0
CUST_5286,43,1,Male,Urban,Prepaid,58.00,0,2021-08-12,28,421.45,10.26,27.92,3,0
CUST_5287,18,0,Female,Rural,Monthly,39.97,0,2022-08-11,16,604.85,10.40,29.42,7,0
CUST_5288,43,1,Female,Rural,Prepaid,35.66,0,2020-10-19,38,423.55,10.09,27.83,3,0
CUST_5289,39,0,Male,Suburban,Monthly,82.07,0,2021-04-19,32,410.85,8.75,23.25,7,0
CUST_529,43,1,Female,Rural,Monthly,64.25,0,2022-03-06,21,611.93,9.91,23.75,6,0
CUST_5290,33,0,Male,Suburban,Prepaid,35.74,0,2020-07-15,41,570.05,9.90,23.75,7,0
CUST_5291,58,0,Male,Suburban,Monthly,22.74,0,2020-04-27,44,489.16,11.09,18.83,7,0
CUST_5292,68,0,Female,Suburban,Monthly,64.34,0,2019-09-17,51,384.33,11.99,26.17,6,0
CUST_5293,43,1,Male,Rural,Prepaid,42.60,0,2022-02-25,22,513.75,10.26,21.83,4,0
CUST_5294,68,0,Female,Suburban,Prepaid,69.12,0,2019-10-30,50,451.45,12.21,28.83,9,0
CUST_5295,58,0,Female,Urban,Prepaid,16.23,0,2019-06-13,54,426.98,10.13,20.50,8,0
CUST_5296,43,1,Female,Suburban,Prepaid,77.81,0,2022-06-26,18,662.41,9.47,19.67,10,0
CUST_5297,31,0,Male,Suburban,Prepaid,64.15,0,2021-02-07,34,366.63,10.44,29.50,4,0
CUST_5298,46,0,Male,Urban,Prepaid,46.88,0,2022-03-04,21,528.52,10.61,30.92,7,0
CUST_5299,36,0,Female,Urban,Monthly,24.01,0,2019-08-06,52,528.81,11.05,28.75,4,0
CUST_53,43,1,Male,Rural,Yearly,64.86,0,2020-11-17,37,404.88,8.63,22.17,6,0
CUST_530,50,0,Female,Urban,Monthly,63.13,0,2022-12-30,12,490.03,9.61,22.75,8,0
CUST_5300,36,0,Female,Urban,Prepaid,30.03,0,2023-02-13,10,565.17,9.24,25.58,11,0
CUST_5301,19,0,Female,Urban,Prepaid,39.63,0,2021-07-23,29,657.69,10.90,28.08,5,0
CUST_5302,58,0,Female,Suburban,Yearly,60.70,0,2022-12-27,12,491.60,10.87,24.42,8,0
CUST_5303,43,1,Male,Urban,Prepaid,37.07,0,2018-05-13,67,580.90,9.80,20.67,8,0
CUST_5304,32,0,Male,Rural,Monthly,19.25,0,2021-06-02,30,433.09,9.53,23.92,3,0
CUST_5305,43,1,Female,Suburban,Monthly,53.42,0,2019-02-13,58,552.88,11.79,23.17,6,0
CUST_5306,28,0,Female,Rural,Yearly,64.94,0,2021-01-10,35,564.61,10.15,25.33,3,0
CUST_5307,63,0,Female,Suburban,Prepaid,82.96,0,2020-12-17,36,531.47,10.09,26.50,6,0
CUST_5308,47,0,Male,Suburban,Monthly,34.61,0,2021-08-01,28,328.60,8.10,26.08,7,0
CUST_5309,43,1,Female,Rural,Prepaid,36.20,0,2018-08-05,64,514.66,10.64,18.25,7,0
CUST_531,47,0,Male,Suburban,Prepaid,45.42,0,2020-08-23,40,568.93,10.99,25.17,6,0
CUST_5310,35,0,Male,Urban,Yearly,5.09,0,2022-07-07,17,519.36,10.65,27.17,7,0
CUST_5311,68,0,Female,Urban,Prepaid,26.79,0,2020-04-18,44,473.14,9.22,27.17,2,0
CUST_5312,43,1,Male,Rural,Monthly,34.01,0,2019-09-04,51,606.50,11.29,26.33,3,0
CUST_5313,19,0,Male,Urban,Prepaid,36.60,0,2018-02-02,70,495.72,10.41,31.42,5,0
CUST_5314,49,0,Female,Suburban,Yearly,41.99,0,2020-12-19,36,511.73,10.68,24.08,7,0
CUST_5315,25,0,Male,Suburban,Monthly,58.88,0,2018-12-15,60,498.89,9.88,32.08,5,1
CUST_5316,39,0,Male,Suburban,Prepaid,57.67,0,2023-04-09,8,627.86,9.41,17.33,5,0
CUST_5317,43,1,Male,Urban,Prepaid,42.29,0,2019-08-31,52,506.67,9.73,25.25,6,1
CUST_5318,29,0,Male,Urban,Prepaid,50.23,0,2020-08-05,40,600.59,11.86,19.92,7,0
CUST_5319,64,0,Female,Rural,Prepaid,29.63,0,2022-01-05,23,556.85,10.43,20.83,8,0
CUST_532,54,0,Female,Urban,Prepaid,41.50,0,2020-05-12,43,425.09,9.35,20.33,3,0
CUST_5320,57,0,Female,Suburban,Prepaid,41.52,0,2019-10-21,50,486.10,10.11,30.08,0,0
CUST_5321,53,0,Female,Rural,Yearly,30.62,0,2020-07-18,41,438.77,11.09,29.42,8,0
CUST_5322,43,1,Female,Urban,Monthly,38.90,0,2020-12-05,36,494.75,10.17,19.08,6,0
CUST_5323,45,0,Female,Rural,Yearly,77.84,0,2020-06-08,42,424.99,9.74,26.25,8,0
CUST_5324,43,1,Male,Urban,Monthly,52.18,0,2019-10-14,50,621.48,9.15,26.50,8,0
CUST_5325,66,0,Male,Suburban,Monthly,41.09,0,2021-09-10,27,485.93,9.26,29.42,4,1
CUST_5326,43,1,Male,Suburban,Monthly,57.17,0,2021-09-02,27,616.51,10.09,22.42,9,0
CUST_5327,35,0,Male,Urban,Prepaid,44.08,0,2018-07-06,65,494.84,11.41,23.50,5,0
CUST_5328,19,0,Female,Urban,Monthly,75.26,0,2018-03-26,69,629.08,9.04,22.00,5,0
CUST_5329,43,1,Female,Urban,Monthly,55.29,0,2020-01-27,47,375.63,10.54,23.67,3,1
CUST_533,43,1,Female,Urban,Monthly,59.56,0,2019-11-09,49,555.65,9.43,18.92,8,0
CUST_5330,62,0,Male,Suburban,Yearly,32.59,0,2019-11-05,49,402.02,9.34,24.17,3,0
CUST_5331,32,0,Female,Urban,Monthly,69.79,0,2021-07-25,29,464.70,9.70,13.92,7,0
CUST_5332,43,1,Male,Suburban,Yearly,59.29,0,2019-12-15,48,348.93,10.62,27.75,9,0
CUST_5333,46,0,Male,Rural,Monthly,57.01,0,2018-02-18,70,582.21,10.13,30.25,10,0
CUST_5334,43,1,Female,Suburban,Monthly,62.40,0,2021-07-29,29,557.91,9.69,23.33,4,0
CUST_5335,46,0,Female,Rural,Monthly,60.93,0,2023-03-03,9,639.01,10.41,23.58,5,0
CUST_5336,43,1,Female,Suburban,Prepaid,57.68,0,2022-03-20,21,491.78,10.78,23.58,9,1
CUST_5337,36,0,Female,Suburban,Prepaid,47.58,0,2021-12-08,24,550.64,9.43,23.00,5,1
CUST_5338,20,0,Female,Urban,Monthly,63.60,0,2022-02-05,22,446.55,9.23,34.83,3,0
CUST_5339,31,0,Female,Suburban,Yearly,47.42,0,2022-07-23,17,255.04,10.16,24.42,5,0
CUST_534,27,0,Female,Rural,Prepaid,70.00,0,2018-05-31,67,415.86,9.66,18.08,4,0
CUST_5340,43,1,Female,Urban,Prepaid,69.92,0,2020-06-27,42,588.21,10.39,37.50,2,0
CUST_5341,21,0,Male,Urban,Yearly,57.47,0,2020-06-22,42,395.84,9.69,25.92,5,0
CUST_5342,69,0,Female,Urban,Prepaid,52.81,0,2022-02-16,22,574.50,11.35,23.50,5,0
CUST_5343,28,0,Male,Suburban,Monthly,59.49,0,2021-11-17,25,399.27,9.65,26.50,1,0
CUST_5344,48,0,Male,Urban,Prepaid,52.37,0,2022-09-12,15,353.79,10.73,21.75,3,0
CUST_5345,43,1,Female,Rural,Prepaid,69.12,0,2020-12-06,36,523.68,9.90,25.92,4,0
CUST_5346,49,0,Male,Rural,Prepaid,64.23,0,2018-12-26,60,566.66,9.81,26.83,7,0
CUST_5347,44,0,Female,Suburban,Prepaid,51.09,0,2023-05-19,7,453.01,11.29,17.75,4,0
CUST_5348,47,0,Male,Urban,Prepaid,1.12,0,2018-11-15,61,467.03,8.47,25.58,7,0
CUST_5349,43,1,Male,Rural,Prepaid,62.95,0,2019-06-15,54,386.82,10.57,26.00,11,0
CUST_535,43,1,Female,Suburban,Monthly,47.93,0,2019-05-24,55,304.58,8.85,26.42,12,0
CUST_5350,19,0,Male,Suburban,Prepaid,56.25,0,2023-01-13,11,429.12,11.41,27.92,2,0
CUST_5351,66,0,Female,Suburban,Prepaid,86.41,0,2019-07-16,53,628.02,9.17,27.00,7,0
CUST_5352,43,1,Male,Suburban,Prepaid,30.51,0,2021-11-10,25,344.14,9.74,30.42,9,0
CUST_5353,43,1,Male,Suburban,Monthly,46.72,0,2022-05-23,19,554.77,10.63,22.92,10,0
CUST_5354,48,0,Male,Suburban,Yearly,26.81,0,2018-08-30,64,442.88,10.72,26.75,8,0
CUST_5355,51,0,Female,Urban,Prepaid,39.08,0,2021-04-30,32,552.56,9.87,31.92,5,0
CUST_5356,43,1,Male,Urban,Prepaid,73.37,0,2020-06-24,42,450.21,9.26,27.17,4,0
CUST_5357,43,1,Female,Urban,Monthly,25.03,0,2022-06-11,18,451.63,9.96,20.67,8,0
CUST_5358,43,1,Male,Urban,Prepaid,29.11,0,2023-02-19,10,627.96,9.21,27.17,6,0
CUST_5359,53,0,Male,Suburban,Monthly,58.70,0,2019-03-26,57,627.15,10.49,18.58,6,0
CUST_536,53,0,Male,Suburban,Prepaid,39.73,0,2021-12-08,24,507.23,10.70,23.08,9,0
CUST_5360,43,1,Male,Suburban,Prepaid,52.91,0,2021-08-03,28,360.09,9.28,29.83,6,0
CUST_5361,26,0,Female,Rural,Prepaid,45.06,0,2023-03-11,9,564.86,12.54,34.67,5,0
CUST_5362,54,0,Male,Rural,Prepaid,11.51,0,2022-05-20,19,396.74,8.85,16.25,5,0
CUST_5363,65,0,Male,Urban,Prepaid,68.99,0,2019-11-26,49,290.50,10.01,23.50,7,0
CUST_5364,62,0,Male,Suburban,Monthly,46.47,0,2019-12-07,48,483.32,10.29,28.00,5,0
CUST_5365,56,0,Male,Rural,Prepaid,34.69,0,2022-08-26,16,536.40,9.66,22.00,7,0
CUST_5366,49,0,Female,Rural,Yearly,54.82,0,2019-03-21,57,512.59,10.74,27.08,10,1
CUST_5367,69,0,Male,Rural,Prepaid,68.84,0,2020-06-22,42,485.32,10.38,23.08,6,0
CUST_5368,34,0,Male,Rural,Yearly,46.01,0,2019-05-13,55,461.21,10.30,22.08,5,0
CUST_5369,52,0,Male,Urban,Prepaid,40.26,0,2023-05-27,7,452.26,10.26,33.83,3,1
CUST_537,43,1,Male,Urban,Yearly,34.50,0,2021-07-12,29,566.42,10.42,18.92,4,0
CUST_5370,54,0,Male,Suburban,Prepaid,50.53,0,2019-11-21,49,418.08,8.37,30.08,4,0
CUST_5371,36,0,Female,Urban,Monthly,55.74,0,2020-07-16,41,518.82,11.03,24.33,5,0
CUST_5372,61,0,Male,Rural,Prepaid,57.14,0,2021-02-14,34,441.76,9.34,24.75,5,1
CUST_5373,43,1,Male,Rural,Yearly,46.31,0,2022-10-04,14,478.21,10.08,19.42,6,0
CUST_5374,43,1,Female,Suburban,Monthly,68.46,0,2019-01-04,59,459.31,8.25,21.08,8,0
CUST_5375,45,0,Male,Suburban,Monthly,36.83,0,2022-06-30,18,665.15,10.12,27.08,7,0
CUST_5376,43,1,Male,Urban,Prepaid,47.41,0,2023-06-02,6,399.20,10.08,28.58,6,0
CUST_5377,43,1,Male,Suburban,Monthly,47.34,0,2020-09-07,39,334.80,10.05,18.25,5,0
CUST_5378,43,1,Female,Urban,Monthly,26.89,0,2020-02-04,46,370.48,9.96,21.00,10,0
CUST_5379,43,1,Male,Urban,Monthly,55.45,0,2021-05-23,31,568.59,11.40,23.50,4,0
CUST_538,69,0,Female,Rural,Monthly,24.90,0,2022-06-24,18,615.39,9.24,28.92,7,0
CUST_5380,43,1,Female,Rural,Prepaid,51.40,0,2019-06-12,54,504.28,9.46,28.17,3,0
CUST_5381,33,0,Female,Urban,Yearly,47.14,0,2020-03-21,45,456.51,10.03,27.75,6,0
CUST_5382,40,0,Female,Rural,Yearly,57.59,0,2020-02-25,46,367.95,11.01,22.92,3,0
CUST_5383,48,0,Female,Urban,Yearly,47.08,0,2022-06-28,18,446.70,10.49,25.83,3,0
CUST_5384,20,0,Female,Urban,Monthly,71.15,0,2022-01-03,23,331.30,9.69,14.75,7,0
CUST_5385,38,0,Female,Suburban,Monthly,57.06,0,2018-03-10,69,474.31,8.77,21.92,6,0
CUST_5386,43,1,Female,Suburban,Prepaid,55.62,0,2019-07-14,53,503.10,10.42,30.67,3,0
CUST_5387,53,0,Male,Rural,Yearly,39.89,0,2021-06-23,30,540.33,9.73,26.42,8,0
CUST_5388,43,1,Male,Suburban,Yearly,21.68,0,2020-02-29,46,367.43,8.78,28.75,9,0
CUST_5389,43,1,Female,Urban,Prepaid,62.04,0,2021-11-26,25,513.37,8.59,25.58,5,0
CUST_539,48,0,Male,Rural,Monthly,43.30,0,2022-10-07,14,512.79,8.25,18.00,7,1
CUST_5390,39,0,Female,Rural,Prepaid,21.67,0,2021-03-22,33,440.49,10.18,22.58,12,0
CUST_5391,43,1,Female,Rural,Yearly,45.98,0,2020-05-09,43,482.54,11.40,17.50,8,0
CUST_5392,29,0,Female,Rural,Prepaid,63.21,0,2019-09-10,51,525.45,10.09,21.75,10,0
CUST_5393,43,1,Female,Urban,Prepaid,36.99,0,2022-03-31,21,233.88,9.60,22.92,5,0
CUST_5394,30,0,Female,Suburban,Yearly,43.08,0,2019-02-28,58,453.90,9.63,23.67,6,1
CUST_5395,43,1,Male,Rural,Yearly,29.09,0,2023-04-12,8,421.49,9.91,27.08,5,0
CUST_5396,43,1,Male,Urban,Yearly,36.17,0,2021-11-15,25,581.79,9.01,33.33,3,0
CUST_5397,25,0,Female,Suburban,Prepaid,38.07,0,2021-05-06,31,667.63,9.75,20.08,6,1
CUST_5398,43,1,Female,Suburban,Prepaid,43.06,0,2018-12-31,60,604.51,10.47,33.17,7,1
CUST_5399,57,0,Female,Rural,Monthly,51.94,0,2019-03-20,57,521.12,10.52,19.08,4,0
CUST_54,19,0,Male,Rural,Yearly,58.16,0,2019-05-30,55,660.89,8.85,34.75,5,0
CUST_540,43,1,Female,Rural,Prepaid,46.18,0,2020-08-14,40,258.71,8.33,10.50,3,0
CUST_5400,62,0,Male,Urban,Monthly,53.47,0,2018-04-26,68,599.84,10.76,27.00,2,0
CUST_5401,43,1,Female,Suburban,Prepaid,71.69,0,2019-09-03,51,734.57,11.80,16.58,7,0
CUST_5402,43,1,Male,Urban,Yearly,42.70,0,2022-12-07,12,447.18,11.45,21.58,10,0
CUST_5403,43,1,Male,Suburban,Yearly,58.35,0,2020-06-10,42,542.06,8.40,20.08,4,0
CUST_5404,29,0,Male,Rural,Prepaid,40.47,0,2020-11-19,37,588.90,9.87,27.08,9,0
CUST_5405,27,0,Female,Rural,Prepaid,75.14,0,2021-10-06,26,423.27,10.08,21.50,8,1
CUST_5406,61,0,Female,Suburban,Prepaid,51.85,0,2023-01-28,11,509.02,10.67,22.58,6,0
CUST_5407,28,0,Male,Urban,Monthly,46.89,0,2020-10-07,38,538.58,10.85,27.83,11,0
CUST_5408,43,1,Male,Suburban,Prepaid,38.13,0,2018-11-28,61,768.23,10.23,29.08,4,1
CUST_5409,33,0,Male,Urban,Monthly,63.59,0,2023-05-07,7,574.00,8.43,37.08,8,0
CUST_541,36,0,Female,Urban,Prepaid,49.70,0,2020-11-10,37,447.58,9.61,20.17,6,0
CUST_5410,34,0,Male,Suburban,Monthly,51.95,0,2019-12-28,48,389.73,9.79,32.17,5,0
CUST_5411,43,1,Female,Rural,Yearly,53.07,0,2018-02-02,70,489.45,9.37,19.58,7,0
CUST_5412,19,0,Male,Urban,Prepaid,34.16,0,2021-07-14,29,395.76,9.88,26.83,6,0
CUST_5413,67,0,Female,Rural,Monthly,38.27,0,2018-01-05,71,488.10,10.77,22.42,8,0
CUST_5414,29,0,Male,Urban,Monthly,23.57,0,2019-06-27,54,421.85,11.48,16.75,6,0
CUST_5415,43,1,Female,Suburban,Monthly,42.36,0,2019-05-20,55,595.42,9.77,22.50,7,0
CUST_5416,43,0,Male,Rural,Yearly,42.81,0,2022-03-03,21,439.14,10.14,26.83,7,0
CUST_5417,43,1,Female,Rural,Monthly,29.83,0,2019-04-28,56,570.74,10.46,31.42,6,0
CUST_5418,35,0,Female,Urban,Yearly,48.91,0,2022-09-11,15,387.36,8.90,24.25,6,0
CUST_5419,49,0,Female,Urban,Prepaid,44.78,0,2023-03-06,9,616.78,10.01,36.17,2,1
CUST_542,43,1,Female,Urban,Prepaid,58.12,0,2018-03-25,69,571.67,9.59,22.33,5,0
CUST_5420,43,1,Male,Urban,Monthly,39.11,0,2020-12-26,36,418.79,10.55,34.42,10,1
CUST_5421,43,1,Female,Rural,Monthly,37.14,0,2022-02-10,22,456.49,10.23,29.42,9,0
CUST_5422,64,0,Male,Suburban,Yearly,52.49,0,2019-11-14,49,594.44,10.88,19.08,7,0
CUST_5423,20,0,Female,Urban,Prepaid,38.33,0,2018-10-11,62,514.49,10.99,30.83,6,0
CUST_5424,55,0,Female,Suburban,Prepaid,74.67,0,2020-06-21,42,450.28,8.73,23.25,6,0
CUST_5425,43,1,Male,Urban,Monthly,47.25,0,2023-04-10,8,541.79,10.58,24.17,4,0
CUST_5426,47,0,Female,Suburban,Prepaid,63.78,0,2019-07-18,53,455.72,9.85,26.33,4,0
CUST_5427,18,0,Female,Urban,Monthly,32.82,0,2021-04-02,32,480.13,9.52,18.92,8,0
CUST_5428,43,1,Male,Suburban,Yearly,47.57,0,2021-11-06,25,689.35,10.01,32.67,6,0
CUST_5429,62,0,Female,Rural,Yearly,35.70,0,2020-07-26,41,583.56,8.34,24.92,12,0
CUST_543,18,0,Male,Suburban,Prepaid,42.97,0,2019-04-11,56,557.37,11.62,16.58,5,1
CUST_5430,43,1,Female,Urban,Prepaid,56.39,0,2021-10-21,26,454.95,11.09,21.42,5,0
CUST_5431,45,0,Female,Urban,Prepaid,49.06,0,2021-12-01,24,433.24,9.79,21.25,7,0
CUST_5432,38,0,Female,Rural,Monthly,79.68,0,2022-04-05,20,616.45,10.21,21.67,6,0
CUST_5433,43,1,Male,Urban,Monthly,44.32,0,2023-01-15,11,596.52,10.87,28.42,9,0
CUST_5434,30,0,Female,Urban,Monthly,23.59,0,2021-08-07,28,415.39,8.11,29.67,9,0
CUST_5435,44,0,Female,Rural,Monthly,49.10,0,2020-09-01,39,463.71,8.73,29.42,7,0
CUST_5436,53,0,Female,Rural,Monthly,52.97,0,2021-10-01,26,416.11,9.23,21.33,5,0
CUST_5437,43,1,Female,Suburban,Prepaid,40.61,0,2019-01-30,59,542.94,9.50,27.83,3,0
CUST_5438,39,0,Female,Rural,Monthly,38.69,0,2018-09-21,63,423.04,10.26,24.75,2,0
CUST_5439,27,0,Female,Rural,Prepaid,32.04,0,2019-10-13,50,560.79,9.81,27.50,6,0
CUST_544,22,0,Female,Rural,Monthly,76.93,0,2022-12-17,12,525.73,10.06,19.75,6,0
CUST_5440,56,0,Female,Urban,Prepaid,57.22,0,2023-03-10,9,694.57,7.97,21.08,7,0
CUST_5441,43,1,Female,Rural,Monthly,58.87,0,2022-01-31,23,527.48,10.32,23.83,10,0
CUST_5442,43,1,Male,Urban,Monthly,86.47,0,2021-05-05,31,539.35,8.42,26.00,5,0
CUST_5443,43,1,Male,Rural,Monthly,47.50,0,2018-08-17,64,612.21,11.84,25.25,3,0
CUST_5444,49,0,Male,Rural,Prepaid,52.29,0,2021-05-06,31,584.61,9.61,18.00,5,0
CUST_5445,43,1,Male,Suburban,Prepaid,46.37,0,2023-02-19,10,516.38,11.54,31.17,5,0
CUST_5446,43,1,Female,Rural,Prepaid,90.60,0,2022-04-15,20,535.73,9.56,23.08,4,0
CUST_5447,43,1,Female,Rural,Monthly,59.27,0,2022-02-09,22,423.30,10.52,22.83,2,0
CUST_5448,37,0,Male,Urban,Prepaid,50.03,0,2023-04-16,8,417.03,10.38,19.83,8,0
CUST_5449,54,0,Male,Urban,Monthly,81.54,0,2022-06-23,18,467.83,11.38,21.92,7,0
CUST_545,62,0,Male,Urban,Monthly,32.92,0,2023-04-06,8,380.84,9.99,26.42,2,0
CUST_5450,43,1,Male,Suburban,Monthly,49.11,0,2022-09-21,15,389.64,10.71,24.25,3,0
CUST_5451,43,1,Female,Rural,Monthly,103.13,0,2023-04-16,8,618.92,10.17,22.75,3,0
CUST_5452,43,1,Female,Urban,Yearly,74.96,0,2018-08-18,64,492.27,8.65,28.92,5,0
CUST_5453,43,1,Male,Rural,Yearly,49.68,0,2020-03-06,45,644.99,9.34,29.58,11,0
CUST_5454,25,0,Male,Suburban,Yearly,288.45,0,2021-09-08,27,443.68,9.24,22.08,6,0
CUST_5455,43,1,Male,Urban,Monthly,51.90,0,2020-02-09,46,421.47,9.74,30.67,7,0
CUST_5456,54,0,Male,Urban,Prepaid,61.31,0,2022-05-07,19,646.48,10.51,28.50,10,0
CUST_5457,39,0,Male,Suburban,Monthly,41.31,0,2021-06-17,30,512.05,10.11,21.08,5,0
CUST_5458,43,1,Female,Rural,Monthly,81.45,0,2020-12-20,36,585.00,10.62,21.42,7,0
CUST_5459,38,0,Male,Urban,Prepaid,40.21,0,2022-06-28,18,557.12,10.22,26.42,3,0
CUST_546,21,0,Male,Rural,Prepaid,60.24,0,2021-02-25,34,417.98,10.61,26.17,4,0
CUST_5460,43,1,Female,Urban,Monthly,53.82,0,2018-01-13,71,544.99,8.73,25.08,4,0
CUST_5461,52,0,Male,Suburban,Monthly,55.51,0,2019-11-25,49,429.87,9.60,36.42,11,0
CUST_5462,43,1,Male,Suburban,Prepaid,45.27,0,2020-07-05,41,539.91,10.56,26.75,10,0
CUST_5463,22,0,Female,Suburban,Monthly,30.66,0,2021-07-10,29,330.09,9.24,28.83,11,0
CUST_5464,63,0,Male,Rural,Prepaid,53.62,0,2019-04-29,56,577.40,9.60,22.25,6,0
CUST_5465,43,1,Female,Rural,Prepaid,53.72,0,2023-04-09,8,723.18,10.43,22.33,4,0
CUST_5466,43,1,Female,Rural,Yearly,45.07,0,2020-02-25,46,340.09,11.73,27.83,7,0
CUST_5467,23,0,Male,Suburban,Monthly,45.66,0,2019-09-09,51,480.43,8.27,25.25,8,1
CUST_5468,43,1,Male,Urban,Monthly,52.31,0,2021-02-10,34,488.75,8.51,20.33,3,0
CUST_5469,63,0,Female,Rural,Prepaid,68.68,0,2020-11-23,37,403.64,8.51,25.67,7,0
CUST_547,33,0,Female,Urban,Monthly,31.71,0,2019-12-10,48,353.91,9.78,25.33,4,0
CUST_5470,57,0,Female,Suburban,Monthly,67.62,0,2018-06-13,66,468.95,10.60,27.00,5,0
CUST_5471,46,0,Male,Rural,Prepaid,57.22,0,2022-06-28,18,545.93,9.79,27.17,8,0
CUST_5472,24,0,Female,Urban,Monthly,43.57,0,2021-11-13,25,607.95,10.83,19.00,4,0
CUST_5473,57,0,Male,Urban,Yearly,44.90,0,2018-12-28,60,631.94,11.44,25.17,7,0
CUST_5474,30,0,Female,Suburban,Yearly,46.34,0,2021-10-24,26,549.58,9.99,27.67,6,0
CUST_5475,43,1,Male,Urban,Prepaid,43.25,0,2020-09-02,39,453.82,10.92,18.83,2,0
CUST_5476,35,0,Female,Suburban,Monthly,33.47,0,2019-12-13,48,746.10,10.47,26.08,8,1
CUST_5477,19,0,Female,Suburban,Yearly,38.31,0,2019-01-31,59,295.67,10.96,22.42,4,0
CUST_5478,43,1,Male,Suburban,Prepaid,59.04,0,2023-03-31,9,444.40,9.65,18.92,5,0
CUST_5479,28,0,Female,Suburban,Prepaid,40.37,0,2021-05-21,31,553.44,11.31,32.42,5,0
CUST_548,43,1,Male,Suburban,Prepaid,37.24,0,2022-01-21,23,363.98,8.64,30.75,10,0
CUST_5480,43,1,Female,Urban,Yearly,50.54,0,2022-12-30,12,662.05,11.29,30.75,9,0
CUST_5481,43,1,Female,Urban,Monthly,50.02,0,2018-10-04,62,528.04,9.11,26.42,5,0
CUST_5482,43,1,Female,Urban,Monthly,56.88,0,2018-12-20,60,411.69,9.40,20.25,3,0
CUST_5483,44,0,Female,Urban,Prepaid,40.10,0,2018-12-08,60,467.87,9.13,22.67,11,0
CUST_5484,43,1,Female,Suburban,Monthly,0.38,0,2022-09-18,15,425.92,9.50,25.33,4,0
CUST_5485,29,0,Female,Suburban,Prepaid,40.75,0,2021-02-17,34,422.73,9.91,20.33,5,0
CUST_5486,43,1,Male,Urban,Monthly,36.14,0,2020-03-05,45,496.40,10.77,23.00,3,0
CUST_5487,43,1,Female,Rural,Monthly,18.49,0,2021-08-31,28,366.68,8.43,25.00,5,0
CUST_5488,43,1,Female,Rural,Monthly,41.70,0,2021-05-01,31,451.14,10.92,31.83,6,0
CUST_5489,43,1,Male,Rural,Monthly,39.73,0,2021-12-17,24,606.35,10.79,21.42,6,0
CUST_549,43,1,Male,Rural,Prepaid,54.22,0,2022-07-26,17,635.21,8.60,30.33,5,0
CUST_5490,43,1,Female,Urban,Monthly,49.59,0,2018-05-30,67,534.22,8.37,25.42,7,0
CUST_5491,20,0,Female,Suburban,Monthly,57.87,0,2020-11-04,37,477.93,9.53,21.25,6,0
CUST_5492,62,0,Male,Suburban,Prepaid,78.12,0,2020-05-08,43,401.31,9.79,27.33,3,0
CUST_5493,43,1,Female,Rural,Prepaid,51.40,0,2022-06-19,18,337.51,8.13,22.00,9,0
CUST_5494,43,1,Female,Rural,Prepaid,50.45,0,2023-05-04,7,491.38,9.97,32.83,4,0
CUST_5495,48,0,Male,Suburban,Monthly,79.97,0,2021-06-08,30,589.82,9.71,15.17,7,0
CUST_5496,32,0,Male,Rural,Yearly,30.96,0,2020-10-23,38,466.46,8.25,30.42,10,0
CUST_5497,43,1,Female,Rural,Monthly,31.95,0,2022-02-09,22,445.20,9.72,27.75,4,0
CUST_5498,30,0,Female,Suburban,Prepaid,59.03,0,2021-10-26,26,354.37,10.12,26.33,10,0
CUST_5499,66,0,Male,Rural,Prepaid,69.73,0,2022-03-23,21,684.16,10.50,26.00,9,0
CUST_55,37,0,Female,Suburban,Prepaid,27.74,0,2021-11-03,25,488.33,10.92,21.83,5,0
CUST_550,43,1,Female,Urban,Yearly,65.66,0,2018-03-12,69,561.44,11.01,17.92,3,0
CUST_5500,43,1,Female,Rural,Prepaid,71.48,0,2021-02-10,34,433.92,11.81,24.92,2,0
CUST_5501,43,1,Male,Urban,Prepaid,22.93,0,2021-07-01,29,602.84,9.97,18.58,9,0
CUST_5502,28,0,Male,Rural,Monthly,23.37,0,2018-02-26,70,615.93,10.15,25.17,6,0
CUST_5503,38,0,Male,Urban,Prepaid,48.24,0,2019-03-19,57,458.40,10.20,22.83,5,0
CUST_5504,68,0,Female,Suburban,Prepaid,60.63,0,2018-04-16,68,421.91,10.76,19.42,5,0
CUST_5505,28,0,Male,Urban,Prepaid,44.28,0,2022-05-06,19,528.70,8.30,28.42,3,0
CUST_5506,43,1,Male,Suburban,Monthly,32.34,0,2019-02-02,58,517.13,10.05,19.83,6,0
CUST_5507,65,0,Male,Urban,Monthly,30.90,0,2022-01-14,23,651.06,9.74,28.00,3,0
CUST_5508,43,1,Female,Urban,Yearly,65.54,0,2018-08-02,64,390.68,8.75,29.17,6,0
CUST_5509,39,0,Female,Urban,Prepaid,66.00,0,2023-06-12,6,529.15,9.75,19.67,8,0
CUST_551,43,1,Male,Rural,Monthly,45.81,0,2021-10-12,26,402.93,10.36,23.67,4,0
CUST_5510,55,0,Female,Rural,Yearly,59.46,0,2022-03-22,21,426.79,8.88,24.58,6,0
CUST_5511,48,0,Male,Rural,Monthly,49.25,0,2022-04-22,20,450.12,9.17,21.33,9,0
CUST_5512,31,0,Female,Rural,Prepaid,36.98,0,2019-04-12,56,609.41,10.15,27.25,6,0
CUST_5513,41,0,Female,Rural,Prepaid,21.38,0,2021-12-08,24,489.25,9.60,26.67,5,0
CUST_5514,67,0,Male,Rural,Prepaid,27.47,0,2018-03-12,69,699.63,9.95,22.08,2,0
CUST_5515,66,0,Male,Urban,Monthly,19.43,0,2018-02-02,70,528.65,9.29,24.42,3,0
CUST_5516,49,0,Female,Rural,Prepaid,45.50,0,2019-12-21,48,506.48,9.09,21.25,6,0
CUST_5517,53,0,Female,Suburban,Yearly,56.99,0,2019-09-12,51,366.61,8.98,18.67,8,0
CUST_5518,49,0,Male,Urban,Prepaid,50.99,0,2018-11-08,61,500.39,9.83,32.67,12,0
CUST_5519,32,0,Female,Urban,Monthly,71.24,0,2020-01-27,47,428.41,9.06,23.25,5,0
CUST_552,45,0,Male,Urban,Monthly,51.27,0,2018-04-10,68,495.97,9.44,26.33,3,0
CUST_5520,60,0,Male,Suburban,Prepaid,52.68,0,2022-03-03,21,385.99,11.08,24.75,11,0
CUST_5521,52,0,Male,Rural,Monthly,25.34,0,2020-11-02,37,337.95,9.78,25.33,7,0
CUST_5522,20,0,Female,Suburban,Yearly,47.95,0,2020-10-27,38,357.49,9.32,28.25,5,0
CUST_5523,33,0,Female,Urban,Yearly,48.41,0,2019-07-29,53,397.26,10.04,25.50,4,0
CUST_5524,22,0,Female,Urban,Prepaid,57.49,0,2019-09-16,51,486.13,10.29,23.00,6,0
CUST_5525,43,1,Female,Urban,Prepaid,62.71,0,2019-08-28,52,340.56,9.93,30.33,5,0
CUST_5526,27,0,Male,Suburban,Yearly,57.08,0,2021-12-21,24,627.79,9.48,23.67,2,0
CUST_5527,36,0,Female,Rural,Prepaid,42.70,0,2019-10-28,50,442.78,10.17,21.75,4,0
CUST_5528,42,0,Female,Urban,Monthly,70.70,0,2018-08-15,64,562.00,9.42,19.50,5,0
CUST_5529,43,1,Female,Rural,Yearly,62.55,0,2023-04-04,8,625.11,9.69,25.33,5,0
CUST_553,43,1,Female,Urban,Prepaid,68.94,0,2022-08-07,16,647.28,9.98,31.00,5,0
CUST_5530,46,0,Male,Urban,Monthly,11.14,0,2019-02-28,58,478.95,9.83,26.25,14,0
CUST_5531,43,1,Female,Rural,Prepaid,61.45,0,2019-09-11,51,497.92,9.49,30.42,13,0
CUST_5532,43,1,Female,Suburban,Yearly,36.72,0,2018-06-05,66,425.91,10.08,22.58,8,1
CUST_5533,19,0,Male,Urban,Yearly,23.68,0,2021-02-15,34,435.82,10.72,19.92,4,0
CUST_5534,27,0,Male,Urban,Monthly,53.78,0,2022-02-28,22,755.00,9.47,19.92,4,0
CUST_5535,43,1,Male,Urban,Monthly,84.85,0,2021-09-16,27,443.69,9.94,18.25,3,0
CUST_5536,43,1,Male,Suburban,Yearly,49.20,0,2022-02-16,22,377.83,9.03,27.08,6,0
CUST_5537,43,1,Male,Suburban,Yearly,45.66,0,2021-09-25,27,584.72,9.17,21.00,4,0
CUST_5538,65,0,Female,Rural,Yearly,51.45,0,2023-02-28,10,401.83,9.82,27.58,4,1
CUST_5539,43,1,Male,Suburban,Monthly,85.86,0,2021-02-24,34,596.58,10.14,24.17,7,1
CUST_554,44,0,Female,Urban,Prepaid,31.67,0,2020-12-14,36,485.40,10.66,30.17,4,0
CUST_5540,40,0,Male,Urban,Monthly,45.98,0,2020-06-10,42,520.48,12.15,26.00,10,0
CUST_5541,41,0,Male,Rural,Monthly,64.75,0,2023-01-03,11,486.17,11.27,25.00,4,0
CUST_5542,28,0,Male,Suburban,Prepaid,44.03,0,2019-05-03,55,432.72,8.52,25.58,13,0
CUST_5543,63,0,Male,Rural,Monthly,41.29,0,2020-07-18,41,675.79,9.64,18.75,10,0
CUST_5544,51,0,Male,Rural,Monthly,71.18,0,2022-10-28,14,479.94,10.06,24.17,6,0
CUST_5545,45,0,Male,Rural,Yearly,33.46,0,2019-02-03,58,517.19,11.09,23.42,5,1
CUST_5546,43,1,Male,Urban,Yearly,61.20,0,2021-09-20,27,568.29,9.39,24.00,5,0
CUST_5547,22,0,Female,Urban,Prepaid,44.87,0,2021-03-07,33,531.23,9.74,27.58,3,0
CUST_5548,68,0,Female,Suburban,Monthly,38.64,0,2021-07-18,29,382.00,10.64,24.25,7,0
CUST_5549,43,1,Female,Urban,Monthly,43.73,0,2022-06-30,18,593.15,11.75,22.17,9,0
CUST_555,37,0,Male,Rural,Prepaid,61.55,0,2022-05-04,19,564.75,10.58,22.67,6,0
CUST_5550,29,0,Male,Rural,Yearly,16.23,0,2020-07-01,41,531.51,9.56,28.17,6,0
CUST_5551,67,0,Male,Rural,Prepaid,34.25,0,2019-06-16,54,483.21,9.48,15.17,7,0
CUST_5552,21,0,Male,Urban,Monthly,52.01,0,2021-03-12,33,506.33,10.24,23.08,5,0
CUST_5553,66,0,Female,Rural,Monthly,46.29,0,2022-01-31,23,611.46,9.25,24.08,7,0
CUST_5554,43,1,Male,Urban,Yearly,35.81,0,2019-12-22,48,581.26,9.71,25.17,4,0
CUST_5555,43,1,Male,Rural,Monthly,72.22,0,2019-12-28,48,353.07,7.98,19.25,5,0
CUST_5556,55,0,Male,Suburban,Monthly,35.10,0,2019-08-18,52,377.04,9.36,29.25,5,0
CUST_5557,42,0,Female,Suburban,Yearly,71.56,0,2019-08-06,52,628.37,9.72,14.92,3,0
CUST_5558,43,1,Female,Urban,Monthly,52.20,0,2019-01-04,59,673.15,10.31,30.00,2,0
CUST_5559,28,0,Male,Urban,Prepaid,46.05,0,2021-05-08,31,475.22,8.46,26.33,5,0
CUST_556,43,1,Female,Urban,Yearly,39.66,0,2021-10-25,26,364.21,11.14,28.08,5,0
CUST_5560,49,0,Female,Urban,Prepaid,51.40,0,2021-04-01,32,386.74,9.96,24.17,6,0
CUST_5561,28,0,Male,Urban,Yearly,54.40,0,2021-08-10,28,479.46,10.89,22.92,5,0
CUST_5562,43,1,Male,Urban,Prepaid,35.67,0,2022-10-20,14,527.75,9.83,17.83,7,1
CUST_5563,44,0,Female,Rural,Monthly,36.07,0,2021-12-16,24,427.49,10.92,28.42,7,0
CUST_5564,35,0,Female,Suburban,Monthly,46.99,0,2018-01-15,71,601.56,10.58,25.92,2,0
CUST_5565,40,0,Female,Rural,Yearly,56.55,0,2021-07-14,29,475.31,9.79,29.75,9,0
CUST_5566,43,1,Female,Suburban,Monthly,59.96,0,2020-07-24,41,569.64,9.48,24.25,5,0
CUST_5567,38,0,Male,Rural,Monthly,68.68,0,2021-12-03,24,487.76,8.75,25.92,4,0
CUST_5568,61,0,Male,Rural,Prepaid,31.57,0,2018-01-25,71,557.40,8.66,20.25,5,0
CUST_5569,22,0,Female,Rural,Monthly,55.35,0,2018-03-06,69,626.30,10.93,33.83,6,0
CUST_557,43,1,Female,Suburban,Monthly,53.65,0,2021-09-22,27,605.56,9.75,24.17,7,0
CUST_5570,40,0,Female,Urban,Prepaid,49.81,0,2019-08-26,52,628.33,10.29,20.67,7,0
CUST_5571,43,1,Male,Suburban,Yearly,42.01,0,2023-05-15,7,494.75,11.16,26.92,10,0
CUST_5572,42,0,Male,Urban,Yearly,80.05,0,2020-01-26,47,523.13,10.38,30.75,8,0
CUST_5573,58,0,Male,Urban,Prepaid,56.48,0,2018-05-02,67,392.97,10.87,29.25,4,0
CUST_5574,27,0,Male,Rural,Prepaid,71.43,0,2020-08-30,40,639.37,8.97,24.67,2,0
CUST_5575,39,0,Female,Suburban,Monthly,-0.46,1,2023-02-01,10,303.76,10.42,19.17,4,0
CUST_5576,36,0,Female,Suburban,Monthly,65.71,0,2022-04-29,20,366.60,9.23,21.75,5,0
CUST_5577,18,0,Female,Suburban,Monthly,58.04,0,2020-10-16,38,600.52,10.64,24.42,6,0
CUST_5578,43,1,Male,Suburban,Yearly,60.53,0,2022-03-05,21,442.53,10.47,24.17,4,0
CUST_5579,43,1,Male,Urban,Yearly,45.60,0,2022-12-19,12,440.67,10.91,15.17,5,0
CUST_558,67,0,Male,Rural,Prepaid,58.10,0,2020-11-19,37,337.32,11.21,26.42,8,0
CUST_5580,18,0,Female,Urban,Monthly,81.66,0,2021-11-02,25,376.44,9.42,25.42,9,0
CUST_5581,32,0,Female,Suburban,Prepaid,47.05,0,2023-05-04,7,609.18,10.21,18.83,7,0
CUST_5582,57,0,Female,Urban,Monthly,49.72,0,2021-06-30,30,595.88,9.57,23.17,5,0
CUST_5583,43,1,Male,Suburban,Yearly,35.32,0,2018-06-03,66,476.47,9.99,29.08,8,0
CUST_5584,43,1,Female,Urban,Monthly,49.41,0,2018-07-06,65,571.81,9.53,30.08,9,0
CUST_5585,39,0,Male,Rural,Monthly,47.38,0,2018-05-20,67,416.58,8.83,23.17,4,0
CUST_5586,67,0,Female,Rural,Prepaid,66.08,0,2023-03-28,9,674.02,10.21,28.25,5,0
CUST_5587,64,0,Female,Suburban,Yearly,59.52,0,2020-07-24,41,481.53,10.01,28.00,2,1
CUST_5588,43,1,Female,Suburban,Monthly,67.60,0,2018-11-21,61,375.18,9.10,16.83,5,0
CUST_5589,43,1,Male,Urban,Prepaid,48.38,0,2019-04-13,56,642.50,10.52,19.08,4,0
CUST_559,52,0,Male,Suburban,Yearly,32.36,0,2022-06-08,18,620.67,10.37,24.17,11,0
CUST_5590,63,0,Male,Suburban,Prepaid,44.91,0,2022-11-02,13,543.14,9.59,27.08,5,0
CUST_5591,43,1,Male,Suburban,Prepaid,63.26,0,2018-07-07,65,339.63,9.84,24.33,6,0
CUST_5592,67,0,Male,Urban,Yearly,52.37,0,2020-02-02,46,569.40,9.35,22.50,3,0
CUST_5593,37,0,Male,Suburban,Monthly,14.60,0,2018-02-16,70,380.21,11.51,23.42,5,0
CUST_5594,67,0,Male,Suburban,Monthly,43.21,0,2021-03-29,33,531.12,8.73,20.25,5,0
CUST_5595,65,0,Female,Rural,Prepaid,17.21,0,2022-03-11,21,471.20,9.28,22.58,7,0
CUST_5596,43,1,Male,Rural,Prepaid,37.77,0,2022-04-14,20,466.65,10.96,23.75,4,1
CUST_5597,43,1,Female,Rural,Monthly,65.39,0,2021-12-17,24,482.68,11.55,24.25,3,0
CUST_5598,32,0,Male,Suburban,Prepaid,44.95,0,2022-12-23,12,492.40,10.43,25.75,8,0
CUST_5599,29,0,Female,Urban,Monthly,45.96,0,2023-03-03,9,637.07,9.48,18.25,1,1
CUST_56,45,0,Female,Rural,Prepaid,27.85,0,2018-09-17,63,482.38,10.68,24.67,3,0
CUST_560,50,0,Female,Suburban,Monthly,38.80,0,2022-03-19,21,625.94,9.23,21.00,6,0
CUST_5600,57,0,Female,Rural,Prepaid,47.09,0,2020-12-15,36,378.67,11.04,29.83,10,0
CUST_5601,43,1,Male,Suburban,Prepaid,50.17,0,2019-06-23,54,385.14,8.50,30.17,6,0
CUST_5602,43,1,Female,Rural,Monthly,44.98,0,2021-09-24,27,498.91,10.74,22.25,3,0
CUST_5603,43,1,Male,Urban,Yearly,77.25,0,2021-08-24,28,673.55,9.52,20.75,12,0
CUST_5604,43,1,Male,Urban,Prepaid,24.45,0,2022-11-06,13,426.68,9.22,21.42,9,0
CUST_5605,45,0,Male,Urban,Monthly,53.43,0,2018-03-13,69,414.42,9.44,20.75,6,0
CUST_5606,43,1,Male,Urban,Prepaid,58.34,0,2020-07-21,41,452.15,9.54,17.08,12,0
CUST_5607,47,0,Female,Urban,Monthly,36.58,0,2018-12-05,60,454.07,11.03,20.42,7,0
CUST_5608,30,0,Male,Urban,Yearly,59.68,0,2022-07-20,17,497.19,10.30,23.25,8,0
CUST_5609,43,1,Female,Suburban,Prepaid,39.98,0,2022-12-04,12,615.79,10.76,23.58,10,0
CUST_561,50,0,Male,Rural,Monthly,59.99,0,2019-09-18,51,560.61,9.83,19.67,7,1
CUST_5610,19,0,Female,Rural,Prepaid,57.20,0,2021-02-10,34,424.77,10.67,16.00,4,0
CUST_5611,43,1,Female,Urban,Prepaid,31.07,0,2018-09-06,63,563.87,9.99,29.25,4,0
CUST_5612,66,0,Male,Rural,Monthly,51.31,0,2021-10-06,26,419.64,10.95,34.83,8,0
CUST_5613,43,1,Female,Rural,Monthly,83.45,0,2020-01-12,47,442.87,9.00,27.58,5,0
CUST_5614,19,0,Male,Suburban,Prepaid,36.42,0,2018-08-29,64,538.72,9.17,27.08,5,1
CUST_5615,53,0,Female,Urban,Prepaid,43.77,0,2019-09-07,51,608.66,9.60,26.17,6,0
CUST_5616,43,0,Male,Urban,Yearly,74.75,0,2020-01-24,47,475.18,9.11,29.92,8,0
CUST_5617,28,0,Male,Suburban,Monthly,68.55,0,2021-02-25,34,647.71,10.65,26.58,6,0
CUST_5618,43,1,Male,Suburban,Monthly,76.23,0,2021-06-13,30,541.62,10.09,26.00,9,0
CUST_5619,43,1,Male,Suburban,Yearly,44.46,0,2022-10-30,14,535.32,10.59,25.83,6,0
CUST_562,68,0,Female,Urban,Prepaid,46.10,0,2020-04-04,44,375.85,11.12,21.17,7,0
CUST_5620,57,0,Female,Suburban,Prepaid,55.20,0,2019-03-23,57,391.43,10.75,19.75,6,0
CUST_5621,60,0,Female,Suburban,Yearly,56.92,0,2020-11-15,37,537.34,9.72,26.92,5,0
CUST_5622,39,0,Male,Rural,Yearly,38.35,0,2018-11-18,61,439.52,9.26,19.92,8,0
CUST_5623,37,0,Female,Suburban,Prepaid,33.24,0,2018-11-29,61,533.51,9.66,26.08,7,0
CUST_5624,25,0,Male,Urban,Monthly,31.39,0,2022-04-09,20,455.21,9.85,24.17,11,0
CUST_5625,46,0,Male,Urban,Monthly,42.48,0,2019-04-26,56,428.89,9.00,23.33,8,1
CUST_5626,57,0,Female,Suburban,Yearly,30.83,0,2023-05-27,7,471.57,10.17,23.08,2,0
CUST_5627,43,1,Male,Suburban,Prepaid,39.85,0,2019-10-12,50,666.06,10.30,23.58,7,0
CUST_5628,47,0,Male,Suburban,Monthly,34.91,0,2019-01-14,59,696.80,9.77,25.00,8,0
CUST_5629,43,1,Male,Suburban,Yearly,57.68,0,2018-12-28,60,379.66,10.34,23.75,6,0
CUST_563,43,1,Female,Suburban,Prepaid,39.30,0,2019-11-26,49,504.91,11.14,32.42,5,0
CUST_5630,43,1,Male,Suburban,Yearly,55.93,0,2021-06-12,30,426.02,9.81,23.67,9,0
CUST_5631,43,1,Male,Urban,Yearly,41.43,0,2019-08-18,52,505.17,12.08,23.58,7,0
CUST_5632,33,0,Female,Rural,Monthly,44.88,0,2023-01-31,11,559.82,9.18,23.25,8,0
CUST_5633,63,0,Female,Suburban,Yearly,58.93,0,2023-02-24,10,655.67,10.27,25.08,6,0
CUST_5634,43,1,Female,Suburban,Prepaid,44.68,0,2022-10-14,14,454.21,9.27,25.83,3,0
CUST_5635,24,0,Male,Suburban,Monthly,41.07,0,2022-04-22,20,552.81,9.59,21.25,7,1
CUST_5636,33,0,Male,Urban,Monthly,30.06,0,2019-10-03,50,420.79,10.81,25.00,3,0
CUST_5637,62,0,Male,Urban,Monthly,69.58,0,2021-11-17,25,488.64,10.58,19.83,9,0
CUST_5638,64,0,Male,Rural,Prepaid,25.68,0,2021-06-16,30,469.68,10.26,30.00,5,0
CUST_5639,43,1,Male,Rural,Monthly,45.27,0,2021-09-02,27,518.49,10.45,17.17,8,0
CUST_564,54,0,Male,Rural,Prepaid,52.92,0,2019-05-04,55,352.89,9.16,21.92,5,0
CUST_5640,44,0,Male,Rural,Prepaid,36.72,0,2019-07-11,53,506.62,10.46,22.42,8,0
CUST_5641,40,0,Female,Rural,Prepaid,52.18,0,2021-09-21,27,597.48,10.02,22.33,5,0
CUST_5642,41,0,Male,Urban,Prepaid,43.29,0,2021-12-27,24,724.56,9.56,15.75,4,0
CUST_5643,43,1,Female,Rural,Yearly,51.26,0,2020-03-31,45,369.29,10.21,18.25,5,0
CUST_5644,52,0,Male,Suburban,Prepaid,37.39,0,2021-01-23,35,540.91,9.95,23.83,4,0
CUST_5645,43,1,Female,Urban,Yearly,43.20,0,2018-04-04,68,382.41,9.48,25.25,5,0
CUST_5646,37,0,Male,Urban,Prepaid,29.79,0,2020-05-24,43,600.82,10.43,19.50,6,0
CUST_5647,54,0,Female,Urban,Monthly,34.88,0,2018-08-21,64,508.34,8.53,26.17,3,0
CUST_5648,43,1,Female,Suburban,Monthly,43.05,0,2021-11-27,25,456.73,10.67,27.25,7,0
CUST_5649,34,0,Male,Urban,Monthly,52.46,0,2022-03-30,21,433.51,10.32,30.83,11,1
CUST_565,29,0,Male,Urban,Prepaid,33.81,0,2021-01-23,35,557.41,8.42,20.42,5,0
CUST_5650,64,0,Male,Suburban,Yearly,47.80,0,2019-09-06,51,380.17,9.02,24.67,8,0
CUST_5651,43,1,Female,Rural,Monthly,70.45,0,2019-06-24,54,364.74,10.51,23.42,6,1
CUST_5652,43,1,Male,Urban,Monthly,27.30,0,2023-05-25,7,271.69,11.38,24.42,5,0
CUST_5653,32,0,Male,Suburban,Monthly,46.08,0,2018-12-22,60,501.46,8.89,16.00,7,0
CUST_5654,48,0,Male,Urban,Monthly,15.91,0,2023-01-21,11,365.87,9.76,22.67,5,0
CUST_5655,47,0,Female,Rural,Monthly,47.51,0,2020-10-10,38,477.65,9.42,22.08,6,0
CUST_5656,63,0,Male,Urban,Prepaid,39.94,0,2022-01-16,23,561.23,8.53,18.75,6,0
CUST_5657,43,1,Female,Rural,Yearly,42.26,0,2023-05-14,7,614.76,9.41,23.83,6,0
CUST_5658,43,1,Female,Urban,Yearly,39.77,0,2019-08-11,52,558.49,10.11,22.42,2,0
CUST_5659,43,1,Male,Suburban,Prepaid,56.52,0,2021-12-10,24,207.46,9.93,27.33,8,0
CUST_566,20,0,Female,Rural,Monthly,32.26,0,2023-04-29,8,588.26,11.03,18.83,9,0
CUST_5660,43,1,Female,Rural,Yearly,54.20,0,2019-04-28,56,630.51,9.55,28.25,10,0
CUST_5661,34,0,Male,Urban,Monthly,31.91,0,2022-03-21,21,511.75,9.17,29.00,6,1
CUST_5662,43,1,Male,Rural,Monthly,46.62,0,2021-11-07,25,541.90,10.96,17.17,2,0
CUST_5663,47,0,Female,Rural,Prepaid,27.19,0,2019-02-13,58,461.73,9.95,20.33,11,0
CUST_5664,46,0,Female,Suburban,Yearly,24.38,0,2023-05-13,7,407.20,10.71,27.33,11,0
CUST_5665,43,1,Female,Suburban,Monthly,56.01,0,2018-10-05,62,386.69,11.15,22.75,3,0
CUST_5666,63,0,Female,Suburban,Prepaid,32.94,0,2022-04-08,20,541.41,10.54,22.83,8,0
CUST_5667,28,0,Female,Suburban,Monthly,40.79,0,2020-02-29,46,607.50,8.67,16.83,8,0
CUST_5668,51,0,Male,Rural,Monthly,53.29,0,2023-02-06,10,415.27,8.45,22.75,2,0
CUST_5669,67,0,Female,Rural,Monthly,49.74,0,2018-10-15,62,456.59,10.00,25.17,6,0
CUST_567,18,0,Female,Rural,Monthly,14.17,0,2022-03-31,21,360.41,9.42,28.00,7,0
CUST_5670,24,0,Male,Urban,Monthly,71.06,0,2018-01-18,71,658.66,9.22,26.08,6,0
CUST_5671,43,1,Male,Urban,Monthly,31.15,0,2022-12-06,12,323.53,10.16,25.58,7,0
CUST_5672,43,1,Female,Urban,Monthly,68.29,0,2022-12-21,12,475.15,9.44,24.08,3,0
CUST_5673,43,1,Female,Suburban,Yearly,58.68,0,2021-08-31,28,499.84,9.47,21.58,12,0
CUST_5674,67,0,Female,Rural,Yearly,61.40,0,2022-11-23,13,413.90,9.75,15.08,6,0
CUST_5675,55,0,Female,Rural,Monthly,44.13,0,2018-05-23,67,512.70,10.26,22.17,6,0
CUST_5676,41,0,Female,Urban,Yearly,35.72,0,2020-06-27,42,395.16,9.98,21.33,5,0
CUST_5677,27,0,Male,Urban,Yearly,51.43,0,2019-10-10,50,447.90,10.96,18.42,5,0
CUST_5678,43,1,Male,Rural,Prepaid,35.65,0,2020-10-10,38,516.02,10.28,30.25,8,0
CUST_5679,69,0,Male,Suburban,Yearly,35.17,0,2021-07-13,29,473.09,8.88,26.58,8,0
CUST_568,50,0,Female,Rural,Monthly,55.40,0,2023-04-02,8,540.40,10.52,16.50,5,1
CUST_5680,32,0,Female,Urban,Prepaid,52.26,0,2018-11-10,61,579.22,9.59,26.50,6,0
CUST_5681,43,1,Female,Urban,Prepaid,65.78,0,2020-01-27,47,380.29,10.88,25.25,7,0
CUST_5682,37,0,Male,Rural,Monthly,25.94,0,2021-06-11,30,337.05,9.04,32.50,4,0
CUST_5683,20,0,Female,Rural,Monthly,69.60,0,2018-01-16,71,446.65,11.05,23.17,5,0
CUST_5684,54,0,Female,Urban,Monthly,31.38,0,2019-07-13,53,338.17,10.62,27.83,9,0
CUST_5685,43,1,Female,Urban,Monthly,45.40,0,2018-08-17,64,587.47,10.48,23.08,2,0
CUST_5686,43,1,Male,Suburban,Prepaid,45.64,0,2022-09-11,15,357.41,11.36,28.67,4,0
CUST_5687,57,0,Female,Suburban,Yearly,42.74,0,2018-05-18,67,481.56,10.35,29.08,2,0
CUST_5688,61,0,Male,Suburban,Monthly,46.45,0,2021-08-17,28,481.94,9.62,28.67,6,0
CUST_5689,40,0,Female,Suburban,Yearly,52.01,0,2019-07-16,53,420.26,7.78,23.75,9,0
CUST_569,57,0,Female,Urban,Yearly,50.48,0,2021-12-11,24,612.50,9.72,28.58,7,0
CUST_5690,43,1,Female,Urban,Prepaid,69.09,0,2018-06-02,66,324.74,10.18,26.83,7,0
CUST_5691,28,0,Male,Urban,Monthly,46.97,0,2019-10-07,50,439.47,9.75,20.83,8,0
CUST_5692,43,1,Female,Urban,Monthly,36.31,0,2020-11-23,37,550.17,10.49,24.00,5,0
CUST_5693,25,0,Female,Suburban,Monthly,33.97,0,2021-04-26,32,619.38,11.15,22.08,4,1
CUST_5694,46,0,Female,Urban,Prepaid,54.79,0,2021-02-06,34,588.60,10.05,25.25,4,0
CUST_5695,47,0,Male,Rural,Monthly,62.26,0,2020-10-22,38,623.08,9.91,21.83,10,0
CUST_5696,27,0,Female,Suburban,Prepaid,40.27,0,2018-10-06,62,480.20,9.71,25.58,5,0
CUST_5697,56,0,Female,Rural,Monthly,63.75,0,2023-02-28,10,473.63,8.14,24.25,7,0
CUST_5698,45,0,Female,Suburban,Yearly,82.53,0,2018-08-15,64,303.15,9.37,22.08,8,0
CUST_5699,66,0,Female,Urban,Prepaid,69.79,0,2018-11-15,61,471.18,9.42,36.33,4,0
CUST_57,64,0,Male,Urban,Yearly,54.63,0,2021-03-10,33,447.97,8.77,33.92,9,0
CUST_570,43,1,Male,Suburban,Prepaid,58.11,0,2022-02-21,22,525.81,9.75,26.33,5,1
CUST_5700,53,0,Female,Suburban,Monthly,39.13,0,2021-03-28,33,483.01,10.63,15.08,5,0
CUST_5701,30,0,Male,Rural,Monthly,65.47,0,2022-05-23,19,543.51,10.38,21.50,7,0
CUST_5702,49,0,Male,Suburban,Prepaid,63.87,0,2022-08-22,16,428.54,9.66,25.00,6,0
CUST_5703,53,0,Female,Rural,Prepaid,50.95,0,2018-06-21,66,585.74,8.73,25.00,5,0
CUST_5704,54,0,Female,Urban,Prepaid,63.46,0,2021-10-25,26,380.31,10.15,30.92,4,0
CUST_5705,43,1,Male,Rural,Prepaid,61.41,0,2019-11-10,49,642.91,9.68,18.92,5,0
CUST_5706,43,1,Female,Urban,Prepaid,68.71,0,2020-03-13,45,469.23,10.69,19.58,12,0
CUST_5707,21,0,Female,Rural,Prepaid,58.68,0,2020-05-05,43,512.55,8.90,31.25,3,0
CUST_5708,48,0,Female,Urban,Prepaid,61.32,0,2023-06-05,6,576.38,11.18,25.25,6,0
CUST_5709,35,0,Female,Rural,Yearly,34.70,0,2018-07-31,65,453.85,10.47,25.00,10,0
CUST_571,60,0,Female,Suburban,Yearly,68.33,0,2022-10-07,14,591.51,9.46,22.50,6,0
CUST_5710,55,0,Female,Urban,Yearly,49.97,0,2021-02-09,34,547.15,10.51,28.17,5,0
CUST_5711,41,0,Female,Urban,Monthly,38.75,0,2020-05-24,43,504.25,8.80,29.42,8,0
CUST_5712,40,0,Female,Urban,Monthly,67.93,0,2021-09-30,27,395.55,10.62,23.58,2,0
CUST_5713,43,1,Female,Rural,Prepaid,29.63,0,2021-06-13,30,409.82,9.35,29.33,7,0
CUST_5714,43,1,Male,Rural,Monthly,17.17,0,2020-04-11,44,560.32,11.07,26.33,5,0
CUST_5715,48,0,Male,Urban,Prepaid,28.76,0,2020-08-01,40,424.98,10.02,24.08,4,0
CUST_5716,43,1,Female,Suburban,Monthly,46.58,0,2019-05-30,55,317.02,9.83,21.67,5,0
CUST_5717,45,0,Female,Urban,Yearly,19.65,0,2023-03-12,9,394.86,11.17,28.17,6,1
CUST_5718,63,0,Female,Suburban,Prepaid,21.61,0,2018-12-25,60,574.25,11.23,28.33,10,0
CUST_5719,49,0,Female,Urban,Monthly,59.97,0,2022-07-17,17,659.70,8.82,22.58,12,1
CUST_572,61,0,Male,Rural,Yearly,46.38,0,2022-04-08,20,530.59,8.89,26.08,8,0
CUST_5720,22,0,Male,Rural,Monthly,29.10,0,2019-05-24,55,548.91,9.29,24.00,4,0
CUST_5721,55,0,Male,Suburban,Yearly,65.07,0,2019-07-21,53,592.66,9.27,19.83,4,0
CUST_5722,27,0,Male,Rural,Prepaid,30.17,0,2018-11-09,61,611.80,11.29,27.33,8,0
CUST_5723,57,0,Male,Suburban,Prepaid,17.95,0,2018-08-18,64,574.62,9.22,22.00,8,0
CUST_5724,63,0,Female,Suburban,Yearly,34.57,0,2019-10-03,50,374.70,11.46,35.67,6,0
CUST_5725,41,0,Female,Suburban,Prepaid,30.68,0,2020-05-14,43,634.48,8.87,25.00,6,0
CUST_5726,43,1,Female,Suburban,Monthly,30.60,0,2021-01-18,35,645.44,10.45,24.17,4,0
CUST_5727,61,0,Male,Rural,Yearly,48.36,0,2020-09-24,39,407.81,9.27,25.92,4,1
CUST_5728,65,0,Female,Suburban,Yearly,52.55,0,2018-03-31,69,772.27,8.53,28.25,6,0
CUST_5729,40,0,Female,Urban,Prepaid,70.73,0,2022-10-11,14,617.64,9.72,27.33,10,0
CUST_573,46,0,Male,Rural,Monthly,48.96,0,2019-10-20,50,519.77,9.48,23.58,4,0
CUST_5730,43,1,Male,Urban,Prepaid,44.56,0,2022-09-12,15,517.84,10.56,23.92,11,0
CUST_5731,18,0,Male,Suburban,Prepaid,54.30,0,2022-06-24,18,429.36,10.80,30.17,9,0
CUST_5732,43,1,Male,Rural,Monthly,30.06,0,2020-05-09,43,394.64,9.04,32.08,3,0
CUST_5733,48,0,Male,Rural,Monthly,36.38,0,2022-07-27,17,473.26,9.56,22.58,6,0
CUST_5734,43,1,Male,Suburban,Yearly,69.50,0,2020-01-24,47,418.67,8.57,25.17,12,0
CUST_5735,59,0,Female,Rural,Monthly,71.07,0,2022-12-25,12,482.88,9.77,19.25,5,0
CUST_5736,51,0,Female,Rural,Monthly,73.81,0,2021-07-14,29,428.77,8.80,17.00,10,0
CUST_5737,26,0,Male,Rural,Monthly,48.11,0,2022-02-25,22,698.65,8.62,24.58,5,0
CUST_5738,39,0,Female,Suburban,Prepaid,30.14,0,2021-08-08,28,446.51,8.75,21.17,4,0
CUST_5739,30,0,Female,Urban,Prepaid,38.28,0,2023-03-26,9,475.11,10.56,27.50,8,0
CUST_574,30,0,Female,Urban,Prepaid,55.15,0,2021-11-23,25,381.28,9.41,24.00,11,0
CUST_5740,42,0,Female,Urban,Prepaid,45.08,0,2020-03-18,45,536.89,9.67,27.50,3,0
CUST_5741,43,1,Female,Urban,Yearly,41.52,0,2018-05-28,67,550.87,9.44,27.50,4,0
CUST_5742,35,0,Male,Urban,Monthly,51.70,0,2019-06-06,54,290.82,10.28,31.67,6,0
CUST_5743,43,1,Female,Urban,Prepaid,61.27,0,2018-08-22,64,473.70,9.41,24.75,4,0
CUST_5744,29,0,Female,Rural,Monthly,34.56,0,2020-01-14,47,429.11,10.51,24.00,8,0
CUST_5745,57,0,Female,Rural,Prepaid,78.76,0,2021-03-06,33,306.56,9.08,30.17,6,1
CUST_5746,34,0,Male,Rural,Prepaid,51.12,0,2023-06-21,6,389.88,9.57,20.83,8,0
CUST_5747,32,0,Female,Suburban,Yearly,70.37,0,2019-03-13,57,500.75,10.18,21.33,6,1
CUST_5748,59,0,Male,Rural,Yearly,56.35,0,2022-01-30,23,674.23,10.29,19.17,4,0
CUST_5749,32,0,Male,Urban,Prepaid,82.34,0,2018-03-29,69,515.94,10.18,19.92,5,0
CUST_575,29,0,Male,Rural,Monthly,41.45,0,2021-11-02,25,463.96,11.80,25.50,7,0
CUST_5750,32,0,Male,Rural,Monthly,32.55,0,2018-09-30,63,543.87,10.07,26.83,5,0
CUST_5751,56,0,Male,Urban,Monthly,42.29,0,2019-02-06,58,570.50,10.51,25.83,10,0
CUST_5752,30,0,Female,Rural,Prepaid,42.34,0,2023-01-21,11,528.04,8.36,25.58,6,0
CUST_5753,43,1,Male,Urban,Monthly,52.74,0,2022-09-17,15,467.89,9.11,25.83,1,0
CUST_5754,43,1,Male,Rural,Prepaid,51.89,0,2018-02-21,70,461.28,10.30,23.17,6,0
CUST_5755,26,0,Male,Urban,Prepaid,55.83,0,2018-05-18,67,775.96,9.31,28.08,7,0
CUST_5756,43,1,Male,Urban,Prepaid,52.10,0,2020-04-05,44,533.73,10.04,20.42,3,0
CUST_5757,37,0,Male,Suburban,Prepaid,58.36,0,2019-10-28,50,499.85,10.62,23.83,6,0
CUST_5758,43,0,Female,Rural,Prepaid,42.74,0,2021-11-05,25,502.17,9.75,24.83,4,0
CUST_5759,44,0,Male,Urban,Prepaid,57.01,0,2023-02-22,10,525.70,10.96,23.92,10,0
CUST_576,48,0,Male,Rural,Prepaid,28.13,0,2018-08-04,64,774.30,12.66,30.50,5,0
CUST_5760,38,0,Female,Rural,Monthly,92.23,0,2020-06-24,42,336.42,8.47,31.33,6,0
CUST_5761,35,0,Female,Urban,Monthly,50.07,0,2021-08-01,28,616.10,9.87,23.92,4,0
CUST_5762,30,0,Male,Suburban,Prepaid,28.34,0,2020-02-23,46,479.84,9.05,32.75,2,0
CUST_5763,43,1,Female,Suburban,Prepaid,40.59,0,2019-10-19,50,568.41,10.37,26.00,6,0
CUST_5764,43,1,Female,Suburban,Prepaid,43.11,0,2023-02-25,10,392.22,9.47,26.33,4,0
CUST_5765,29,0,Female,Suburban,Yearly,36.71,0,2023-01-10,11,529.84,10.58,27.92,4,0
CUST_5766,61,0,Male,Urban,Prepaid,51.83,0,2018-12-23,60,585.21,8.32,25.25,3,0
CUST_5767,55,0,Male,Rural,Yearly,61.99,0,2018-10-08,62,445.03,10.02,23.83,6,0
CUST_5768,36,0,Male,Suburban,Monthly,30.50,0,2021-03-16,33,341.45,10.44,24.08,7,0
CUST_5769,43,1,Male,Suburban,Yearly,24.59,0,2018-08-01,64,513.45,8.61,33.33,4,0
CUST_577,63,0,Female,Rural,Monthly,32.73,0,2018-12-30,60,377.99,10.10,28.00,1,0
CUST_5770,52,0,Male,Suburban,Monthly,87.11,0,2019-05-30,55,399.66,10.23,25.08,6,0
CUST_5771,43,1,Male,Rural,Prepaid,35.93,0,2022-09-12,15,545.96,7.86,28.75,7,0
CUST_5772,35,0,Male,Urban,Monthly,356.00,0,2023-06-09,6,704.13,8.79,28.08,7,0
CUST_5773,43,1,Female,Urban,Monthly,61.42,0,2020-01-01,47,624.47,9.99,30.92,4,0
CUST_5774,43,1,Female,Urban,Monthly,40.95,0,2021-10-13,26,556.20,10.39,19.75,9,0
CUST_5775,21,0,Male,Urban,Monthly,38.18,0,2020-11-08,37,443.43,9.66,19.75,4,0
CUST_5776,42,0,Female,Rural,Prepaid,40.93,0,2022-10-03,14,421.86,10.05,23.50,6,0
CUST_5777,49,0,Male,Rural,Monthly,43.37,0,2021-05-25,31,507.61,8.57,24.33,5,0
CUST_5778,43,1,Male,Rural,Yearly,59.29,0,2021-08-25,28,587.94,9.78,25.00,5,1
CUST_5779,30,0,Male,Suburban,Yearly,29.11,0,2020-06-22,42,722.27,10.73,24.67,1,0
CUST_578,43,1,Male,Suburban,Prepaid,49.40,0,2019-09-05,51,616.91,9.58,29.25,4,0
CUST_5780,43,1,Female,Rural,Monthly,69.23,0,2019-12-25,48,420.23,8.91,21.42,4,0
CUST_5781,34,0,Male,Urban,Prepaid,40.41,0,2020-04-07,44,433.86,10.65,24.67,5,0
CUST_5782,66,0,Male,Rural,Prepaid,28.05,0,2021-10-22,26,467.20,8.83,21.83,7,1
CUST_5783,54,0,Male,Suburban,Yearly,52.78,0,2022-01-07,23,600.89,9.97,24.58,3,0
CUST_5784,23,0,Male,Urban,Yearly,86.05,0,2019-11-21,49,617.17,11.20,35.67,4,0
CUST_5785,43,1,Female,Rural,Yearly,37.41,0,2019-08-24,52,442.22,10.58,20.83,7,0
CUST_5786,30,0,Male,Urban,Monthly,51.93,0,2022-12-14,12,569.44,9.88,24.25,4,0
CUST_5787,43,1,Female,Urban,Yearly,52.12,0,2022-05-01,19,507.71,10.86,34.75,5,0
CUST_5788,31,0,Female,Rural,Yearly,78.28,0,2019-12-15,48,564.87,11.31,26.83,3,0
CUST_5789,43,1,Male,Rural,Monthly,35.92,0,2021-12-03,24,306.65,10.23,29.50,8,0
CUST_579,43,1,Male,Rural,Monthly,65.00,0,2020-07-16,41,213.60,9.69,28.33,4,0
CUST_5790,21,0,Male,Suburban,Monthly,64.04,0,2020-06-22,42,409.39,10.40,20.75,9,0
CUST_5791,43,1,Female,Rural,Prepaid,28.65,0,2019-12-25,48,468.99,8.60,27.17,5,0
CUST_5792,43,1,Female,Rural,Monthly,53.33,0,2018-02-07,70,833.33,9.28,22.75,2,0
CUST_5793,42,0,Female,Rural,Yearly,61.05,0,2021-11-17,25,424.44,8.55,24.67,2,0
CUST_5794,43,1,Female,Urban,Prepaid,65.06,0,2023-01-31,11,610.88,10.29,22.08,5,0
CUST_5795,43,1,Male,Suburban,Monthly,29.48,0,2021-11-14,25,661.58,8.88,25.58,4,1
CUST_5796,43,1,Female,Urban,Prepaid,19.81,0,2020-06-03,42,633.22,9.57,27.83,4,0
CUST_5797,55,0,Female,Rural,Yearly,47.04,0,2019-09-24,51,532.87,9.02,25.83,4,0
CUST_5798,43,1,Female,Suburban,Monthly,41.45,0,2019-09-08,51,698.80,9.79,26.17,3,0
CUST_5799,43,1,Female,Rural,Yearly,28.71,0,2022-09-10,15,567.47,9.25,26.42,7,0
CUST_58,24,0,Female,Urban,Prepaid,69.29,0,2019-05-21,55,504.85,9.46,21.42,4,1
CUST_580,67,0,Female,Suburban,Monthly,73.51,0,2023-01-22,11,524.10,9.31,27.00,7,0
CUST_5800,20,0,Male,Urban,Monthly,30.42,0,2021-06-12,30,446.75,10.56,28.00,6,1
CUST_5801,45,0,Male,Urban,Monthly,42.83,0,2020-02-12,46,540.58,9.34,22.58,7,0
CUST_5802,20,0,Male,Rural,Prepaid,75.64,0,2020-05-15,43,622.58,10.39,17.08,8,0
CUST_5803,62,0,Female,Suburban,Monthly,31.52,0,2022-06-21,18,539.13,8.66,24.92,5,0
CUST_5804,51,0,Female,Urban,Monthly,63.37,0,2019-05-21,55,402.62,9.32,23.08,6,0
CUST_5805,43,1,Male,Rural,Monthly,27.93,0,2019-10-14,50,342.87,9.90,11.08,7,0
CUST_5806,43,1,Male,Rural,Prepaid,38.70,0,2023-04-21,8,408.91,8.81,23.42,3,0
CUST_5807,43,1,Female,Rural,Yearly,27.02,0,2018-02-28,70,471.29,10.55,27.25,4,0
CUST_5808,55,0,Male,Suburban,Monthly,82.59,0,2019-12-24,48,611.19,9.26,16.58,8,0
CUST_5809,43,1,Female,Rural,Yearly,64.35,0,2019-09-06,51,399.48,9.89,18.83,5,0
CUST_581,43,1,Female,Urban,Prepaid,45.73,0,2020-11-23,37,421.87,8.85,25.33,5,0
CUST_5810,25,0,Female,Rural,Monthly,60.52,0,2018-08-25,64,347.72,10.08,24.92,10,0
CUST_5811,43,1,Female,Urban,Prepaid,59.76,0,2019-01-05,59,377.13,10.96,25.75,7,0
CUST_5812,31,0,Female,Rural,Monthly,37.89,0,2021-04-03,32,240.38,9.64,25.75,6,0
CUST_5813,43,1,Female,Suburban,Yearly,50.53,0,2018-12-11,60,371.34,8.62,16.42,6,0
CUST_5814,43,1,Female,Rural,Monthly,34.32,0,2021-07-05,29,453.58,9.64,21.75,2,0
CUST_5815,27,0,Male,Suburban,Monthly,90.41,0,2020-09-01,39,608.30,7.85,18.92,8,0
CUST_5816,20,0,Male,Rural,Yearly,33.13,0,2022-06-16,18,425.78,10.07,31.00,4,1
CUST_5817,29,0,Male,Rural,Prepaid,37.09,0,2019-11-03,49,489.98,9.41,29.50,9,0
CUST_5818,66,0,Female,Rural,Prepaid,74.05,0,2019-05-14,55,564.56,9.44,27.08,2,0
CUST_5819,48,0,Male,Suburban,Monthly,48.43,0,2018-12-26,60,521.43,10.42,19.25,8,0
CUST_582,43,1,Female,Urban,Prepaid,52.52,0,2019-11-14,49,585.87,10.48,23.08,5,0
CUST_5820,46,0,Female,Urban,Prepaid,295.30,0,2018-12-15,60,594.67,10.49,31.17,4,0
CUST_5821,43,1,Female,Suburban,Monthly,48.78,0,2018-05-14,67,564.88,10.97,11.58,6,0
CUST_5822,69,0,Female,Urban,Monthly,39.66,0,2018-07-26,65,514.33,8.77,26.83,11,1
CUST_5823,43,1,Female,Suburban,Monthly,39.67,0,2022-07-05,17,410.01,10.01,29.92,6,0
CUST_5824,58,0,Male,Rural,Prepaid,62.94,0,2021-01-21,35,396.74,9.08,23.17,5,0
CUST_5825,48,0,Male,Rural,Monthly,53.41,0,2019-09-12,51,486.08,8.90,25.17,5,0
CUST_5826,38,0,Male,Urban,Monthly,68.05,0,2023-02-02,10,382.24,9.81,23.17,6,0
CUST_5827,37,0,Female,Urban,Monthly,67.86,0,2018-10-14,62,264.33,8.56,23.58,4,1
CUST_5828,56,0,Male,Suburban,Yearly,58.65,0,2018-08-24,64,567.03,10.13,27.42,8,0
CUST_5829,39,0,Male,Suburban,Prepaid,65.72,0,2019-07-21,53,445.53,11.13,19.67,5,0
CUST_583,43,1,Female,Suburban,Prepaid,390.30,0,2018-01-07,71,483.74,8.93,23.92,3,0
CUST_5830,21,0,Male,Urban,Monthly,58.06,0,2020-01-17,47,573.11,8.31,26.75,4,0
CUST_5831,30,0,Female,Urban,Monthly,55.71,0,2021-10-25,26,676.47,7.80,28.67,8,0
CUST_5832,62,0,Male,Suburban,Monthly,45.14,0,2021-11-12,25,359.67,9.31,23.25,4,0
CUST_5833,59,0,Female,Urban,Monthly,24.62,0,2022-06-11,18,511.24,10.94,28.83,9,0
CUST_5834,43,1,Male,Urban,Prepaid,40.48,0,2020-04-18,44,453.70,10.87,26.92,8,0
CUST_5835,66,0,Female,Urban,Prepaid,71.71,0,2021-05-25,31,301.06,11.94,25.33,3,0
CUST_5836,43,1,Male,Urban,Monthly,54.33,0,2022-08-17,16,513.31,10.91,26.08,5,0
CUST_5837,43,1,Male,Rural,Monthly,43.97,0,2018-01-02,71,485.92,9.37,29.67,6,0
CUST_5838,43,1,Male,Rural,Prepaid,68.03,0,2022-10-19,14,703.55,10.25,29.33,7,1
CUST_5839,43,1,Female,Urban,Monthly,43.28,0,2018-06-06,66,452.85,10.80,25.83,5,1
CUST_584,43,0,Female,Suburban,Monthly,57.75,0,2019-08-26,52,739.60,9.85,22.25,6,0
CUST_5840,53,0,Male,Suburban,Yearly,60.62,0,2018-08-09,64,600.18,8.63,28.58,8,0
CUST_5841,43,1,Male,Rural,Prepaid,69.95,0,2022-11-25,13,547.49,9.86,23.42,6,0
CUST_5842,18,0,Female,Suburban,Yearly,59.11,0,2019-07-29,53,458.40,10.59,29.42,1,0
CUST_5843,43,1,Female,Suburban,Prepaid,65.93,0,2022-08-15,16,649.46,9.89,23.83,5,0
CUST_5844,30,0,Female,Rural,Monthly,57.09,0,2022-02-02,22,427.88,8.70,24.42,6,0
CUST_5845,34,0,Female,Suburban,Monthly,21.43,0,2020-08-07,40,494.60,9.42,27.75,7,0
CUST_5846,41,0,Male,Suburban,Prepaid,69.66,0,2019-04-02,56,575.68,9.47,27.42,8,0
CUST_5847,25,0,Male,Urban,Yearly,62.04,0,2021-05-26,31,430.76,9.34,21.33,10,0
CUST_5848,67,0,Female,Urban,Monthly,45.43,0,2020-04-19,44,587.19,11.29,29.00,3,1
CUST_5849,44,0,Male,Urban,Prepaid,41.19,0,2018-08-07,64,555.13,9.67,20.50,7,0
CUST_585,43,1,Female,Suburban,Yearly,52.06,0,2018-12-04,60,538.33,9.22,29.58,9,0
CUST_5850,43,1,Female,Rural,Monthly,51.85,0,2022-06-28,18,508.01,10.38,22.58,8,0
CUST_5851,40,0,Male,Urban,Monthly,32.01,0,2019-02-28,58,569.04,11.10,22.25,7,0
CUST_5852,63,0,Female,Suburban,Yearly,64.14,0,2021-03-31,33,501.30,10.74,18.17,7,0
CUST_5853,25,0,Male,Suburban,Monthly,47.73,0,2018-10-11,62,424.65,9.84,30.33,10,0
CUST_5854,25,0,Female,Suburban,Prepaid,36.51,0,2021-06-26,30,617.87,7.72,23.33,5,0
CUST_5855,43,1,Female,Suburban,Prepaid,59.97,0,2018-06-28,66,497.45,7.68,17.83,9,0
CUST_5856,64,0,Male,Suburban,Monthly,57.12,0,2019-01-17,59,405.24,10.03,30.92,6,0
CUST_5857,30,0,Male,Rural,Monthly,62.25,0,2020-07-10,41,401.34,10.21,28.67,4,0
CUST_5858,56,0,Male,Suburban,Yearly,30.73,0,2023-05-24,7,495.39,9.88,20.67,6,0
CUST_5859,43,1,Female,Rural,Monthly,61.05,0,2021-02-08,34,491.33,9.28,20.25,3,0
CUST_586,46,0,Female,Suburban,Prepaid,53.15,0,2019-08-07,52,511.33,10.36,23.17,11,1
CUST_5860,43,1,Male,Suburban,Yearly,76.80,0,2019-06-09,54,478.67,10.09,25.83,6,0
CUST_5861,45,0,Female,Rural,Yearly,49.36,0,2021-03-19,33,508.74,9.41,32.17,6,0
CUST_5862,42,0,Male,Rural,Monthly,48.40,0,2020-09-15,39,432.43,10.09,22.75,4,1
CUST_5863,33,0,Male,Suburban,Prepaid,29.15,0,2018-12-26,60,656.01,10.51,30.00,12,1
CUST_5864,19,0,Female,Suburban,Prepaid,51.23,0,2021-11-30,25,534.61,9.70,18.58,5,0
CUST_5865,35,0,Female,Suburban,Prepaid,34.65,0,2018-02-09,70,563.08,10.50,30.17,5,0
CUST_5866,43,1,Male,Suburban,Monthly,67.51,0,2019-04-29,56,628.22,10.50,26.75,7,0
CUST_5867,47,0,Female,Urban,Prepaid,86.40,0,2023-02-28,10,481.79,8.67,27.92,9,0
CUST_5868,43,1,Female,Urban,Prepaid,86.78,0,2020-05-21,43,542.57,8.87,14.17,4,0
CUST_5869,43,1,Male,Rural,Prepaid,37.16,0,2018-06-09,66,669.37,10.80,25.75,5,0
CUST_587,43,0,Male,Rural,Monthly,58.73,0,2020-06-10,42,519.44,11.59,17.67,5,0
CUST_5870,49,0,Female,Rural,Prepaid,38.93,0,2019-12-14,48,390.44,9.76,17.42,6,0
CUST_5871,43,1,Male,Urban,Prepaid,59.08,0,2020-05-26,43,474.05,9.58,25.92,9,0
CUST_5872,46,0,Male,Rural,Prepaid,46.55,0,2018-06-13,66,341.45,11.65,17.33,5,0
CUST_5873,63,0,Female,Suburban,Monthly,50.21,0,2021-11-03,25,500.23,10.57,31.00,7,0
CUST_5874,47,0,Male,Rural,Prepaid,86.82,0,2023-05-14,7,609.95,9.50,22.75,8,0
CUST_5875,35,0,Female,Rural,Yearly,33.74,0,2022-12-13,12,433.59,11.89,26.67,5,0
CUST_5876,30,0,Male,Rural,Prepaid,54.00,0,2020-05-10,43,495.54,10.21,30.00,6,0
CUST_5877,60,0,Female,Urban,Yearly,55.71,0,2018-03-13,69,456.07,10.39,18.25,7,0
CUST_5878,38,0,Female,Urban,Monthly,65.75,0,2020-02-08,46,506.91,9.87,28.00,10,0
CUST_5879,43,1,Female,Rural,Monthly,37.06,0,2020-11-20,37,417.08,11.30,27.92,6,0
CUST_588,27,0,Male,Suburban,Prepaid,31.70,0,2020-11-16,37,477.58,8.32,35.00,7,0
CUST_5880,38,0,Female,Suburban,Monthly,72.25,0,2019-09-26,51,470.05,10.30,23.25,6,0
CUST_5881,65,0,Female,Rural,Prepaid,53.94,0,2020-04-23,44,642.20,9.56,24.08,9,1
CUST_5882,43,1,Male,Urban,Prepaid,37.57,0,2022-09-13,15,472.55,11.69,22.17,6,0
CUST_5883,57,0,Male,Suburban,Monthly,47.29,0,2020-02-07,46,393.81,8.98,21.33,9,0
CUST_5884,43,1,Female,Rural,Yearly,65.04,0,2020-05-10,43,441.64,12.17,23.58,8,0
CUST_5885,43,1,Male,Urban,Yearly,81.24,0,2020-05-05,43,506.17,8.43,26.83,5,0
CUST_5886,32,0,Female,Suburban,Monthly,44.73,0,2018-06-28,66,585.15,10.10,20.67,4,0
CUST_5887,26,0,Female,Rural,Monthly,81.74,0,2019-03-06,57,524.99,11.22,21.50,3,0
CUST_5888,69,0,Male,Urban,Monthly,68.64,0,2022-05-12,19,417.76,9.11,29.00,6,0
CUST_5889,43,1,Male,Suburban,Monthly,42.34,0,2019-06-20,54,323.42,10.52,26.75,8,0
CUST_589,43,1,Female,Suburban,Monthly,61.41,0,2022-08-27,16,792.10,9.09,16.25,11,0
CUST_5890,61,0,Female,Rural,Yearly,59.04,0,2023-06-10,6,307.00,8.72,20.75,6,0
CUST_5891,48,0,Female,Suburban,Prepaid,63.08,0,2023-06-21,6,405.22,10.47,29.08,8,0
CUST_5892,40,0,Female,Suburban,Yearly,46.40,0,2020-03-16,45,358.77,9.84,28.33,4,0
CUST_5893,69,0,Female,Suburban,Prepaid,40.33,0,2022-12-31,12,579.72,10.82,25.00,4,0
CUST_5894,43,1,Female,Urban,Monthly,48.00,0,2022-10-27,14,289.02,10.55,34.17,4,0
CUST_5895,50,0,Female,Rural,Yearly,44.19,0,2022-11-12,13,485.01,11.29,23.75,14,1
CUST_5896,69,0,Male,Suburban,Yearly,54.14,0,2019-02-22,58,508.86,11.07,22.17,7,0
CUST_5897,43,1,Female,Suburban,Monthly,82.74,0,2021-02-20,34,405.11,11.16,24.50,6,0
CUST_5898,64,0,Female,Suburban,Prepaid,56.88,0,2021-07-20,29,453.18,10.91,25.42,4,0
CUST_5899,18,0,Male,Urban,Prepaid,77.13,0,2020-03-14,45,561.25,10.73,26.50,4,0
CUST_59,43,1,Male,Rural,Prepaid,56.69,0,2018-12-06,60,454.11,9.86,25.33,5,0
CUST_590,51,0,Male,Suburban,Yearly,56.59,0,2019-01-27,59,501.75,11.50,27.83,4,0
CUST_5900,61,0,Female,Suburban,Prepaid,58.53,0,2022-05-01,19,492.86,10.26,25.83,7,0
CUST_5901,52,0,Female,Urban,Monthly,93.40,0,2018-05-22,67,409.01,9.42,25.25,5,1
CUST_5902,28,0,Male,Urban,Monthly,37.80,0,2021-02-15,34,413.52,10.02,25.25,7,0
CUST_5903,51,0,Female,Suburban,Monthly,19.01,0,2019-07-19,53,621.22,10.89,32.92,5,0
CUST_5904,33,0,Male,Suburban,Monthly,54.10,0,2023-05-23,7,520.06,8.20,16.17,6,0
CUST_5905,26,0,Female,Urban,Monthly,55.99,0,2019-11-22,49,533.61,9.95,18.42,4,0
CUST_5906,49,0,Male,Urban,Monthly,73.64,0,2022-09-07,15,350.77,9.61,21.08,2,0
CUST_5907,32,0,Male,Suburban,Yearly,78.57,0,2019-10-06,50,646.35,8.71,28.67,3,0
CUST_5908,29,0,Male,Urban,Prepaid,26.61,0,2019-12-20,48,452.37,9.43,27.00,9,0
CUST_5909,43,1,Female,Urban,Yearly,47.42,0,2020-12-19,36,509.50,9.40,24.83,10,0
CUST_591,68,0,Male,Rural,Prepaid,66.32,0,2019-05-14,55,536.22,9.69,27.75,4,0
CUST_5910,62,0,Female,Suburban,Prepaid,52.09,0,2018-09-17,63,592.86,10.72,19.83,2,1
CUST_5911,31,0,Male,Suburban,Monthly,32.70,0,2019-08-12,52,391.91,9.62,19.75,8,0
CUST_5912,25,0,Male,Rural,Yearly,47.90,0,2022-11-06,13,462.15,9.39,18.50,8,0
CUST_5913,25,0,Female,Suburban,Prepaid,66.36,0,2021-09-12,27,681.93,8.86,28.17,6,0
CUST_5914,44,0,Female,Suburban,Prepaid,67.44,0,2021-05-08,31,545.35,8.34,24.67,8,0
CUST_5915,29,0,Female,Suburban,Prepaid,55.62,0,2022-03-03,21,415.23,10.92,26.00,4,0
CUST_5916,18,0,Female,Rural,Prepaid,75.44,0,2019-05-01,55,574.27,11.12,28.50,4,0
CUST_5917,60,0,Female,Urban,Monthly,55.23,0,2023-01-16,11,564.30,11.36,24.75,8,0
CUST_5918,57,0,Male,Suburban,Prepaid,69.19,0,2019-06-09,54,502.29,10.38,21.75,4,0
CUST_5919,59,0,Female,Suburban,Prepaid,37.42,0,2022-08-24,16,426.24,9.13,25.92,3,0
CUST_592,58,0,Female,Rural,Yearly,57.41,0,2018-06-24,66,443.24,10.16,24.00,8,0
CUST_5920,68,0,Male,Rural,Monthly,38.42,0,2020-03-21,45,452.21,10.89,20.58,8,0
CUST_5921,43,1,Female,Rural,Monthly,81.16,0,2020-07-18,41,569.62,8.56,22.75,3,0
CUST_5922,56,0,Male,Rural,Monthly,42.68,0,2023-04-29,8,308.41,9.63,28.17,8,0
CUST_5923,43,1,Male,Urban,Monthly,65.20,0,2021-11-19,25,417.23,10.34,21.92,11,0
CUST_5924,48,0,Female,Rural,Monthly,42.10,0,2020-07-03,41,521.26,9.71,23.83,10,0
CUST_5925,34,0,Male,Urban,Prepaid,55.85,0,2023-05-18,7,617.32,9.99,20.92,7,0
CUST_5926,43,1,Male,Suburban,Monthly,47.96,0,2018-05-14,67,304.65,8.90,32.17,9,0
CUST_5927,49,0,Male,Suburban,Yearly,60.74,0,2020-01-26,47,554.02,9.00,29.42,8,0
CUST_5928,43,1,Male,Suburban,Prepaid,60.66,0,2020-08-19,40,474.62,8.74,32.17,6,0
CUST_5929,43,1,Female,Rural,Monthly,40.08,0,2022-02-20,22,549.34,9.86,23.83,7,0
CUST_593,24,0,Male,Rural,Monthly,65.32,0,2018-01-18,71,572.48,8.89,24.08,6,0
CUST_5930,38,0,Male,Suburban,Yearly,61.25,0,2019-04-01,56,591.80,8.59,22.00,7,0
CUST_5931,57,0,Female,Rural,Yearly,32.86,0,2019-06-02,54,638.59,11.02,16.08,10,0
CUST_5932,40,0,Male,Urban,Monthly,75.89,0,2020-06-10,42,512.90,10.39,19.25,7,0
CUST_5933,43,1,Female,Suburban,Monthly,55.39,0,2021-08-07,28,393.82,11.24,18.58,7,0
CUST_5934,39,0,Female,Urban,Monthly,4.58,0,2022-10-09,14,605.66,10.58,23.08,5,0
CUST_5935,67,0,Female,Rural,Monthly,30.37,0,2023-01-29,11,517.90,9.89,26.75,6,0
CUST_5936,55,0,Male,Rural,Monthly,60.27,0,2018-12-09,60,457.79,10.02,21.75,7,0
CUST_5937,54,0,Female,Suburban,Prepaid,64.41,0,2023-06-03,6,582.11,9.09,17.75,9,0
CUST_5938,62,0,Female,Suburban,Prepaid,44.14,0,2021-08-27,28,466.29,10.55,30.67,7,0
CUST_5939,68,0,Male,Rural,Prepaid,52.36,0,2020-02-02,46,677.59,11.21,20.92,6,1
CUST_594,21,0,Female,Urban,Prepaid,36.16,0,2023-01-26,11,404.46,11.02,27.92,1,0
CUST_5940,25,0,Female,Suburban,Prepaid,60.88,0,2018-02-11,70,543.17,9.71,26.42,9,1
CUST_5941,58,0,Male,Suburban,Monthly,69.67,0,2019-04-18,56,370.04,10.65,23.08,10,0
CUST_5942,66,0,Male,Urban,Yearly,63.62,0,2022-06-11,18,513.58,9.70,21.00,5,0
CUST_5943,52,0,Female,Rural,Yearly,41.59,0,2019-06-26,54,409.84,9.52,27.42,8,0
CUST_5944,43,1,Male,Urban,Monthly,70.46,0,2021-05-02,31,577.41,10.67,22.33,6,0
CUST_5945,28,0,Male,Suburban,Yearly,17.40,0,2020-01-22,47,455.13,10.72,22.00,5,0
CUST_5946,41,0,Male,Urban,Yearly,45.80,0,2023-04-18,8,331.41,10.08,20.08,5,0
CUST_5947,66,0,Female,Rural,Yearly,59.30,0,2019-06-16,54,431.86,10.63,30.00,3,0
CUST_5948,43,1,Male,Urban,Prepaid,31.91,0,2019-05-23,55,305.83,8.40,25.50,6,0
CUST_5949,43,1,Male,Urban,Monthly,50.82,0,2021-11-25,25,470.04,9.53,24.50,11,0
CUST_595,67,0,Male,Rural,Yearly,41.05,0,2021-02-27,34,515.64,9.52,21.58,8,0
CUST_5950,43,1,Male,Suburban,Monthly,58.30,0,2019-05-23,55,553.79,9.59,25.83,8,0
CUST_5951,57,0,Female,Rural,Prepaid,38.36,0,2021-10-05,26,442.12,11.77,27.83,4,0
CUST_5952,43,1,Male,Suburban,Yearly,52.86,0,2021-12-31,24,486.63,7.95,19.75,4,0
CUST_5953,56,0,Female,Suburban,Prepaid,31.66,0,2019-10-31,50,393.16,9.75,32.50,6,0
CUST_5954,45,0,Male,Rural,Prepaid,65.08,0,2021-11-20,25,473.99,9.46,29.00,9,0
CUST_5955,43,1,Female,Urban,Prepaid,58.00,0,2020-08-15,40,326.12,10.33,23.00,6,0
CUST_5956,23,0,Female,Suburban,Monthly,61.08,0,2021-12-30,24,396.83,9.31,25.58,8,0
CUST_5957,43,1,Female,Urban,Monthly,48.96,0,2022-04-28,20,505.49,10.46,30.67,3,0
CUST_5958,55,0,Male,Rural,Monthly,25.01,0,2022-03-23,21,470.02,8.82,20.58,6,0
CUST_5959,43,1,Male,Suburban,Prepaid,48.01,0,2019-11-17,49,553.84,9.87,22.67,3,0
CUST_596,43,1,Female,Suburban,Prepaid,52.29,0,2018-08-28,64,473.31,9.95,20.92,5,0
CUST_5960,19,0,Male,Urban,Monthly,75.89,0,2019-11-12,49,417.66,10.27,18.08,9,0
CUST_5961,55,0,Female,Urban,Monthly,65.25,0,2018-02-14,70,474.85,11.15,22.50,3,0
CUST_5962,43,1,Male,Suburban,Monthly,76.18,0,2018-02-20,70,526.06,10.39,20.75,7,0
CUST_5963,68,0,Male,Rural,Prepaid,50.83,0,2020-08-21,40,398.79,10.83,23.33,4,0
CUST_5964,43,1,Female,Urban,Prepaid,39.62,0,2022-09-09,15,532.69,9.36,27.00,7,0
CUST_5965,43,1,Male,Rural,Prepaid,58.80,0,2021-03-15,33,437.86,9.91,22.33,3,0
CUST_5966,43,1,Male,Suburban,Monthly,47.12,0,2020-06-26,42,321.60,10.54,26.92,5,0
CUST_5967,43,0,Female,Urban,Prepaid,41.63,0,2018-01-11,71,487.72,8.40,24.42,12,0
CUST_5968,43,1,Female,Urban,Prepaid,23.98,0,2019-01-06,59,613.50,9.66,20.83,7,0
CUST_5969,60,0,Male,Urban,Prepaid,55.01,0,2021-08-30,28,332.41,10.10,24.83,6,0
CUST_597,28,0,Male,Rural,Prepaid,38.73,0,2021-12-21,24,460.35,8.72,23.92,9,0
CUST_5970,43,1,Female,Rural,Monthly,64.06,0,2023-06-19,6,449.71,9.28,20.33,1,0
CUST_5971,30,0,Male,Urban,Monthly,32.53,0,2022-03-05,21,665.87,9.03,24.42,3,0
CUST_5972,43,1,Male,Urban,Monthly,72.34,0,2019-11-26,49,600.20,9.32,22.83,5,0
CUST_5973,49,0,Male,Suburban,Monthly,53.74,0,2019-04-15,56,347.79,8.33,24.67,6,1
CUST_5974,34,0,Male,Urban,Prepaid,51.66,0,2023-02-26,10,453.07,11.24,28.17,9,1
CUST_5975,43,1,Male,Rural,Prepaid,31.71,0,2022-11-14,13,412.55,10.15,25.25,5,0
CUST_5976,53,0,Female,Suburban,Prepaid,57.91,0,2018-10-10,62,414.10,10.55,28.58,6,0
CUST_5977,43,1,Female,Suburban,Prepaid,32.71,0,2019-10-06,50,457.71,9.48,27.42,7,0
CUST_5978,36,0,Male,Urban,Yearly,35.68,0,2019-11-06,49,247.80,8.62,21.83,10,0
CUST_5979,43,1,Female,Suburban,Monthly,24.91,0,2019-06-26,54,446.14,8.78,30.58,10,0
CUST_598,46,0,Male,Rural,Monthly,62.83,0,2023-01-01,11,594.34,8.19,25.08,3,0
CUST_5980,43,1,Female,Urban,Monthly,90.51,0,2021-05-10,31,488.04,10.07,22.33,8,0
CUST_5981,57,0,Male,Suburban,Prepaid,49.28,0,2021-07-14,29,356.72,8.13,22.50,3,0
CUST_5982,43,1,Female,Rural,Prepaid,40.85,0,2018-12-06,60,518.40,10.73,26.50,5,1
CUST_5983,18,0,Female,Urban,Prepaid,49.37,0,2018-07-03,65,698.16,10.13,26.58,6,0
CUST_5984,59,0,Male,Rural,Monthly,42.47,0,2022-12-21,12,500.54,10.02,25.00,7,1
CUST_5985,43,1,Male,Urban,Prepaid,47.31,0,2021-08-24,28,555.24,10.32,25.25,7,0
CUST_5986,65,0,Male,Rural,Monthly,55.58,0,2021-03-11,33,525.92,10.17,21.42,10,0
CUST_5987,57,0,Male,Rural,Monthly,43.91,0,2018-05-18,67,253.87,10.72,28.08,3,0
CUST_5988,50,0,Male,Suburban,Yearly,51.86,0,2023-04-30,8,418.22,12.34,33.58,9,0
CUST_5989,29,0,Male,Urban,Prepaid,84.99,0,2020-05-03,43,433.35,10.93,29.92,6,0
CUST_599,53,0,Male,Suburban,Monthly,28.77,0,2020-11-13,37,458.22,10.02,23.42,2,0
CUST_5990,25,0,Male,Suburban,Prepaid,22.50,0,2021-06-16,30,451.18,10.47,21.42,2,0
CUST_5991,41,0,Female,Rural,Prepaid,32.92,0,2020-03-02,45,589.37,9.46,18.00,5,0
CUST_5992,33,0,Male,Urban,Monthly,57.40,0,2022-05-01,19,637.20,11.40,30.75,4,0
CUST_5993,67,0,Female,Rural,Prepaid,70.53,0,2021-11-24,25,411.54,8.80,21.17,10,0
CUST_5994,21,0,Female,Rural,Monthly,94.88,0,2023-03-05,9,556.76,7.87,23.92,5,0
CUST_5995,55,0,Male,Rural,Monthly,56.22,0,2023-05-14,7,642.91,11.65,26.08,7,0
CUST_5996,43,1,Female,Rural,Prepaid,31.71,0,2022-01-10,23,535.03,10.90,21.17,6,0
CUST_5997,44,0,Female,Suburban,Prepaid,72.58,0,2021-11-03,25,326.55,9.25,30.67,3,0
CUST_5998,26,0,Female,Rural,Prepaid,51.87,0,2021-01-23,35,541.89,8.61,31.92,5,0
CUST_5999,43,1,Male,Suburban,Prepaid,51.29,0,2019-02-19,58,544.24,10.42,20.08,9,0
CUST_6,38,0,Female,Suburban,Yearly,38.67,0,2022-11-05,13,458.95,9.64,21.00,4,0
CUST_60,25,0,Female,Urban,Prepaid,58.82,0,2019-09-22,51,639.50,10.39,21.58,10,1
CUST_600,42,0,Female,Rural,Monthly,47.61,0,2021-06-16,30,507.93,9.91,24.33,5,0
CUST_6000,43,1,Female,Rural,Prepaid,20.86,0,2021-03-17,33,391.61,9.47,26.00,5,1
CUST_6001,29,0,Female,Urban,Monthly,67.53,0,2019-06-27,54,628.46,9.89,22.33,3,0
CUST_6002,43,1,Male,Rural,Monthly,36.18,0,2021-05-27,31,400.50,11.54,23.08,5,0
CUST_6003,41,0,Female,Rural,Prepaid,58.50,0,2020-01-23,47,573.25,8.99,25.92,3,0
CUST_6004,31,0,Female,Urban,Monthly,51.01,0,2020-10-20,38,527.04,9.37,28.00,6,0
CUST_6005,43,1,Female,Urban,Prepaid,52.99,0,2019-10-28,50,521.25,11.38,30.00,3,0
CUST_6006,42,0,Female,Rural,Monthly,50.78,0,2020-12-19,36,324.33,9.39,30.08,5,0
CUST_6007,51,0,Female,Rural,Yearly,38.69,0,2022-01-25,23,520.23,10.82,22.50,8,0
CUST_6008,20,0,Male,Suburban,Yearly,37.38,0,2019-02-16,58,503.01,9.51,22.00,8,0
CUST_6009,43,1,Female,Urban,Prepaid,64.22,0,2022-02-16,22,427.42,10.64,19.00,9,0
CUST_601,43,1,Male,Urban,Prepaid,41.50,0,2023-04-06,8,495.82,9.01,23.33,5,0
CUST_6010,43,1,Male,Urban,Monthly,49.76,0,2019-10-05,50,643.96,10.09,18.83,8,0
CUST_6011,43,1,Female,Suburban,Monthly,40.18,0,2019-09-30,51,541.48,10.62,23.25,6,0
CUST_6012,43,0,Male,Rural,Prepaid,42.31,0,2023-03-06,9,318.26,9.49,21.58,11,0
CUST_6013,37,0,Male,Rural,Monthly,60.32,0,2019-04-30,56,551.24,10.22,24.75,8,0
CUST_6014,43,1,Male,Urban,Yearly,39.83,0,2018-09-26,63,698.26,9.59,23.08,4,0
CUST_6015,27,0,Female,Suburban,Prepaid,73.94,0,2018-04-18,68,479.84,10.17,26.08,9,0
CUST_6016,43,1,Female,Rural,Monthly,47.67,0,2020-06-23,42,580.91,10.99,25.17,8,0
CUST_6017,20,0,Female,Urban,Monthly,44.76,0,2021-04-29,32,431.26,10.66,23.33,10,0
CUST_6018,43,1,Female,Rural,Prepaid,59.27,0,2023-05-09,7,260.93,11.06,16.50,5,0
CUST_6019,22,0,Female,Rural,Prepaid,45.74,0,2020-10-04,38,456.80,10.03,27.58,8,0
CUST_602,53,0,Male,Rural,Yearly,38.86,0,2023-05-11,7,530.46,10.89,27.33,3,0
CUST_6020,20,0,Male,Rural,Prepaid,55.73,0,2019-01-12,59,670.00,11.59,29.75,4,1
CUST_6021,43,1,Male,Urban,Prepaid,49.17,0,2020-05-12,43,450.34,9.79,29.00,9,0
CUST_6022,33,0,Male,Suburban,Prepaid,23.96,0,2020-11-18,37,571.35,9.16,30.92,6,0
CUST_6023,66,0,Female,Suburban,Prepaid,33.99,0,2019-01-25,59,372.73,9.31,21.67,6,0
CUST_6024,32,0,Female,Rural,Prepaid,54.39,0,2019-09-28,51,376.14,9.42,20.83,9,0
CUST_6025,52,0,Male,Suburban,Monthly,43.23,0,2019-09-20,51,512.47,8.89,17.08,5,0
CUST_6026,29,0,Female,Rural,Monthly,80.88,0,2018-09-12,63,495.48,8.66,23.67,3,0
CUST_6027,43,1,Female,Urban,Prepaid,38.20,0,2019-03-05,57,525.87,9.17,24.08,6,0
CUST_6028,61,0,Male,Urban,Prepaid,30.36,0,2018-03-10,69,623.81,9.68,19.58,10,0
CUST_6029,43,0,Male,Urban,Prepaid,50.59,0,2020-10-04,38,411.53,10.01,21.00,5,0
CUST_603,27,0,Female,Urban,Monthly,29.44,0,2020-05-20,43,369.15,9.62,26.67,7,0
CUST_6030,64,0,Female,Rural,Prepaid,53.76,0,2018-06-21,66,354.48,10.40,19.50,6,0
CUST_6031,51,0,Female,Suburban,Prepaid,63.25,0,2022-12-27,12,393.76,10.08,17.58,3,0
CUST_6032,43,1,Male,Urban,Monthly,12.43,0,2021-09-12,27,487.22,10.63,23.50,6,0
CUST_6033,48,0,Female,Rural,Prepaid,72.61,0,2022-12-07,12,608.13,10.37,23.33,8,0
CUST_6034,67,0,Male,Suburban,Prepaid,30.37,0,2022-01-07,23,481.11,9.55,30.58,4,0
CUST_6035,43,1,Male,Suburban,Monthly,66.34,0,2021-06-18,30,618.71,9.42,25.33,7,0
CUST_6036,43,1,Male,Suburban,Monthly,79.36,0,2022-08-08,16,580.08,10.00,18.58,6,0
CUST_6037,40,0,Female,Rural,Monthly,61.20,0,2021-05-28,31,638.10,9.60,22.58,3,0
CUST_6038,21,0,Male,Rural,Yearly,32.80,0,2018-06-04,66,446.11,10.09,26.33,5,0
CUST_6039,43,1,Male,Rural,Prepaid,47.11,0,2023-04-13,8,414.50,11.17,23.25,4,0
CUST_604,54,0,Female,Urban,Yearly,50.63,0,2022-09-28,15,513.07,9.48,24.33,3,0
CUST_6040,65,0,Female,Urban,Yearly,61.33,0,2022-05-07,19,699.28,9.70,24.67,3,0
CUST_6041,65,0,Male,Rural,Yearly,50.50,0,2021-11-07,25,393.59,9.17,18.17,8,0
CUST_6042,18,0,Female,Urban,Prepaid,34.26,0,2020-03-28,45,585.87,9.97,23.83,5,0
CUST_6043,42,0,Female,Urban,Yearly,51.50,0,2018-07-22,65,475.61,9.72,25.50,6,0
CUST_6044,19,0,Female,Urban,Monthly,42.25,0,2019-10-18,50,582.26,12.26,19.08,4,0
CUST_6045,47,0,Male,Rural,Yearly,59.03,0,2018-12-29,60,465.53,8.93,24.42,6,0
CUST_6046,43,1,Male,Urban,Monthly,34.07,0,2020-12-10,36,497.10,10.56,27.00,3,0
CUST_6047,38,0,Female,Rural,Monthly,20.99,0,2018-04-04,68,422.25,8.26,22.75,9,0
CUST_6048,42,0,Female,Rural,Prepaid,34.75,0,2020-11-25,37,504.93,9.19,20.25,12,0
CUST_6049,37,0,Female,Urban,Monthly,24.42,0,2023-03-21,9,645.80,10.16,23.42,5,1
CUST_605,26,0,Male,Urban,Prepaid,48.75,0,2022-06-03,18,366.11,10.61,25.50,6,0
CUST_6050,66,0,Male,Urban,Prepaid,40.58,0,2018-08-13,64,547.63,10.99,23.58,11,0
CUST_6051,43,1,Female,Urban,Prepaid,60.07,0,2018-06-22,66,499.26,10.67,28.25,5,0
CUST_6052,39,0,Female,Rural,Yearly,44.09,0,2021-11-16,25,515.85,8.14,13.83,13,0
CUST_6053,38,0,Female,Rural,Prepaid,49.64,0,2020-09-09,39,319.83,10.31,26.75,7,0
CUST_6054,43,1,Male,Urban,Monthly,34.92,0,2019-06-19,54,470.53,9.46,22.83,2,0
CUST_6055,69,0,Female,Urban,Prepaid,50.30,0,2019-04-18,56,484.51,10.35,22.50,8,0
CUST_6056,55,0,Male,Suburban,Prepaid,35.66,0,2018-08-15,64,415.22,10.28,19.58,4,0
CUST_6057,43,1,Male,Urban,Monthly,32.17,0,2023-04-17,8,390.16,9.58,24.42,5,0
CUST_6058,63,0,Female,Suburban,Prepaid,46.61,0,2020-06-27,42,363.02,10.40,27.42,9,0
CUST_6059,43,1,Female,Suburban,Yearly,39.85,0,2019-10-20,50,586.33,10.01,26.00,7,0
CUST_606,43,1,Male,Suburban,Monthly,78.57,0,2022-09-23,15,362.52,8.78,22.42,7,0
CUST_6060,32,0,Female,Rural,Prepaid,7.79,0,2021-06-22,30,616.35,10.22,26.08,5,0
CUST_6061,63,0,Male,Rural,Prepaid,48.81,0,2018-06-06,66,461.17,8.66,24.17,8,0
CUST_6062,43,1,Male,Suburban,Prepaid,35.39,0,2018-12-14,60,411.12,9.13,24.33,5,0
CUST_6063,38,0,Male,Suburban,Prepaid,34.36,0,2022-04-16,20,476.12,10.99,22.83,8,0
CUST_6064,41,0,Female,Urban,Prepaid,70.94,0,2018-05-21,67,554.93,10.50,16.58,8,0
CUST_6065,22,0,Male,Suburban,Monthly,62.81,0,2020-10-25,38,410.47,10.09,23.83,6,0
CUST_6066,23,0,Female,Urban,Monthly,55.62,0,2023-01-17,11,348.87,9.18,20.42,7,0
CUST_6067,43,1,Female,Rural,Prepaid,50.90,0,2022-04-29,20,581.69,9.66,13.25,5,0
CUST_6068,43,1,Female,Urban,Prepaid,59.09,0,2019-04-01,56,545.22,8.95,21.75,3,1
CUST_6069,43,1,Male,Rural,Yearly,44.11,0,2022-08-02,16,400.10,10.06,29.83,9,0
CUST_607,52,0,Male,Rural,Yearly,87.32,0,2020-01-17,47,411.54,9.43,28.08,10,0
CUST_6070,61,0,Male,Suburban,Monthly,51.19,0,2018-09-11,63,389.23,9.96,25.00,5,0
CUST_6071,64,0,Male,Suburban,Monthly,43.94,0,2021-11-22,25,582.24,8.62,30.83,7,0
CUST_6072,40,0,Female,Suburban,Monthly,51.68,0,2020-03-06,45,367.94,10.49,24.00,6,0
CUST_6073,21,0,Male,Urban,Monthly,54.28,0,2018-12-30,60,558.44,10.36,25.67,6,0
CUST_6074,44,0,Male,Rural,Monthly,53.35,0,2018-02-24,70,383.00,9.91,23.83,6,0
CUST_6075,35,0,Female,Rural,Yearly,44.49,0,2020-11-18,37,480.80,11.91,29.67,7,0
CUST_6076,38,0,Female,Rural,Prepaid,60.36,0,2018-05-19,67,402.05,8.88,22.83,9,1
CUST_6077,45,0,Male,Rural,Prepaid,46.96,0,2022-06-24,18,671.06,10.02,20.58,3,0
CUST_6078,43,1,Female,Rural,Prepaid,46.58,0,2022-12-11,12,513.64,11.12,31.92,8,0
CUST_6079,39,0,Male,Urban,Yearly,22.68,0,2020-08-06,40,425.88,10.75,22.42,2,0
CUST_608,66,0,Male,Urban,Prepaid,33.98,0,2018-02-26,70,517.47,8.62,24.83,5,1
CUST_6080,57,0,Female,Rural,Prepaid,37.23,0,2018-08-04,64,551.97,11.47,21.58,4,0
CUST_6081,40,0,Female,Suburban,Monthly,62.99,0,2018-03-21,69,400.24,10.88,21.33,6,0
CUST_6082,43,1,Male,Rural,Monthly,61.75,0,2019-09-20,51,477.99,10.44,22.25,7,0
CUST_6083,57,0,Female,Suburban,Monthly,49.67,0,2023-01-29,11,576.60,10.42,27.00,7,0
CUST_6084,43,1,Female,Urban,Prepaid,41.63,0,2020-02-14,46,574.05,10.03,24.58,2,0
CUST_6085,43,1,Female,Urban,Prepaid,52.27,0,2020-07-04,41,452.25,8.91,21.58,4,0
CUST_6086,43,1,Male,Suburban,Prepaid,14.08,0,2018-06-29,66,531.66,9.19,34.75,9,0
CUST_6087,43,1,Female,Rural,Prepaid,52.10,0,2020-04-15,44,584.73,10.69,31.58,6,0
CUST_6088,43,1,Female,Urban,Prepaid,31.30,0,2022-09-08,15,291.51,10.46,20.08,8,0
CUST_6089,43,1,Male,Urban,Monthly,48.64,0,2019-08-11,52,396.39,10.88,23.67,7,0
CUST_609,52,0,Female,Urban,Yearly,21.45,0,2018-10-23,62,585.94,9.69,28.75,6,0
CUST_6090,28,0,Male,Urban,Yearly,53.19,0,2022-03-23,21,620.09,10.97,27.58,3,0
CUST_6091,22,0,Female,Rural,Monthly,44.76,0,2023-05-21,7,383.82,10.14,26.25,6,0
CUST_6092,62,0,Female,Suburban,Monthly,61.20,0,2022-05-12,19,505.96,9.87,24.92,5,0
CUST_6093,43,1,Female,Suburban,Monthly,40.52,0,2021-10-28,26,680.02,11.38,27.25,4,0
CUST_6094,62,0,Male,Rural,Prepaid,39.07,0,2020-03-27,45,468.95,11.23,27.25,5,0
CUST_6095,55,0,Female,Urban,Prepaid,59.36,0,2018-03-18,69,331.48,10.91,27.08,3,0
CUST_6096,46,0,Male,Rural,Prepaid,44.60,0,2023-01-01,11,396.38,11.14,18.33,3,0
CUST_6097,22,0,Male,Rural,Monthly,70.20,0,2019-12-30,48,498.29,9.97,28.92,5,0
CUST_6098,26,0,Female,Suburban,Yearly,50.20,0,2020-07-19,41,569.27,10.28,26.08,4,0
CUST_6099,43,1,Female,Rural,Monthly,58.27,0,2019-07-20,53,578.08,9.42,19.25,5,0
CUST_61,43,1,Male,Rural,Prepaid,34.11,0,2021-08-19,28,317.32,9.11,21.50,7,0
CUST_610,65,0,Male,Rural,Prepaid,31.99,0,2022-07-20,17,577.71,8.63,19.08,6,0
CUST_6100,43,1,Male,Rural,Prepaid,63.97,0,2018-11-06,61,444.40,9.63,29.67,8,0
CUST_6101,43,1,Female,Urban,Monthly,48.93,0,2018-04-13,68,311.84,8.26,32.92,7,0
CUST_6102,57,0,Female,Urban,Monthly,27.09,0,2023-01-15,11,575.49,11.28,28.50,10,0
CUST_6103,68,0,Male,Suburban,Monthly,59.41,0,2021-01-30,35,550.77,10.19,24.25,4,0
CUST_6104,43,1,Female,Urban,Monthly,67.89,0,2021-01-01,35,461.61,9.66,31.75,3,0
CUST_6105,43,1,Male,Rural,Monthly,46.02,0,2021-05-02,31,501.46,9.76,23.75,6,0
CUST_6106,43,1,Female,Rural,Monthly,64.89,0,2022-02-13,22,367.83,10.17,27.17,4,0
CUST_6107,43,1,Male,Rural,Monthly,32.48,0,2019-07-02,53,547.84,11.12,18.58,10,0
CUST_6108,29,0,Male,Suburban,Yearly,52.24,0,2018-01-13,71,377.42,9.76,19.42,5,0
CUST_6109,56,0,Female,Urban,Monthly,45.71,0,2022-08-11,16,599.81,10.72,17.67,5,0
CUST_611,53,0,Male,Suburban,Prepaid,49.07,0,2020-06-16,42,387.02,6.67,26.17,6,0
CUST_6110,43,0,Male,Rural,Monthly,26.35,0,2022-08-14,16,502.88,9.45,24.33,8,0
CUST_6111,30,0,Male,Urban,Monthly,55.97,0,2022-01-30,23,595.03,8.44,29.33,6,0
CUST_6112,25,0,Female,Urban,Yearly,36.68,0,2019-04-25,56,493.83,8.94,22.42,8,0
CUST_6113,45,0,Female,Urban,Monthly,55.65,0,2023-01-20,11,264.88,9.41,21.50,5,0
CUST_6114,47,0,Female,Urban,Monthly,35.03,0,2019-08-27,52,446.29,9.15,28.92,6,1
CUST_6115,26,0,Male,Suburban,Prepaid,24.89,0,2020-12-15,36,552.44,10.04,27.42,6,0
CUST_6116,56,0,Male,Suburban,Yearly,39.29,0,2019-03-21,57,354.35,9.30,26.42,9,0
CUST_6117,48,0,Male,Suburban,Monthly,65.53,0,2021-09-02,27,528.10,9.87,25.00,7,0
CUST_6118,43,1,Female,Rural,Monthly,47.60,0,2020-10-16,38,711.38,10.60,21.17,7,0
CUST_6119,64,0,Male,Rural,Yearly,50.53,0,2021-12-03,24,380.68,11.54,19.00,3,0
CUST_612,35,0,Female,Suburban,Yearly,66.88,0,2023-04-27,8,405.90,10.89,20.00,7,0
CUST_6120,51,0,Male,Rural,Yearly,52.09,0,2023-02-10,10,602.15,11.05,28.42,6,0
CUST_6121,48,0,Female,Suburban,Yearly,51.53,0,2021-09-25,27,397.06,10.16,28.75,10,0
CUST_6122,69,0,Male,Urban,Prepaid,78.11,0,2021-10-07,26,528.78,9.03,22.08,4,0
CUST_6123,42,0,Female,Suburban,Monthly,49.38,0,2023-04-30,8,597.61,10.81,20.58,8,0
CUST_6124,43,1,Female,Rural,Prepaid,21.42,0,2020-07-20,41,368.52,11.68,19.83,4,0
CUST_6125,18,0,Female,Rural,Prepaid,44.42,0,2020-06-17,42,386.21,11.64,30.42,4,0
CUST_6126,39,0,Male,Urban,Yearly,51.02,0,2022-06-26,18,480.01,9.62,29.25,4,0
CUST_6127,57,0,Male,Suburban,Yearly,31.09,0,2018-09-07,63,637.91,9.14,18.42,8,0
CUST_6128,43,1,Male,Urban,Monthly,46.43,0,2018-09-14,63,559.37,11.13,18.75,6,0
CUST_6129,43,1,Female,Suburban,Prepaid,46.62,0,2018-03-10,69,446.50,10.37,22.67,5,0
CUST_613,66,0,Male,Urban,Yearly,42.78,0,2022-12-29,12,616.22,10.44,20.00,5,0
CUST_6130,18,0,Female,Rural,Prepaid,76.64,0,2018-05-02,67,287.78,8.74,27.92,3,0
CUST_6131,18,0,Female,Urban,Monthly,39.84,0,2018-01-14,71,607.70,10.10,26.33,7,0
CUST_6132,59,0,Male,Urban,Prepaid,64.24,0,2021-06-18,30,542.26,9.94,21.58,1,0
CUST_6133,59,0,Male,Suburban,Monthly,47.81,0,2021-02-09,34,449.38,9.82,23.58,3,1
CUST_6134,38,0,Male,Suburban,Monthly,62.90,0,2022-01-06,23,393.22,10.28,28.33,7,1
CUST_6135,43,1,Male,Suburban,Yearly,70.94,0,2023-06-17,6,400.81,10.78,31.17,6,0
CUST_6136,43,1,Male,Rural,Prepaid,55.72,0,2020-08-16,40,618.45,10.91,30.50,8,0
CUST_6137,43,1,Female,Suburban,Prepaid,49.14,0,2021-05-20,31,454.80,10.00,20.92,4,0
CUST_6138,43,1,Male,Rural,Yearly,67.23,0,2020-01-01,47,556.20,7.50,28.42,6,1
CUST_6139,52,0,Female,Suburban,Monthly,28.05,0,2021-02-20,34,470.53,10.21,27.75,7,0
CUST_614,56,0,Male,Suburban,Prepaid,58.67,0,2020-03-05,45,382.53,9.17,25.83,7,0
CUST_6140,62,0,Female,Suburban,Prepaid,52.60,0,2021-01-01,35,445.74,9.79,25.08,6,0
CUST_6141,33,0,Male,Rural,Prepaid,31.30,0,2020-06-09,42,363.12,10.94,22.58,4,0
CUST_6142,25,0,Female,Suburban,Yearly,62.00,0,2018-07-29,65,577.84,9.95,19.33,10,0
CUST_6143,64,0,Male,Rural,Monthly,51.48,0,2023-04-30,8,604.84,11.81,26.17,8,0
CUST_6144,43,1,Male,Rural,Yearly,48.91,0,2020-11-23,37,471.34,10.12,30.58,8,0
CUST_6145,34,0,Female,Suburban,Prepaid,44.45,0,2021-03-25,33,443.74,9.17,27.08,6,0
CUST_6146,43,0,Male,Suburban,Monthly,60.15,0,2022-06-12,18,321.49,10.01,25.83,8,0
CUST_6147,30,0,Male,Urban,Monthly,23.19,0,2018-05-27,67,592.25,10.02,25.50,5,0
CUST_6148,43,1,Female,Suburban,Prepaid,78.54,0,2022-01-11,23,521.24,11.07,24.25,7,0
CUST_6149,55,0,Female,Urban,Yearly,47.87,0,2019-03-10,57,512.86,9.22,29.42,8,0
CUST_615,49,0,Male,Rural,Prepaid,38.01,0,2021-03-09,33,516.20,8.96,26.75,7,1
CUST_6150,34,0,Female,Suburban,Monthly,30.50,0,2018-05-21,67,431.24,8.96,26.50,6,0
CUST_6151,65,0,Female,Rural,Yearly,10.57,0,2022-12-08,12,481.11,9.26,27.67,2,1
CUST_6152,31,0,Female,Rural,Yearly,47.48,0,2020-09-18,39,305.04,10.73,27.25,4,0
CUST_6153,62,0,Female,Urban,Prepaid,53.45,0,2022-08-20,16,407.40,11.96,22.58,6,0
CUST_6154,23,0,Male,Suburban,Monthly,54.58,0,2018-05-08,67,383.01,10.30,23.50,10,0
CUST_6155,52,0,Male,Urban,Monthly,28.24,0,2018-07-27,65,515.32,10.84,27.00,4,0
CUST_6156,63,0,Male,Suburban,Monthly,31.55,0,2022-12-21,12,498.86,10.98,22.17,6,0
CUST_6157,31,0,Female,Suburban,Monthly,70.34,0,2021-01-17,35,588.13,10.96,27.83,7,0
CUST_6158,64,0,Male,Rural,Monthly,26.71,0,2020-01-18,47,684.14,8.57,21.33,4,0
CUST_6159,43,1,Female,Urban,Prepaid,51.67,0,2022-06-26,18,547.11,8.69,25.00,6,0
CUST_616,41,0,Female,Suburban,Monthly,42.69,0,2022-07-16,17,431.56,9.13,22.08,3,0
CUST_6160,32,0,Male,Rural,Monthly,44.22,0,2023-04-12,8,478.21,10.52,27.25,5,0
CUST_6161,44,0,Female,Rural,Prepaid,41.96,0,2018-12-07,60,401.64,9.64,16.17,4,0
CUST_6162,30,0,Male,Rural,Prepaid,45.89,0,2018-02-21,70,709.09,10.82,25.67,3,0
CUST_6163,66,0,Female,Urban,Yearly,41.91,0,2018-02-11,70,540.62,11.66,29.67,5,0
CUST_6164,48,0,Female,Suburban,Prepaid,41.41,0,2019-07-24,53,523.75,10.99,20.42,8,0
CUST_6165,52,0,Female,Suburban,Prepaid,64.98,0,2018-08-02,64,526.46,12.64,25.83,6,0
CUST_6166,23,0,Female,Urban,Prepaid,43.94,0,2022-11-17,13,651.77,11.24,23.67,4,0
CUST_6167,22,0,Male,Suburban,Monthly,31.72,0,2019-03-31,57,541.29,10.45,25.25,5,0
CUST_6168,39,0,Male,Urban,Prepaid,48.74,0,2023-02-24,10,717.35,11.05,23.83,2,0
CUST_6169,43,1,Female,Urban,Monthly,34.12,0,2021-08-26,28,493.01,10.06,34.08,8,0
CUST_617,43,1,Female,Rural,Yearly,52.50,0,2019-03-03,57,529.42,8.94,21.75,9,0
CUST_6170,43,1,Female,Suburban,Monthly,33.69,0,2019-08-09,52,427.22,10.37,28.92,8,0
CUST_6171,42,0,Female,Rural,Prepaid,71.83,0,2018-10-02,62,479.88,8.67,20.33,8,0
CUST_6172,43,1,Male,Urban,Monthly,47.25,0,2022-12-08,12,464.48,9.83,28.50,3,0
CUST_6173,43,1,Female,Urban,Prepaid,30.84,0,2021-01-13,35,567.87,10.44,25.75,5,0
CUST_6174,43,1,Female,Urban,Monthly,48.46,0,2020-02-14,46,523.35,10.60,25.50,9,0
CUST_6175,22,0,Male,Urban,Prepaid,50.96,0,2018-07-14,65,540.61,10.26,29.75,7,0
CUST_6176,43,1,Female,Suburban,Prepaid,46.89,0,2019-08-28,52,500.49,9.08,20.50,12,0
CUST_6177,37,0,Female,Suburban,Prepaid,42.67,0,2021-03-03,33,642.93,10.46,25.08,7,0
CUST_6178,43,1,Male,Urban,Prepaid,29.19,0,2022-07-14,17,536.77,10.66,22.58,6,0
CUST_6179,23,0,Female,Rural,Monthly,43.77,0,2021-09-09,27,467.95,10.90,27.00,4,0
CUST_618,43,1,Male,Urban,Monthly,49.83,0,2022-05-05,19,702.88,9.70,28.92,7,0
CUST_6180,43,1,Female,Suburban,Prepaid,38.09,0,2022-03-26,21,517.88,9.78,25.92,9,0
CUST_6181,43,1,Male,Rural,Prepaid,48.17,0,2022-05-25,19,369.74,10.78,23.58,4,0
CUST_6182,21,0,Female,Rural,Prepaid,56.34,0,2019-04-15,56,484.88,10.55,24.50,0,0
CUST_6183,34,0,Male,Urban,Yearly,76.27,0,2020-05-08,43,548.98,7.98,19.00,11,0
CUST_6184,31,0,Female,Suburban,Monthly,61.62,0,2022-02-22,22,464.51,9.05,24.00,8,0
CUST_6185,43,1,Female,Urban,Prepaid,9.28,0,2020-02-27,46,561.35,10.95,24.50,1,1
CUST_6186,30,0,Female,Urban,Prepaid,53.34,0,2021-12-11,24,382.50,8.98,17.42,6,0
CUST_6187,24,0,Female,Rural,Yearly,72.74,0,2023-01-22,11,642.93,8.73,20.42,4,0
CUST_6188,61,0,Female,Rural,Prepaid,47.86,0,2019-05-21,55,482.12,9.47,29.33,8,0
CUST_6189,32,0,Male,Rural,Yearly,73.33,0,2022-09-22,15,555.87,9.16,20.42,5,0
CUST_619,54,0,Male,Rural,Monthly,49.46,0,2022-07-12,17,351.25,10.25,20.42,4,0
CUST_6190,36,0,Female,Urban,Prepaid,33.43,0,2018-12-06,60,553.20,10.64,15.83,7,0
CUST_6191,60,0,Female,Urban,Prepaid,36.84,0,2023-01-09,11,577.37,8.69,20.58,5,0
CUST_6192,43,1,Male,Urban,Monthly,47.46,0,2021-07-19,29,381.68,9.54,18.67,3,0
CUST_6193,43,1,Male,Urban,Monthly,47.81,0,2019-04-11,56,693.68,9.16,24.33,7,0
CUST_6194,43,1,Female,Urban,Yearly,62.55,0,2021-11-28,25,447.26,11.22,21.75,9,0
CUST_6195,43,1,Male,Urban,Yearly,50.03,0,2018-07-21,65,644.56,11.34,27.33,7,1
CUST_6196,52,0,Female,Urban,Monthly,48.37,0,2021-08-13,28,432.97,9.14,23.25,10,0
CUST_6197,36,0,Male,Urban,Monthly,87.14,0,2022-11-17,13,519.09,9.26,27.17,7,0
CUST_6198,43,1,Male,Suburban,Yearly,38.34,0,2020-05-04,43,657.92,8.41,21.08,4,0
CUST_6199,43,1,Female,Suburban,Monthly,69.33,0,2018-07-11,65,363.13,9.19,19.08,4,0
CUST_62,43,1,Female,Urban,Monthly,51.01,0,2019-06-11,54,462.54,8.46,20.08,7,0
CUST_620,29,0,Female,Urban,Monthly,33.77,0,2021-02-04,34,494.91,10.28,24.08,6,0
CUST_6200,43,1,Male,Suburban,Prepaid,56.23,0,2018-06-03,66,577.37,10.92,13.25,9,0
CUST_6201,49,0,Female,Suburban,Prepaid,44.50,0,2019-01-14,59,483.04,10.08,29.00,4,0
CUST_6202,65,0,Male,Urban,Prepaid,53.88,0,2023-04-04,8,502.22,11.62,28.92,6,0
CUST_6203,61,0,Male,Urban,Yearly,37.74,0,2021-02-20,34,639.41,8.82,30.33,3,0
CUST_6204,43,1,Male,Rural,Prepaid,51.29,0,2023-04-02,8,568.84,10.08,25.58,9,0
CUST_6205,43,1,Female,Rural,Prepaid,49.94,0,2023-01-11,11,517.33,10.26,21.33,9,0
CUST_6206,34,0,Female,Suburban,Yearly,57.14,0,2020-03-04,45,530.66,10.40,23.67,9,0
CUST_6207,24,0,Male,Rural,Prepaid,48.25,0,2023-04-04,8,703.78,9.75,19.08,6,0
CUST_6208,60,0,Female,Suburban,Monthly,74.99,0,2020-04-19,44,547.29,8.60,25.25,6,0
CUST_6209,67,0,Female,Urban,Yearly,36.77,0,2023-03-12,9,513.06,9.29,20.50,6,0
CUST_621,66,0,Male,Rural,Prepaid,68.39,0,2020-06-10,42,542.53,9.36,24.17,9,0
CUST_6210,18,0,Female,Urban,Monthly,39.67,0,2022-05-28,19,638.47,10.02,20.75,4,0
CUST_6211,43,1,Male,Rural,Prepaid,53.59,0,2019-08-28,52,488.07,8.97,30.58,5,0
CUST_6212,49,0,Female,Urban,Monthly,37.92,0,2020-10-11,38,533.23,9.11,23.42,4,0
CUST_6213,43,1,Male,Urban,Monthly,60.09,0,2021-02-08,34,564.45,9.53,18.42,8,0
CUST_6214,30,0,Male,Suburban,Monthly,69.72,0,2020-04-05,44,579.76,10.42,29.58,10,0
CUST_6215,23,0,Male,Rural,Prepaid,42.21,0,2023-04-07,8,698.56,7.98,21.42,5,0
CUST_6216,43,1,Male,Urban,Prepaid,51.32,0,2020-02-06,46,254.07,8.45,25.17,6,0
CUST_6217,54,0,Male,Rural,Monthly,59.82,0,2020-06-25,42,484.21,8.58,18.50,1,0
CUST_6218,65,0,Female,Urban,Prepaid,63.25,0,2022-04-25,20,363.18,7.58,18.92,3,0
CUST_6219,43,1,Female,Suburban,Monthly,102.17,0,2018-02-22,70,483.76,8.95,23.75,9,0
CUST_622,43,1,Male,Rural,Yearly,68.27,0,2023-01-04,11,502.42,10.45,26.42,7,0
CUST_6220,64,0,Male,Urban,Monthly,29.64,0,2020-01-05,47,412.38,10.90,30.50,4,0
CUST_6221,43,1,Female,Rural,Monthly,72.41,0,2022-08-15,16,369.47,10.63,26.42,4,0
CUST_6222,43,1,Female,Rural,Yearly,40.36,0,2022-05-05,19,554.17,9.50,28.92,5,0
CUST_6223,33,0,Female,Suburban,Prepaid,41.00,0,2023-01-07,11,453.60,8.42,23.25,7,0
CUST_6224,45,0,Female,Urban,Prepaid,52.14,0,2018-04-17,68,582.08,11.36,23.00,5,0
CUST_6225,33,0,Female,Suburban,Monthly,50.93,0,2021-03-27,33,661.15,11.43,32.00,7,0
CUST_6226,21,0,Female,Rural,Prepaid,68.76,0,2018-07-18,65,526.92,11.38,29.83,7,0
CUST_6227,62,0,Female,Suburban,Monthly,27.94,0,2018-12-05,60,691.83,10.00,23.58,12,0
CUST_6228,43,0,Male,Urban,Yearly,5.36,0,2020-10-24,38,411.85,10.73,27.67,7,0
CUST_6229,45,0,Male,Urban,Yearly,79.01,0,2018-07-13,65,534.39,10.16,32.67,9,0
CUST_623,40,0,Female,Suburban,Prepaid,68.53,0,2018-11-30,61,546.61,9.65,26.50,5,0
CUST_6230,49,0,Male,Suburban,Monthly,28.40,0,2018-01-23,71,367.06,9.56,26.92,5,0
CUST_6231,62,0,Female,Rural,Yearly,65.08,0,2018-09-06,63,701.74,9.30,16.67,6,0
CUST_6232,19,0,Female,Rural,Prepaid,70.92,0,2018-08-28,64,495.87,9.94,27.17,7,0
CUST_6233,48,0,Male,Suburban,Monthly,67.02,0,2023-01-29,11,518.50,10.90,22.92,6,0
CUST_6234,20,0,Female,Urban,Monthly,57.67,0,2021-01-01,35,545.00,10.28,24.83,8,0
CUST_6235,25,0,Female,Urban,Prepaid,61.19,0,2020-09-01,39,516.72,10.32,27.00,4,0
CUST_6236,41,0,Male,Urban,Prepaid,42.16,0,2021-12-23,24,442.35,10.45,20.83,4,0
CUST_6237,32,0,Male,Urban,Yearly,21.28,0,2019-09-26,51,561.74,7.96,23.67,8,0
CUST_6238,43,1,Male,Rural,Monthly,44.79,0,2019-07-24,53,520.30,10.61,25.75,6,0
CUST_6239,43,1,Female,Urban,Monthly,41.85,0,2018-03-28,69,497.04,9.05,26.67,4,0
CUST_624,42,0,Female,Rural,Monthly,39.84,0,2020-01-02,47,568.72,11.07,19.25,5,0
CUST_6240,26,0,Female,Suburban,Prepaid,35.83,0,2022-02-24,22,497.69,10.82,28.17,10,0
CUST_6241,56,0,Female,Suburban,Prepaid,50.74,0,2019-08-02,52,416.60,9.61,33.00,5,0
CUST_6242,62,0,Male,Suburban,Yearly,20.76,0,2018-01-15,71,464.28,10.20,22.58,5,1
CUST_6243,43,1,Male,Suburban,Monthly,68.82,0,2020-01-28,47,488.64,9.64,27.08,10,0
CUST_6244,25,0,Female,Urban,Monthly,48.96,0,2022-05-08,19,641.50,10.55,31.75,3,0
CUST_6245,24,0,Male,Rural,Yearly,42.59,0,2022-11-21,13,331.75,10.37,30.25,3,0
CUST_6246,43,1,Male,Urban,Monthly,45.36,0,2022-06-04,18,330.34,9.27,28.33,6,1
CUST_6247,43,1,Female,Rural,Monthly,47.65,0,2020-07-21,41,617.07,9.13,32.08,7,0
CUST_6248,43,1,Male,Urban,Prepaid,34.46,0,2023-05-19,7,265.89,8.98,33.75,4,0
CUST_6249,43,1,Male,Rural,Prepaid,34.40,0,2022-09-07,15,525.59,10.44,17.00,5,0
CUST_625,43,1,Female,Urban,Monthly,51.79,0,2020-06-20,42,419.31,8.02,24.67,9,0
CUST_6250,43,1,Male,Suburban,Monthly,30.39,0,2021-11-27,25,640.49,9.28,22.17,6,0
CUST_6251,52,0,Female,Suburban,Prepaid,28.71,0,2018-02-06,70,500.70,9.00,27.58,3,0
CUST_6252,47,0,Female,Rural,Monthly,37.16,0,2018-10-31,62,465.13,9.01,31.92,7,0
CUST_6253,43,1,Male,Rural,Prepaid,47.79,0,2018-03-31,69,653.09,11.41,17.50,2,0
CUST_6254,55,0,Female,Rural,Prepaid,66.52,0,2020-01-04,47,503.57,8.96,23.67,2,0
CUST_6255,43,1,Female,Suburban,Monthly,26.35,0,2018-04-21,68,423.84,9.17,22.83,3,0
CUST_6256,43,1,Female,Suburban,Prepaid,63.73,0,2021-04-23,32,482.34,9.38,26.75,5,0
CUST_6257,43,1,Male,Urban,Yearly,25.87,0,2022-09-10,15,510.85,8.66,20.42,12,0
CUST_6258,46,0,Female,Rural,Prepaid,51.45,0,2021-10-03,26,543.93,9.72,21.33,4,0
CUST_6259,43,1,Male,Rural,Monthly,27.24,0,2018-12-25,60,695.57,9.86,23.50,4,0
CUST_626,58,0,Male,Rural,Monthly,42.13,0,2022-03-13,21,387.86,8.88,25.25,3,0
CUST_6260,43,1,Male,Rural,Prepaid,31.03,0,2021-08-10,28,448.19,9.84,21.50,3,0
CUST_6261,43,1,Female,Suburban,Prepaid,54.74,0,2020-12-04,36,581.32,9.26,28.00,8,0
CUST_6262,43,1,Male,Rural,Prepaid,54.57,0,2018-12-11,60,306.78,11.18,18.67,12,0
CUST_6263,40,0,Female,Rural,Yearly,61.23,0,2022-06-12,18,524.31,8.28,27.50,9,0
CUST_6264,22,0,Female,Suburban,Prepaid,36.03,0,2018-03-07,69,540.93,9.72,25.17,8,1
CUST_6265,43,1,Male,Rural,Yearly,64.95,0,2019-09-28,51,604.44,9.64,26.42,4,0
CUST_6266,43,1,Male,Urban,Prepaid,73.45,0,2019-09-10,51,603.43,8.68,25.83,6,0
CUST_6267,63,0,Female,Suburban,Prepaid,53.50,0,2023-04-18,8,511.29,10.94,29.42,8,0
CUST_6268,61,0,Female,Suburban,Monthly,23.20,0,2020-02-21,46,482.46,9.87,30.83,5,0
CUST_6269,21,0,Female,Suburban,Monthly,21.06,0,2022-02-27,22,362.88,10.93,27.42,6,0
CUST_627,47,0,Male,Urban,Monthly,35.38,0,2019-05-14,55,438.15,9.07,27.67,7,0
CUST_6270,46,0,Female,Urban,Monthly,52.30,0,2023-01-27,11,378.21,8.96,29.75,5,0
CUST_6271,40,0,Male,Suburban,Prepaid,41.42,0,2023-04-12,8,354.08,11.09,27.25,5,0
CUST_6272,43,1,Male,Suburban,Prepaid,35.07,0,2019-11-20,49,539.65,9.98,28.33,4,0
CUST_6273,43,1,Male,Suburban,Monthly,47.49,0,2019-09-07,51,593.66,10.78,20.58,4,0
CUST_6274,59,0,Female,Suburban,Yearly,44.63,0,2019-09-15,51,626.03,8.75,26.33,5,0
CUST_6275,43,1,Male,Urban,Prepaid,47.60,0,2020-02-02,46,618.23,9.82,28.83,0,0
CUST_6276,43,1,Male,Rural,Yearly,36.79,0,2021-01-31,35,499.83,9.89,27.58,7,0
CUST_6277,43,1,Male,Rural,Prepaid,79.69,0,2023-01-20,11,438.04,9.38,21.33,4,0
CUST_6278,49,0,Male,Suburban,Monthly,33.69,0,2018-03-19,69,629.59,9.94,25.00,9,1
CUST_6279,26,0,Female,Urban,Prepaid,45.96,0,2021-10-14,26,655.05,11.63,29.17,7,0
CUST_628,43,1,Male,Urban,Yearly,54.27,0,2018-10-05,62,505.50,10.15,27.33,5,0
CUST_6280,54,0,Male,Suburban,Monthly,19.37,0,2020-12-06,36,438.32,9.78,18.42,3,1
CUST_6281,27,0,Male,Rural,Prepaid,32.65,0,2023-06-02,6,385.83,8.10,25.08,5,0
CUST_6282,37,0,Male,Rural,Prepaid,30.48,0,2020-03-23,45,428.53,9.42,17.00,12,0
CUST_6283,43,1,Male,Urban,Yearly,41.93,0,2019-04-28,56,525.67,9.25,27.92,7,0
CUST_6284,65,0,Female,Rural,Monthly,46.27,0,2022-09-21,15,587.78,10.41,22.08,3,0
CUST_6285,43,1,Female,Suburban,Monthly,43.67,0,2023-06-09,6,400.05,9.74,23.50,3,0
CUST_6286,59,0,Male,Urban,Prepaid,41.79,0,2023-06-12,6,365.49,8.97,27.00,4,0
CUST_6287,28,0,Female,Rural,Yearly,53.21,0,2023-01-11,11,490.89,10.37,24.08,4,0
CUST_6288,60,0,Female,Suburban,Monthly,54.36,0,2018-03-31,69,518.89,9.98,22.75,2,0
CUST_6289,43,1,Female,Urban,Yearly,14.27,0,2021-04-21,32,356.07,9.88,21.50,5,0
CUST_629,66,0,Male,Rural,Monthly,18.16,0,2023-03-05,9,657.84,11.28,15.08,4,0
CUST_6290,49,0,Female,Suburban,Prepaid,65.86,0,2018-02-12,70,515.11,9.55,25.50,5,0
CUST_6291,43,1,Male,Rural,Prepaid,53.92,0,2019-02-27,58,532.45,10.36,28.17,9,0
CUST_6292,43,1,Female,Suburban,Yearly,20.61,0,2020-05-20,43,463.41,8.91,27.50,2,0
CUST_6293,34,0,Female,Urban,Monthly,63.48,0,2022-07-22,17,573.35,10.50,26.50,4,0
CUST_6294,58,0,Male,Suburban,Yearly,65.30,0,2021-10-22,26,553.04,10.94,15.42,6,0
CUST_6295,36,0,Male,Rural,Prepaid,20.17,0,2023-04-16,8,238.82,7.59,27.67,6,1
CUST_6296,22,0,Male,Urban,Monthly,45.32,0,2022-11-26,13,494.77,8.30,19.00,2,0
CUST_6297,43,1,Male,Urban,Yearly,53.96,0,2019-11-01,49,530.25,10.59,20.75,3,0
CUST_6298,39,0,Female,Rural,Monthly,66.05,0,2022-11-28,13,401.49,9.65,29.75,7,0
CUST_6299,23,0,Male,Suburban,Monthly,57.37,0,2020-12-31,36,298.07,11.43,23.00,3,0
CUST_63,43,1,Male,Rural,Monthly,67.13,0,2021-04-03,32,433.85,9.02,35.08,7,0
CUST_630,43,1,Female,Suburban,Monthly,62.70,0,2020-04-03,44,589.25,8.88,27.33,5,0
CUST_6300,43,1,Female,Suburban,Prepaid,41.55,0,2020-08-14,40,405.20,9.54,26.58,8,0
CUST_6301,39,0,Female,Rural,Prepaid,33.76,0,2018-05-29,67,428.79,9.81,26.92,5,0
CUST_6302,18,0,Male,Urban,Prepaid,27.82,0,2020-08-09,40,669.26,9.67,24.33,5,0
CUST_6303,43,1,Male,Rural,Monthly,36.08,0,2023-06-14,6,481.34,10.83,26.25,3,0
CUST_6304,39,0,Female,Urban,Yearly,58.07,0,2022-03-17,21,466.24,11.25,25.08,3,0
CUST_6305,43,1,Female,Urban,Prepaid,63.81,0,2023-05-17,7,429.53,9.69,26.75,12,0
CUST_6306,28,0,Male,Suburban,Monthly,44.34,0,2019-06-14,54,367.49,9.14,23.92,8,0
CUST_6307,43,1,Male,Rural,Yearly,66.45,0,2022-09-17,15,494.85,9.76,22.00,6,0
CUST_6308,43,1,Male,Urban,Prepaid,56.12,0,2018-05-24,67,518.39,10.06,25.00,9,0
CUST_6309,43,1,Female,Suburban,Yearly,87.92,0,2018-08-12,64,423.30,8.94,20.83,10,0
CUST_631,65,0,Male,Rural,Prepaid,32.56,0,2020-03-15,45,493.28,9.55,23.75,1,0
CUST_6310,26,0,Female,Rural,Yearly,22.51,0,2022-05-20,19,403.03,10.32,28.83,10,1
CUST_6311,29,0,Male,Rural,Prepaid,46.72,0,2022-02-25,22,623.61,9.84,29.00,5,0
CUST_6312,43,1,Female,Urban,Prepaid,53.18,0,2021-03-26,33,502.67,10.14,26.75,4,0
CUST_6313,31,0,Male,Urban,Prepaid,77.71,0,2018-09-22,63,542.01,9.84,20.17,2,0
CUST_6314,50,0,Female,Urban,Monthly,28.18,0,2022-09-19,15,550.92,10.24,30.33,3,0
CUST_6315,35,0,Female,Rural,Prepaid,35.51,0,2019-01-04,59,394.19,8.92,20.75,8,0
CUST_6316,66,0,Male,Urban,Monthly,50.83,0,2022-06-18,18,494.63,9.91,20.25,7,0
CUST_6317,58,0,Male,Rural,Monthly,31.65,0,2023-01-15,11,358.71,11.30,28.92,5,0
CUST_6318,26,0,Male,Suburban,Yearly,46.27,0,2018-12-02,60,436.27,9.55,25.00,6,0
CUST_6319,43,1,Female,Rural,Yearly,25.47,0,2020-06-12,42,564.45,7.84,24.58,6,0
CUST_632,43,1,Male,Rural,Yearly,45.30,0,2023-02-08,10,403.48,10.79,24.58,5,0
CUST_6320,27,0,Female,Urban,Yearly,67.93,0,2021-10-16,26,529.11,10.24,22.67,3,0
CUST_6321,36,0,Male,Rural,Prepaid,75.19,0,2018-05-05,67,459.15,10.91,28.17,5,0
CUST_6322,64,0,Female,Urban,Prepaid,75.73,0,2018-09-25,63,543.20,9.57,27.92,9,0
CUST_6323,43,1,Male,Suburban,Prepaid,52.30,0,2018-04-22,68,342.97,9.47,30.92,4,0
CUST_6324,64,0,Female,Urban,Monthly,52.63,0,2020-12-30,36,565.26,10.52,26.08,8,0
CUST_6325,69,0,Male,Urban,Monthly,49.82,0,2022-09-20,15,569.20,10.59,22.00,6,0
CUST_6326,43,1,Female,Urban,Yearly,62.92,0,2022-10-06,14,516.21,9.75,28.33,2,1
CUST_6327,43,1,Female,Urban,Yearly,68.92,0,2022-04-05,20,418.61,8.41,33.58,6,0
CUST_6328,42,0,Female,Urban,Prepaid,60.70,0,2022-02-20,22,443.73,10.81,29.33,6,0
CUST_6329,43,1,Female,Urban,Monthly,53.64,0,2023-02-09,10,566.29,9.59,25.08,12,0
CUST_633,43,1,Female,Suburban,Prepaid,15.96,0,2019-08-31,52,535.90,9.46,14.67,3,0
CUST_6330,43,1,Male,Suburban,Prepaid,60.58,0,2018-12-30,60,401.70,10.50,23.92,8,0
CUST_6331,43,1,Female,Suburban,Prepaid,49.84,0,2022-11-28,13,408.49,9.74,23.75,8,0
CUST_6332,65,0,Male,Rural,Yearly,29.88,0,2021-04-20,32,598.81,9.72,23.25,3,0
CUST_6333,43,1,Male,Urban,Yearly,41.13,0,2021-04-12,32,485.61,10.27,29.08,5,0
CUST_6334,42,0,Male,Rural,Prepaid,53.19,0,2019-04-06,56,480.69,9.17,30.33,4,0
CUST_6335,27,0,Male,Suburban,Yearly,36.94,0,2022-09-28,15,499.13,10.20,27.25,7,0
CUST_6336,31,0,Female,Suburban,Yearly,35.90,0,2022-03-31,21,597.66,7.85,22.25,6,0
CUST_6337,59,0,Male,Urban,Prepaid,59.27,0,2019-05-06,55,592.94,9.13,17.25,9,0
CUST_6338,63,0,Female,Urban,Prepaid,60.21,0,2018-10-30,62,404.91,10.65,21.50,5,0
CUST_6339,43,1,Female,Rural,Monthly,54.44,0,2019-09-20,51,596.10,10.29,21.25,3,0
CUST_634,30,0,Female,Urban,Prepaid,77.12,0,2018-06-14,66,493.88,9.56,29.42,4,0
CUST_6340,43,1,Female,Suburban,Yearly,42.53,0,2018-02-20,70,555.66,9.14,23.17,3,1
CUST_6341,43,1,Female,Rural,Prepaid,44.94,0,2020-08-10,40,523.93,10.19,20.33,8,0
CUST_6342,43,1,Male,Rural,Prepaid,60.50,0,2022-07-07,17,618.71,9.32,18.25,10,0
CUST_6343,43,1,Female,Rural,Monthly,36.48,0,2019-10-13,50,386.53,9.98,23.83,5,0
CUST_6344,43,1,Male,Urban,Monthly,28.18,0,2021-07-16,29,436.88,8.13,30.83,7,0
CUST_6345,65,0,Female,Suburban,Monthly,57.61,0,2019-08-09,52,541.72,10.73,20.00,5,0
CUST_6346,43,1,Female,Rural,Prepaid,48.21,0,2020-01-29,47,598.93,9.26,27.92,5,0
CUST_6347,43,1,Male,Suburban,Yearly,69.61,0,2022-06-03,18,519.00,11.30,22.58,3,0
CUST_6348,52,0,Female,Suburban,Monthly,34.02,0,2023-01-24,11,527.06,10.82,28.50,7,0
CUST_6349,43,1,Female,Rural,Yearly,66.12,0,2020-02-15,46,518.29,10.40,20.08,12,0
CUST_635,36,0,Male,Rural,Prepaid,59.87,0,2019-06-19,54,560.06,8.96,26.92,6,0
CUST_6350,43,1,Female,Rural,Yearly,41.24,0,2018-06-22,66,613.25,10.04,22.92,13,0
CUST_6351,43,1,Female,Urban,Yearly,61.73,0,2022-07-04,17,446.53,10.68,18.67,6,0
CUST_6352,38,0,Female,Suburban,Yearly,30.67,0,2018-04-09,68,435.95,10.53,19.83,5,0
CUST_6353,39,0,Male,Rural,Yearly,25.92,0,2021-03-15,33,565.34,11.00,28.00,11,0
CUST_6354,62,0,Female,Rural,Monthly,55.26,0,2019-10-03,50,516.95,10.99,19.17,11,0
CUST_6355,24,0,Female,Suburban,Monthly,45.87,0,2022-12-04,12,437.21,10.55,21.83,8,1
CUST_6356,43,1,Male,Rural,Monthly,52.39,0,2019-11-29,49,457.67,11.63,31.42,7,0
CUST_6357,19,0,Female,Suburban,Monthly,35.37,0,2019-08-23,52,275.28,10.85,24.75,11,0
CUST_6358,43,1,Male,Rural,Prepaid,54.92,0,2022-10-10,14,463.70,12.68,20.58,6,0
CUST_6359,43,1,Female,Suburban,Prepaid,69.11,0,2021-03-10,33,513.47,10.05,19.67,6,0
CUST_636,66,0,Female,Suburban,Monthly,51.29,0,2020-06-26,42,395.55,9.59,26.75,5,0
CUST_6360,35,0,Female,Rural,Prepaid,66.45,0,2021-04-18,32,516.63,9.12,19.50,8,0
CUST_6361,43,1,Male,Rural,Prepaid,39.88,0,2021-04-28,32,496.96,10.36,28.58,2,0
CUST_6362,33,0,Female,Urban,Prepaid,31.16,0,2020-02-14,46,355.06,11.51,32.42,12,0
CUST_6363,66,0,Female,Suburban,Yearly,49.95,0,2021-10-10,26,549.29,9.70,29.75,3,1
CUST_6364,68,0,Male,Urban,Monthly,62.71,0,2022-04-23,20,425.33,8.73,32.50,5,0
CUST_6365,35,0,Male,Rural,Prepaid,24.68,0,2021-10-06,26,479.21,9.07,21.00,9,0
CUST_6366,52,0,Female,Suburban,Monthly,59.14,0,2019-06-20,54,616.94,9.78,25.67,8,0
CUST_6367,43,1,Male,Suburban,Prepaid,80.15,0,2021-08-20,28,506.24,9.30,29.00,3,0
CUST_6368,43,1,Female,Rural,Yearly,59.59,0,2019-04-16,56,615.23,10.58,21.83,3,0
CUST_6369,23,0,Male,Rural,Prepaid,26.67,0,2020-05-17,43,554.39,9.38,24.67,5,1
CUST_637,53,0,Female,Suburban,Yearly,39.68,0,2023-01-12,11,476.14,10.59,28.00,6,0
CUST_6370,43,1,Female,Rural,Prepaid,33.01,0,2020-09-21,39,553.74,9.71,26.33,6,0
CUST_6371,60,0,Male,Rural,Yearly,39.65,0,2022-08-21,16,486.11,9.46,23.08,8,0
CUST_6372,43,1,Male,Suburban,Monthly,47.82,0,2019-06-07,54,639.43,10.24,26.83,7,1
CUST_6373,64,0,Male,Urban,Yearly,55.24,0,2023-04-01,8,428.38,9.65,24.00,5,1
CUST_6374,65,0,Male,Suburban,Monthly,60.81,0,2023-02-17,10,421.68,9.07,23.33,7,0
CUST_6375,43,1,Male,Suburban,Prepaid,45.52,0,2019-01-04,59,575.62,9.71,26.08,7,1
CUST_6376,29,0,Male,Suburban,Monthly,53.84,0,2019-02-10,58,279.40,11.75,24.83,7,0
CUST_6377,30,0,Male,Suburban,Prepaid,33.78,0,2022-08-23,16,456.58,11.32,24.33,5,0
CUST_6378,21,0,Male,Rural,Prepaid,39.41,0,2019-08-04,52,469.65,12.21,18.67,10,0
CUST_6379,56,0,Male,Urban,Prepaid,63.27,0,2020-12-22,36,392.64,10.78,23.00,5,0
CUST_638,43,1,Male,Urban,Monthly,34.01,0,2020-07-17,41,410.92,10.39,24.33,5,0
CUST_6380,19,0,Female,Suburban,Yearly,56.78,0,2023-05-20,7,522.01,9.44,23.83,3,0
CUST_6381,43,1,Male,Suburban,Monthly,58.65,0,2020-01-11,47,479.26,11.16,27.17,6,0
CUST_6382,44,0,Female,Urban,Prepaid,34.41,0,2021-05-12,31,425.21,9.34,18.08,4,0
CUST_6383,44,0,Male,Rural,Prepaid,49.43,0,2020-03-04,45,493.74,9.83,22.17,7,0
CUST_6384,32,0,Female,Suburban,Yearly,51.28,0,2020-01-17,47,532.05,11.02,27.33,3,0
CUST_6385,25,0,Female,Rural,Prepaid,54.84,0,2020-12-22,36,591.05,10.33,23.75,5,0
CUST_6386,24,0,Male,Suburban,Monthly,65.26,0,2018-02-26,70,535.80,10.70,30.33,2,0
CUST_6387,64,0,Male,Suburban,Monthly,50.68,0,2023-05-03,7,587.14,10.11,25.67,3,0
CUST_6388,63,0,Female,Urban,Monthly,73.85,0,2020-10-06,38,337.58,10.61,20.83,9,0
CUST_6389,43,1,Female,Urban,Prepaid,20.52,0,2019-02-28,58,423.33,10.45,28.42,6,0
CUST_639,58,0,Male,Suburban,Prepaid,47.00,0,2023-06-23,6,551.12,9.81,24.00,10,0
CUST_6390,29,0,Male,Rural,Yearly,45.38,0,2018-05-17,67,504.35,11.12,29.33,6,0
CUST_6391,30,0,Male,Suburban,Monthly,65.49,0,2021-06-09,30,695.56,10.02,22.42,10,0
CUST_6392,60,0,Male,Rural,Prepaid,38.80,0,2021-05-26,31,490.61,9.89,26.42,6,0
CUST_6393,34,0,Female,Urban,Prepaid,62.51,0,2019-04-14,56,535.74,10.67,32.33,8,0
CUST_6394,43,1,Male,Urban,Prepaid,51.47,0,2021-08-06,28,599.09,8.64,25.00,5,0
CUST_6395,53,0,Male,Urban,Prepaid,78.47,0,2018-01-01,71,463.67,9.45,17.42,6,0
CUST_6396,38,0,Male,Urban,Yearly,47.73,0,2022-03-17,21,705.01,10.99,19.25,9,0
CUST_6397,43,1,Male,Urban,Prepaid,47.91,0,2022-10-07,14,515.45,8.81,28.00,4,0
CUST_6398,43,1,Male,Rural,Yearly,77.02,0,2018-01-16,71,600.89,9.22,23.92,5,0
CUST_6399,43,0,Female,Rural,Monthly,44.58,0,2023-04-10,8,523.82,10.83,17.92,6,0
CUST_64,34,0,Female,Rural,Monthly,56.69,0,2023-06-16,6,616.29,9.92,31.17,4,0
CUST_640,36,0,Male,Urban,Prepaid,54.53,0,2020-04-04,44,379.19,8.48,27.67,6,0
CUST_6400,33,0,Female,Urban,Prepaid,65.84,0,2022-07-04,17,515.24,9.84,26.50,9,0
CUST_6401,43,1,Male,Suburban,Prepaid,54.61,0,2019-09-30,51,371.80,10.18,25.75,7,0
CUST_6402,43,1,Male,Suburban,Monthly,66.31,0,2018-04-19,68,279.18,10.17,27.50,9,0
CUST_6403,43,1,Female,Suburban,Monthly,44.76,0,2018-02-02,70,553.48,9.31,17.75,7,0
CUST_6404,64,0,Male,Suburban,Yearly,48.40,0,2018-03-21,69,353.49,8.45,22.92,5,0
CUST_6405,29,0,Female,Suburban,Monthly,44.49,0,2020-02-09,46,472.49,8.70,23.50,5,0
CUST_6406,54,0,Male,Urban,Monthly,20.39,0,2019-06-17,54,451.54,9.59,27.42,4,0
CUST_6407,43,1,Female,Rural,Prepaid,46.02,0,2020-10-01,38,585.00,10.81,27.92,6,0
CUST_6408,43,1,Female,Urban,Yearly,98.03,0,2019-11-13,49,563.55,9.76,26.17,4,0
CUST_6409,33,0,Male,Suburban,Yearly,39.01,0,2020-03-29,45,608.57,10.53,24.25,3,0
CUST_641,29,0,Male,Rural,Monthly,46.55,0,2021-11-04,25,541.37,9.47,20.42,4,0
CUST_6410,43,1,Female,Suburban,Prepaid,52.19,0,2022-08-18,16,472.94,9.29,27.67,3,1
CUST_6411,27,0,Male,Rural,Prepaid,67.87,0,2018-09-29,63,471.73,10.33,31.08,5,0
CUST_6412,24,0,Female,Urban,Monthly,57.82,0,2018-01-19,71,585.31,9.95,27.00,13,0
CUST_6413,43,1,Male,Rural,Monthly,48.84,0,2020-09-27,39,351.25,9.64,21.58,5,0
CUST_6414,69,0,Male,Suburban,Monthly,182.95,0,2021-11-02,25,434.67,9.93,24.92,5,0
CUST_6415,43,1,Male,Suburban,Monthly,71.64,0,2021-05-17,31,534.15,10.67,25.50,6,0
CUST_6416,46,0,Female,Rural,Yearly,66.63,0,2019-10-01,50,504.99,9.74,35.58,14,0
CUST_6417,20,0,Male,Suburban,Prepaid,71.28,0,2018-01-05,71,362.95,9.50,21.42,5,0
CUST_6418,43,1,Male,Urban,Monthly,69.78,0,2018-06-28,66,595.12,11.49,28.42,10,0
CUST_6419,43,1,Male,Suburban,Prepaid,28.59,0,2022-10-30,14,494.48,8.79,22.00,6,0
CUST_642,26,0,Female,Suburban,Prepaid,57.96,0,2020-07-09,41,542.10,10.14,31.50,10,0
CUST_6420,64,0,Female,Suburban,Prepaid,44.72,0,2022-07-19,17,570.27,9.76,21.75,8,0
CUST_6421,43,1,Male,Urban,Yearly,54.66,0,2023-04-04,8,566.42,9.44,29.08,6,0
CUST_6422,69,0,Female,Suburban,Monthly,35.73,0,2022-06-09,18,496.37,9.37,28.17,6,0
CUST_6423,36,0,Female,Rural,Yearly,40.55,0,2023-03-19,9,566.10,10.30,23.83,4,0
CUST_6424,43,1,Female,Rural,Monthly,59.61,0,2018-04-05,68,563.70,9.95,19.92,8,0
CUST_6425,59,0,Male,Suburban,Yearly,58.99,0,2021-09-23,27,639.19,10.62,21.83,4,1
CUST_6426,38,0,Male,Urban,Monthly,76.41,0,2019-12-26,48,695.29,8.93,23.75,5,0
CUST_6427,54,0,Female,Urban,Prepaid,39.18,0,2019-11-09,49,483.60,9.03,26.75,10,0
CUST_6428,44,0,Male,Rural,Yearly,36.05,0,2020-11-09,37,389.27,10.43,19.33,5,0
CUST_6429,69,0,Male,Suburban,Prepaid,81.47,0,2021-02-18,34,511.25,9.66,31.92,6,1
CUST_643,43,1,Female,Rural,Prepaid,77.84,0,2018-12-11,60,378.10,11.42,26.75,6,0
CUST_6430,43,1,Female,Urban,Monthly,46.31,0,2022-12-23,12,490.25,9.77,24.33,5,0
CUST_6431,43,1,Female,Urban,Monthly,21.50,0,2018-02-25,70,482.60,10.40,25.42,4,0
CUST_6432,43,1,Male,Rural,Prepaid,55.99,0,2021-12-21,24,544.38,9.95,25.42,10,0
CUST_6433,43,1,Female,Rural,Prepaid,33.87,0,2019-03-21,57,460.32,10.44,29.75,14,0
CUST_6434,43,1,Male,Urban,Monthly,44.21,0,2021-11-11,25,428.91,8.84,21.92,9,0
CUST_6435,43,1,Female,Rural,Prepaid,28.74,0,2019-11-20,49,445.09,11.02,21.67,2,0
CUST_6436,39,0,Male,Urban,Monthly,66.67,0,2019-07-21,53,340.25,9.31,25.08,4,0
CUST_6437,49,0,Male,Suburban,Monthly,56.12,0,2022-03-11,21,407.35,9.68,23.83,6,0
CUST_6438,33,0,Female,Rural,Prepaid,30.65,0,2019-09-24,51,501.84,10.39,27.92,2,0
CUST_6439,43,1,Male,Rural,Monthly,52.98,0,2018-09-07,63,446.04,9.08,22.42,1,0
CUST_644,45,0,Male,Suburban,Monthly,33.90,0,2020-10-22,38,534.92,8.73,19.42,4,0
CUST_6440,43,1,Male,Suburban,Yearly,60.07,0,2019-05-26,55,430.89,10.34,21.17,9,0
CUST_6441,53,0,Female,Urban,Prepaid,46.83,0,2021-04-06,32,460.49,9.47,22.17,3,0
CUST_6442,47,0,Male,Urban,Monthly,74.83,0,2020-10-24,38,485.49,10.11,23.33,4,0
CUST_6443,43,1,Male,Rural,Prepaid,65.62,0,2019-08-24,52,537.19,9.03,29.83,5,0
CUST_6444,43,1,Male,Urban,Monthly,42.77,0,2022-09-01,15,552.24,9.27,26.83,3,1
CUST_6445,40,0,Female,Urban,Monthly,46.60,0,2019-05-05,55,559.62,9.15,25.08,7,0
CUST_6446,51,0,Female,Suburban,Prepaid,31.45,0,2020-04-29,44,597.95,10.18,21.08,5,0
CUST_6447,43,1,Female,Suburban,Prepaid,24.55,0,2019-08-18,52,432.87,8.71,35.58,5,0
CUST_6448,43,1,Female,Suburban,Monthly,36.94,0,2019-11-17,49,369.68,7.76,28.33,3,0
CUST_6449,46,0,Female,Rural,Prepaid,39.46,0,2022-08-08,16,403.82,9.44,24.25,8,1
CUST_645,31,0,Male,Suburban,Yearly,53.55,0,2022-11-08,13,420.39,10.33,25.25,8,0
CUST_6450,53,0,Male,Suburban,Prepaid,69.90,0,2022-04-19,20,429.67,8.50,28.75,2,0
CUST_6451,39,0,Male,Suburban,Yearly,29.38,0,2020-06-23,42,515.96,10.19,30.50,4,0
CUST_6452,69,0,Male,Urban,Prepaid,51.46,0,2018-04-14,68,392.04,10.16,24.58,7,0
CUST_6453,69,0,Female,Suburban,Monthly,53.22,0,2018-11-26,61,559.09,10.46,23.25,4,0
CUST_6454,43,1,Male,Rural,Prepaid,39.39,0,2019-02-16,58,400.55,10.62,20.50,10,0
CUST_6455,43,1,Female,Suburban,Yearly,65.29,0,2022-03-19,21,583.81,10.54,20.67,4,0
CUST_6456,26,0,Male,Rural,Prepaid,45.31,0,2018-12-16,60,450.99,8.75,27.17,5,0
CUST_6457,56,0,Female,Urban,Prepaid,41.11,0,2021-09-02,27,436.05,9.59,28.75,8,0
CUST_6458,68,0,Male,Urban,Monthly,74.63,0,2019-02-07,58,453.28,9.74,24.00,4,0
CUST_6459,36,0,Male,Suburban,Yearly,37.37,0,2023-06-17,6,529.19,10.14,21.33,4,0
CUST_646,43,1,Female,Rural,Monthly,76.12,0,2019-11-12,49,587.38,8.65,22.67,4,0
CUST_6460,55,0,Female,Urban,Yearly,61.68,0,2022-12-03,12,430.37,10.54,23.08,1,0
CUST_6461,43,1,Male,Suburban,Prepaid,41.48,0,2018-07-03,65,616.77,9.57,13.00,9,0
CUST_6462,69,0,Male,Urban,Yearly,31.77,0,2018-07-03,65,448.93,9.75,31.25,8,1
CUST_6463,43,1,Female,Rural,Monthly,45.04,0,2020-05-29,43,570.90,11.57,22.75,5,0
CUST_6464,32,0,Male,Urban,Yearly,85.34,0,2021-07-07,29,483.29,8.85,29.50,6,0
CUST_6465,37,0,Male,Suburban,Yearly,28.34,0,2022-07-03,17,511.19,10.81,28.42,4,0
CUST_6466,43,1,Female,Suburban,Monthly,39.49,0,2021-10-30,26,448.04,9.32,25.83,6,0
CUST_6467,49,0,Female,Suburban,Monthly,68.44,0,2022-03-15,21,500.82,10.16,27.08,4,0
CUST_6468,43,1,Female,Rural,Monthly,35.90,0,2019-02-28,58,370.35,11.46,23.75,5,0
CUST_6469,67,0,Female,Urban,Monthly,40.97,0,2023-06-14,6,373.10,10.37,27.50,11,0
CUST_647,43,1,Male,Suburban,Prepaid,45.34,0,2018-10-13,62,606.35,11.89,23.17,9,0
CUST_6470,43,1,Female,Suburban,Prepaid,52.02,0,2019-04-28,56,448.73,10.13,24.58,6,0
CUST_6471,22,0,Male,Rural,Prepaid,46.63,0,2018-02-14,70,439.84,8.27,27.33,6,0
CUST_6472,37,0,Female,Rural,Prepaid,57.63,0,2022-07-08,17,586.62,11.68,27.50,9,0
CUST_6473,40,0,Female,Rural,Yearly,46.06,0,2023-01-20,11,587.00,9.31,25.25,10,0
CUST_6474,28,0,Male,Urban,Prepaid,50.09,0,2022-02-23,22,519.15,10.76,28.33,7,0
CUST_6475,43,1,Male,Urban,Prepaid,48.04,0,2022-08-05,16,493.05,10.46,23.17,4,0
CUST_6476,43,1,Male,Urban,Prepaid,37.74,0,2021-12-08,24,378.24,10.86,25.00,1,0
CUST_6477,21,0,Male,Rural,Monthly,22.25,0,2019-07-19,53,256.81,9.76,31.25,4,0
CUST_6478,46,0,Male,Urban,Yearly,78.83,0,2018-05-25,67,569.46,9.86,28.00,6,0
CUST_6479,61,0,Female,Suburban,Monthly,37.57,0,2020-06-15,42,551.76,9.44,24.42,6,0
CUST_648,36,0,Male,Rural,Yearly,47.91,0,2023-01-26,11,541.56,11.32,26.17,6,0
CUST_6480,51,0,Male,Rural,Prepaid,38.47,0,2022-05-28,19,390.64,8.64,19.42,3,0
CUST_6481,43,1,Female,Urban,Yearly,52.98,0,2019-04-13,56,311.86,9.51,26.75,8,0
CUST_6482,59,0,Male,Rural,Prepaid,34.48,0,2020-03-08,45,472.62,10.19,23.42,7,0
CUST_6483,26,0,Female,Rural,Yearly,63.74,0,2022-02-17,22,345.46,9.63,28.00,3,1
CUST_6484,59,0,Male,Urban,Prepaid,53.82,0,2022-03-10,21,641.61,10.70,30.83,8,0
CUST_6485,48,0,Female,Rural,Monthly,45.93,0,2022-11-03,13,445.43,10.23,25.17,3,0
CUST_6486,24,0,Female,Urban,Prepaid,42.50,0,2022-09-08,15,419.52,10.05,19.42,7,1
CUST_6487,21,0,Female,Urban,Yearly,31.99,0,2023-03-15,9,532.65,9.33,25.33,10,0
CUST_6488,43,1,Female,Urban,Prepaid,54.70,0,2019-01-14,59,482.42,8.49,24.92,3,1
CUST_6489,43,1,Female,Rural,Prepaid,52.04,0,2020-10-01,38,327.04,10.41,29.58,11,0
CUST_649,64,0,Male,Rural,Monthly,56.92,0,2021-05-16,31,672.57,10.13,22.92,6,0
CUST_6490,43,1,Female,Rural,Yearly,40.31,0,2020-11-12,37,305.16,10.58,22.58,4,0
CUST_6491,48,0,Female,Urban,Prepaid,57.86,0,2021-04-11,32,436.47,10.76,26.75,2,0
CUST_6492,52,0,Female,Rural,Monthly,73.71,0,2018-01-10,71,467.43,10.20,33.75,6,0
CUST_6493,38,0,Female,Urban,Monthly,50.22,0,2022-10-03,14,375.48,8.27,27.67,5,0
CUST_6494,48,0,Female,Suburban,Monthly,46.29,0,2019-10-30,50,397.09,10.71,25.92,8,0
CUST_6495,36,0,Male,Rural,Prepaid,35.59,0,2021-08-12,28,429.88,10.03,25.50,3,0
CUST_6496,48,0,Female,Rural,Yearly,47.61,0,2023-02-26,10,518.51,8.97,30.25,2,0
CUST_6497,49,0,Female,Suburban,Yearly,43.71,0,2021-08-03,28,453.98,10.77,22.08,7,0
CUST_6498,43,1,Male,Suburban,Monthly,34.30,0,2023-03-04,9,674.31,9.47,20.50,5,0
CUST_6499,69,0,Female,Suburban,Prepaid,56.77,0,2021-11-03,25,514.10,8.57,29.08,7,0
CUST_65,53,0,Female,Rural,Yearly,257.85,0,2021-04-28,32,407.43,8.68,31.00,4,0
CUST_650,43,1,Male,Urban,Yearly,60.14,0,2020-09-12,39,508.80,8.82,22.75,5,0
CUST_6500,27,0,Female,Urban,Prepaid,54.10,0,2021-07-16,29,446.83,8.52,18.00,4,1
CUST_6501,19,0,Male,Urban,Prepaid,51.15,0,2022-12-03,12,531.77,10.44,19.33,3,0
CUST_6502,19,0,Male,Suburban,Monthly,44.57,0,2021-04-12,32,684.78,11.30,22.08,8,0
CUST_6503,43,1,Female,Urban,Yearly,63.82,0,2023-05-17,7,512.08,10.38,24.17,8,0
CUST_6504,34,0,Male,Rural,Monthly,23.75,0,2018-12-17,60,526.85,9.96,24.92,9,1
CUST_6505,43,1,Female,Suburban,Monthly,24.45,0,2019-12-17,48,565.83,8.96,23.17,6,1
CUST_6506,33,0,Female,Rural,Monthly,53.38,0,2020-07-25,41,607.95,10.54,29.50,7,0
CUST_6507,43,1,Female,Urban,Prepaid,68.97,0,2019-09-18,51,478.26,9.58,23.25,5,0
CUST_6508,63,0,Male,Suburban,Monthly,51.81,0,2018-05-28,67,599.76,9.82,19.67,4,0
CUST_6509,56,0,Female,Urban,Monthly,51.91,0,2021-09-28,27,530.40,8.87,27.92,6,0
CUST_651,22,0,Female,Rural,Prepaid,65.75,0,2021-09-07,27,435.88,7.62,28.33,10,0
CUST_6510,48,0,Female,Rural,Monthly,34.29,0,2018-06-13,66,385.87,11.12,27.00,5,0
CUST_6511,60,0,Male,Urban,Prepaid,17.83,0,2019-01-16,59,644.84,10.04,25.75,8,0
CUST_6512,43,1,Female,Rural,Monthly,35.38,0,2022-01-01,23,455.69,9.37,30.00,6,0
CUST_6513,43,1,Female,Urban,Prepaid,59.66,0,2018-02-05,70,427.84,11.06,22.17,4,0
CUST_6514,43,1,Female,Rural,Prepaid,26.41,0,2021-11-18,25,488.07,9.15,20.08,4,0
CUST_6515,43,1,Female,Urban,Monthly,37.22,0,2021-01-24,35,397.72,9.55,23.92,9,1
CUST_6516,21,0,Female,Suburban,Prepaid,26.51,0,2022-03-26,21,432.63,9.59,30.17,7,0
CUST_6517,24,0,Female,Suburban,Yearly,36.42,0,2021-02-18,34,585.81,9.92,28.92,4,0
CUST_6518,43,1,Male,Urban,Prepaid,67.10,0,2021-01-18,35,614.27,8.76,27.25,9,0
CUST_6519,64,0,Female,Rural,Monthly,40.91,0,2020-01-22,47,503.49,10.35,19.33,6,0
CUST_652,43,1,Male,Urban,Monthly,51.64,0,2018-09-29,63,455.51,9.69,20.67,8,0
CUST_6520,43,1,Female,Urban,Yearly,63.72,0,2018-06-29,66,400.63,8.70,31.25,6,0
CUST_6521,29,0,Male,Suburban,Monthly,41.28,0,2020-01-24,47,377.18,9.17,22.92,7,0
CUST_6522,48,0,Female,Rural,Yearly,71.62,0,2019-03-16,57,651.50,11.01,24.33,4,0
CUST_6523,34,0,Female,Urban,Monthly,55.24,0,2018-10-19,62,573.79,11.13,29.33,14,0
CUST_6524,50,0,Male,Urban,Yearly,43.09,0,2022-05-01,19,552.29,10.52,27.83,6,0
CUST_6525,28,0,Male,Rural,Prepaid,47.57,0,2020-08-04,40,464.21,10.03,22.75,7,0
CUST_6526,43,1,Male,Urban,Prepaid,28.38,0,2021-06-03,30,495.25,10.33,24.08,6,1
CUST_6527,49,0,Male,Suburban,Monthly,42.33,0,2021-07-31,29,674.75,12.20,22.42,5,0
CUST_6528,18,0,Male,Suburban,Monthly,71.31,0,2019-11-08,49,694.92,9.01,24.75,6,0
CUST_6529,43,1,Male,Rural,Monthly,55.39,0,2019-06-02,54,506.85,10.09,25.42,7,0
CUST_653,43,1,Female,Rural,Yearly,38.08,0,2018-12-11,60,475.90,10.14,25.33,4,0
CUST_6530,43,1,Male,Urban,Prepaid,18.68,0,2018-07-22,65,523.68,8.79,26.08,8,0
CUST_6531,59,0,Female,Urban,Prepaid,47.43,0,2019-08-30,52,446.73,12.06,27.83,10,0
CUST_6532,24,0,Female,Suburban,Prepaid,52.52,0,2020-02-21,46,690.09,9.61,20.42,6,0
CUST_6533,43,1,Female,Rural,Monthly,61.26,0,2019-02-07,58,450.40,10.26,28.33,6,0
CUST_6534,59,0,Male,Rural,Prepaid,44.38,0,2022-12-14,12,519.70,11.59,26.33,10,0
CUST_6535,41,0,Female,Rural,Prepaid,48.20,0,2020-02-29,46,342.90,10.32,19.50,7,0
CUST_6536,43,1,Male,Suburban,Prepaid,65.49,0,2019-05-08,55,487.06,9.84,27.92,7,1
CUST_6537,43,1,Female,Suburban,Monthly,46.35,0,2020-08-24,40,511.80,9.56,25.83,10,0
CUST_6538,43,1,Female,Rural,Yearly,39.07,0,2021-09-22,27,498.79,10.81,29.50,8,0
CUST_6539,43,1,Female,Rural,Monthly,62.54,0,2021-08-25,28,640.41,9.94,27.42,8,0
CUST_654,42,0,Male,Suburban,Prepaid,58.41,0,2021-06-26,30,373.01,10.97,24.42,10,0
CUST_6540,28,0,Female,Urban,Prepaid,62.82,0,2018-08-11,64,469.60,11.38,18.42,4,0
CUST_6541,57,0,Male,Urban,Prepaid,17.59,0,2019-01-17,59,415.13,9.70,28.50,3,0
CUST_6542,43,1,Male,Rural,Monthly,53.88,0,2019-02-14,58,612.97,10.53,24.42,7,0
CUST_6543,43,1,Female,Suburban,Monthly,34.89,0,2018-08-21,64,551.37,10.78,18.67,6,0
CUST_6544,28,0,Male,Suburban,Monthly,56.00,0,2020-04-03,44,522.77,10.22,23.83,4,0
CUST_6545,62,0,Male,Urban,Yearly,321.45,0,2023-01-10,11,584.78,10.07,25.67,4,0
CUST_6546,20,0,Female,Rural,Yearly,59.29,0,2020-05-29,43,497.52,11.35,25.58,9,0
CUST_6547,29,0,Male,Suburban,Prepaid,60.77,0,2022-03-10,21,533.38,10.76,34.17,9,0
CUST_6548,20,0,Male,Suburban,Prepaid,40.09,0,2022-08-20,16,348.70,9.29,27.00,5,0
CUST_6549,43,1,Male,Suburban,Prepaid,43.14,0,2018-08-25,64,382.64,10.64,24.25,4,0
CUST_655,69,0,Male,Rural,Monthly,35.50,0,2018-09-01,63,383.18,9.84,21.83,5,0
CUST_6550,44,0,Male,Suburban,Monthly,58.89,0,2020-10-28,38,538.54,10.08,17.92,5,0
CUST_6551,43,1,Female,Urban,Monthly,51.06,0,2018-04-10,68,473.14,9.29,29.25,3,0
CUST_6552,19,0,Female,Suburban,Monthly,26.85,0,2021-03-04,33,499.83,11.33,29.67,3,0
CUST_6553,66,0,Male,Suburban,Prepaid,63.37,0,2020-03-24,45,493.48,9.76,23.25,4,0
CUST_6554,33,0,Female,Rural,Yearly,28.05,0,2020-12-12,36,478.28,10.97,23.25,4,0
CUST_6555,19,0,Female,Rural,Monthly,54.87,0,2021-08-07,28,405.58,9.08,23.42,6,0
CUST_6556,47,0,Female,Urban,Yearly,53.11,0,2021-01-13,35,639.34,10.70,27.50,6,0
CUST_6557,43,1,Male,Urban,Monthly,67.72,0,2018-04-27,68,380.75,10.11,27.08,8,0
CUST_6558,43,1,Male,Urban,Monthly,46.46,0,2018-07-30,65,606.01,10.34,25.33,9,0
CUST_6559,45,0,Female,Urban,Prepaid,19.57,0,2018-04-04,68,467.56,9.58,21.83,4,0
CUST_656,38,0,Female,Suburban,Prepaid,54.98,0,2020-08-22,40,534.62,10.06,29.42,5,0
CUST_6560,42,0,Female,Suburban,Monthly,52.15,0,2018-05-28,67,564.94,8.99,22.08,7,0
CUST_6561,43,1,Male,Rural,Prepaid,54.99,0,2022-08-23,16,459.56,9.82,22.33,5,0
CUST_6562,27,0,Female,Suburban,Monthly,66.10,0,2020-11-19,37,594.52,9.11,19.25,7,0
CUST_6563,43,1,Male,Suburban,Prepaid,42.08,0,2021-06-23,30,467.78,11.21,21.08,6,0
CUST_6564,43,1,Female,Suburban,Prepaid,60.55,0,2021-06-18,30,457.38,8.42,16.17,5,0
CUST_6565,50,0,Male,Rural,Prepaid,63.46,0,2019-10-22,50,464.07,9.62,26.42,4,0
CUST_6566,43,1,Male,Urban,Prepaid,39.02,0,2021-08-04,28,641.86,10.60,22.92,5,0
CUST_6567,58,0,Male,Urban,Prepaid,54.76,0,2020-09-20,39,203.18,10.81,22.50,5,0
CUST_6568,59,0,Male,Rural,Yearly,27.92,0,2019-07-03,53,366.47,10.27,24.58,6,0
CUST_6569,64,0,Female,Rural,Prepaid,58.46,0,2021-08-05,28,593.12,10.12,33.42,5,0
CUST_657,53,0,Male,Urban,Monthly,51.16,0,2018-08-01,64,493.43,9.40,18.00,5,0
CUST_6570,43,1,Male,Urban,Monthly,53.34,0,2020-08-16,40,363.39,9.53,26.08,6,0
CUST_6571,33,0,Female,Suburban,Prepaid,31.42,0,2018-10-01,62,648.93,9.00,24.58,5,0
CUST_6572,62,0,Male,Urban,Monthly,44.05,0,2022-01-11,23,337.54,10.08,25.33,7,0
CUST_6573,39,0,Male,Rural,Prepaid,66.27,0,2023-02-20,10,528.91,8.43,23.08,5,0
CUST_6574,37,0,Female,Urban,Prepaid,53.00,0,2020-04-03,44,518.36,8.12,29.75,7,0
CUST_6575,67,0,Female,Urban,Prepaid,39.76,0,2021-02-17,34,531.42,8.94,25.67,5,0
CUST_6576,60,0,Female,Urban,Monthly,38.48,0,2019-06-22,54,477.58,10.76,19.67,5,0
CUST_6577,43,1,Male,Rural,Prepaid,65.05,0,2023-05-04,7,484.94,11.01,26.00,4,0
CUST_6578,58,0,Male,Rural,Yearly,42.63,0,2021-10-28,26,290.61,8.20,24.25,9,0
CUST_6579,33,0,Female,Urban,Monthly,53.31,0,2018-12-08,60,381.42,8.49,20.17,3,0
CUST_658,40,0,Female,Suburban,Yearly,50.79,0,2021-08-24,28,453.76,9.55,20.75,8,0
CUST_6580,43,1,Male,Urban,Yearly,43.81,0,2019-07-19,53,359.69,11.85,24.33,2,0
CUST_6581,49,0,Female,Suburban,Yearly,16.82,0,2019-12-30,48,384.67,9.39,24.00,4,0
CUST_6582,43,0,Male,Suburban,Monthly,40.20,0,2021-07-06,29,436.98,9.72,32.33,10,0
CUST_6583,42,0,Male,Urban,Yearly,67.07,0,2019-09-20,51,388.61,11.03,21.75,7,0
CUST_6584,19,0,Male,Rural,Prepaid,82.16,0,2019-04-29,56,412.24,10.48,17.33,4,0
CUST_6585,43,1,Female,Suburban,Yearly,38.40,0,2023-05-31,7,545.93,8.73,30.75,7,0
CUST_6586,57,0,Male,Urban,Prepaid,55.00,0,2021-12-18,24,281.08,8.80,12.67,4,0
CUST_6587,26,0,Female,Suburban,Monthly,84.93,0,2020-01-09,47,480.23,11.21,22.83,5,0
CUST_6588,29,0,Female,Suburban,Monthly,68.01,0,2019-01-23,59,510.12,8.27,31.33,9,0
CUST_6589,43,1,Male,Suburban,Yearly,31.82,0,2021-12-20,24,730.68,10.62,26.25,6,1
CUST_659,33,0,Male,Rural,Monthly,48.77,0,2021-11-12,25,544.64,8.96,26.83,1,0
CUST_6590,43,1,Female,Rural,Yearly,46.03,0,2022-02-01,22,391.96,10.16,29.17,9,0
CUST_6591,27,0,Female,Urban,Prepaid,53.87,0,2018-05-27,67,302.54,10.23,22.75,5,0
CUST_6592,49,0,Male,Rural,Prepaid,69.09,0,2019-07-23,53,460.98,9.64,30.42,7,0
CUST_6593,51,0,Female,Rural,Monthly,31.95,0,2021-11-29,25,438.24,8.78,19.58,5,0
CUST_6594,43,1,Female,Suburban,Monthly,61.61,0,2018-03-13,69,481.95,9.92,16.17,5,0
CUST_6595,37,0,Male,Urban,Prepaid,60.55,0,2022-06-29,18,431.46,10.02,20.25,3,0
CUST_6596,43,1,Male,Suburban,Monthly,45.44,0,2019-12-28,48,463.32,9.61,31.92,11,1
CUST_6597,43,1,Male,Rural,Yearly,82.16,0,2022-04-22,20,498.53,10.83,16.00,6,0
CUST_6598,18,0,Female,Rural,Monthly,36.33,0,2018-10-11,62,389.43,9.50,30.42,4,0
CUST_6599,68,0,Female,Urban,Monthly,55.46,0,2023-04-23,8,665.79,9.52,22.75,4,0
CUST_66,67,0,Female,Urban,Prepaid,58.91,0,2020-03-25,45,711.58,9.42,32.00,8,0
CUST_660,56,0,Male,Suburban,Yearly,65.03,0,2021-05-28,31,468.38,8.34,27.08,8,0
CUST_6600,43,1,Male,Rural,Monthly,52.99,0,2022-05-11,19,416.64,10.19,18.50,5,0
CUST_6601,43,1,Female,Rural,Monthly,55.64,0,2021-01-30,35,501.41,9.59,23.58,9,1
CUST_6602,44,0,Male,Urban,Yearly,67.33,0,2018-03-01,69,425.81,9.01,20.58,4,1
CUST_6603,43,1,Male,Suburban,Monthly,29.86,0,2021-01-06,35,478.00,11.72,25.58,9,0
CUST_6604,48,0,Male,Urban,Monthly,52.38,0,2022-08-27,16,469.19,11.95,25.75,5,0
CUST_6605,31,0,Female,Rural,Yearly,79.54,0,2021-10-28,26,666.91,11.86,21.08,10,0
CUST_6606,19,0,Female,Urban,Prepaid,61.97,0,2019-09-18,51,484.27,10.31,23.50,3,0
CUST_6607,46,0,Male,Suburban,Yearly,40.09,0,2021-09-26,27,639.72,10.06,24.75,4,0
CUST_6608,43,1,Male,Rural,Monthly,38.00,0,2018-08-02,64,457.67,10.86,17.42,5,0
CUST_6609,29,0,Female,Suburban,Yearly,57.77,0,2022-10-12,14,307.40,10.37,20.67,4,0
CUST_661,62,0,Male,Urban,Monthly,59.27,0,2023-01-31,11,467.09,10.68,28.75,5,0
CUST_6610,54,0,Male,Suburban,Prepaid,42.66,0,2022-08-15,16,555.52,11.79,28.08,5,0
CUST_6611,45,0,Female,Urban,Monthly,47.86,0,2018-09-14,63,601.93,10.28,27.92,7,0
CUST_6612,43,1,Male,Suburban,Yearly,38.85,0,2018-09-09,63,544.09,11.23,23.58,5,0
CUST_6613,56,0,Male,Urban,Monthly,81.11,0,2022-10-28,14,571.03,11.03,26.33,7,0
CUST_6614,43,1,Female,Urban,Prepaid,55.20,0,2019-10-13,50,496.63,9.20,25.67,5,0
CUST_6615,38,0,Female,Suburban,Prepaid,50.79,0,2018-05-18,67,612.14,10.32,16.83,4,0
CUST_6616,27,0,Female,Urban,Monthly,25.51,0,2018-04-08,68,401.07,9.15,24.83,8,0
CUST_6617,63,0,Female,Urban,Monthly,37.62,0,2018-07-12,65,488.17,10.37,28.50,2,0
CUST_6618,43,1,Female,Suburban,Monthly,49.09,0,2018-04-27,68,687.98,11.22,23.75,6,0
CUST_6619,43,1,Male,Rural,Prepaid,49.10,0,2022-02-23,22,504.47,9.22,18.67,6,0
CUST_662,59,0,Male,Suburban,Yearly,60.42,0,2022-09-10,15,562.20,10.30,21.75,6,1
CUST_6620,35,0,Male,Urban,Yearly,74.91,0,2022-11-18,13,464.95,9.67,19.17,4,0
CUST_6621,41,0,Female,Urban,Monthly,51.86,0,2020-10-12,38,447.40,9.73,26.67,6,0
CUST_6622,31,0,Female,Suburban,Prepaid,65.57,0,2018-01-15,71,428.34,9.27,29.00,4,0
CUST_6623,51,0,Male,Urban,Prepaid,52.69,0,2023-04-24,8,382.46,9.41,28.42,6,0
CUST_6624,29,0,Male,Suburban,Monthly,62.92,0,2018-04-01,68,591.98,11.82,26.50,10,0
CUST_6625,39,0,Female,Rural,Monthly,24.98,0,2023-01-29,11,515.28,8.90,22.42,5,0
CUST_6626,23,0,Female,Rural,Monthly,31.15,0,2022-07-02,17,582.53,11.02,17.25,5,0
CUST_6627,53,0,Male,Suburban,Monthly,63.86,0,2020-01-04,47,388.68,11.35,21.25,6,0
CUST_6628,43,1,Female,Rural,Prepaid,72.45,0,2021-04-28,32,537.71,10.66,24.58,6,1
CUST_6629,53,0,Male,Suburban,Yearly,24.40,0,2023-02-12,10,408.88,9.35,25.17,7,0
CUST_663,43,1,Male,Suburban,Monthly,43.05,0,2022-04-27,20,551.79,11.10,21.83,11,0
CUST_6630,39,0,Male,Urban,Yearly,50.18,0,2019-11-13,49,451.17,8.36,28.58,4,0
CUST_6631,31,0,Female,Rural,Prepaid,27.51,0,2022-04-11,20,437.00,9.24,23.67,7,0
CUST_6632,33,0,Male,Urban,Yearly,40.04,0,2022-05-27,19,500.60,9.40,31.00,12,0
CUST_6633,53,0,Male,Urban,Monthly,21.49,0,2018-07-17,65,489.41,7.38,27.58,3,1
CUST_6634,42,0,Male,Suburban,Monthly,48.22,0,2022-05-26,19,444.78,8.57,26.08,5,0
CUST_6635,49,0,Female,Rural,Monthly,47.23,0,2018-07-28,65,467.74,10.34,29.08,3,0
CUST_6636,50,0,Male,Rural,Yearly,47.05,0,2022-08-08,16,418.13,8.00,23.00,10,0
CUST_6637,62,0,Female,Urban,Yearly,45.61,0,2022-03-15,21,491.06,11.32,26.75,5,0
CUST_6638,43,1,Male,Urban,Monthly,59.52,0,2023-05-03,7,499.69,8.30,26.50,6,0
CUST_6639,37,0,Male,Suburban,Prepaid,75.72,0,2020-03-17,45,363.03,9.67,34.92,4,1
CUST_664,43,1,Female,Rural,Prepaid,25.37,0,2018-05-01,67,767.50,9.46,27.33,9,0
CUST_6640,35,0,Male,Rural,Monthly,31.87,0,2018-08-22,64,381.16,9.82,25.25,4,0
CUST_6641,43,1,Male,Suburban,Prepaid,37.39,0,2021-07-12,29,426.37,9.83,24.50,2,0
CUST_6642,20,0,Male,Suburban,Monthly,51.94,0,2020-12-16,36,395.96,9.64,13.92,4,0
CUST_6643,40,0,Female,Suburban,Yearly,45.98,0,2019-10-11,50,605.37,10.60,22.92,5,0
CUST_6644,43,1,Female,Rural,Prepaid,45.25,0,2018-06-18,66,527.58,9.73,22.42,5,0
CUST_6645,43,1,Male,Suburban,Prepaid,30.31,0,2023-03-20,9,406.36,9.58,20.92,4,0
CUST_6646,33,0,Female,Rural,Monthly,43.16,0,2021-03-27,33,472.24,8.93,30.00,4,0
CUST_6647,22,0,Female,Suburban,Prepaid,43.31,0,2019-05-18,55,496.32,7.92,17.33,7,0
CUST_6648,43,1,Male,Urban,Prepaid,53.28,0,2023-03-05,9,499.66,10.07,21.33,3,0
CUST_6649,38,0,Female,Suburban,Monthly,36.39,0,2020-05-06,43,313.01,8.75,21.33,4,0
CUST_665,48,0,Female,Rural,Monthly,44.04,0,2021-03-28,33,350.54,9.67,16.50,7,0
CUST_6650,57,0,Female,Suburban,Yearly,63.39,0,2020-04-04,44,492.63,8.17,28.00,1,0
CUST_6651,43,1,Female,Rural,Monthly,31.03,0,2018-01-09,71,674.38,10.04,22.00,3,0
CUST_6652,31,0,Female,Urban,Monthly,73.31,0,2022-09-19,15,586.81,9.73,22.00,2,0
CUST_6653,56,0,Male,Urban,Monthly,37.73,0,2021-08-16,28,527.89,9.53,18.50,5,0
CUST_6654,48,0,Female,Rural,Prepaid,71.63,0,2021-06-27,30,137.34,10.26,28.17,6,0
CUST_6655,43,1,Male,Rural,Yearly,38.75,0,2022-11-09,13,404.79,10.12,18.17,6,1
CUST_6656,23,0,Male,Urban,Monthly,62.46,0,2022-12-01,12,378.32,11.33,27.75,9,1
CUST_6657,29,0,Female,Rural,Yearly,44.53,0,2021-12-11,24,372.75,10.71,28.50,3,0
CUST_6658,43,1,Male,Urban,Yearly,51.21,0,2019-01-06,59,544.82,9.72,26.83,5,0
CUST_6659,43,1,Female,Suburban,Prepaid,59.03,0,2018-01-31,71,493.13,9.06,31.83,2,0
CUST_666,43,1,Male,Suburban,Monthly,56.54,0,2019-12-30,48,530.76,9.01,25.50,9,0
CUST_6660,62,0,Male,Suburban,Yearly,45.00,0,2023-05-11,7,438.87,9.20,28.33,5,0
CUST_6661,40,0,Female,Urban,Yearly,21.45,0,2022-12-30,12,475.74,11.27,22.42,10,0
CUST_6662,43,1,Female,Urban,Monthly,40.46,0,2018-05-18,67,511.04,11.73,26.67,8,1
CUST_6663,43,1,Male,Suburban,Prepaid,42.42,0,2021-09-09,27,596.20,10.35,20.50,5,0
CUST_6664,63,0,Female,Suburban,Monthly,75.93,0,2019-08-09,52,664.30,10.05,25.00,4,0
CUST_6665,43,1,Female,Urban,Prepaid,49.29,0,2020-12-20,36,523.30,10.71,27.50,9,0
CUST_6666,32,0,Female,Rural,Monthly,52.56,0,2019-03-28,57,517.14,9.49,30.33,5,0
CUST_6667,61,0,Female,Rural,Prepaid,48.27,0,2021-08-30,28,435.20,9.15,22.83,7,0
CUST_6668,34,0,Male,Urban,Monthly,53.27,0,2018-01-03,71,314.86,9.19,22.58,6,0
CUST_6669,43,1,Male,Rural,Yearly,31.43,0,2018-07-16,65,669.25,10.05,31.08,8,1
CUST_667,52,0,Male,Urban,Yearly,50.49,0,2023-01-16,11,460.47,10.30,27.00,7,0
CUST_6670,43,1,Male,Suburban,Prepaid,39.69,0,2021-02-04,34,335.62,9.78,24.42,7,0
CUST_6671,61,0,Female,Suburban,Monthly,59.94,0,2021-04-14,32,379.49,11.22,29.75,6,0
CUST_6672,43,1,Male,Rural,Prepaid,46.65,0,2019-06-22,54,438.88,9.40,19.00,7,0
CUST_6673,22,0,Female,Urban,Monthly,48.48,0,2019-12-31,48,369.31,10.08,28.75,7,0
CUST_6674,43,1,Female,Suburban,Monthly,49.70,0,2021-03-22,33,476.34,10.18,25.42,7,0
CUST_6675,43,1,Female,Suburban,Prepaid,60.32,0,2020-09-05,39,706.72,10.26,29.25,4,0
CUST_6676,69,0,Male,Suburban,Monthly,40.39,0,2018-07-02,65,490.04,9.89,28.50,6,0
CUST_6677,40,0,Male,Rural,Yearly,51.50,0,2021-05-06,31,442.04,10.97,17.83,8,1
CUST_6678,57,0,Male,Urban,Prepaid,17.70,0,2018-04-11,68,287.91,10.27,28.75,7,0
CUST_6679,31,0,Male,Rural,Monthly,25.82,0,2023-04-12,8,418.52,9.29,22.08,5,0
CUST_668,40,0,Female,Suburban,Monthly,43.51,0,2022-05-26,19,530.29,10.92,20.50,4,0
CUST_6680,32,0,Female,Urban,Monthly,46.27,0,2019-11-06,49,375.10,9.86,25.83,6,0
CUST_6681,60,0,Male,Urban,Prepaid,33.42,0,2019-01-23,59,601.08,10.05,25.08,7,0
CUST_6682,43,1,Male,Rural,Yearly,64.75,0,2019-12-01,48,482.28,10.35,22.17,8,0
CUST_6683,48,0,Male,Suburban,Monthly,33.98,0,2022-12-13,12,589.94,9.28,29.83,7,0
CUST_6684,43,1,Male,Urban,Prepaid,48.08,0,2023-05-19,7,415.30,9.43,19.17,8,0
CUST_6685,43,1,Female,Rural,Prepaid,62.04,0,2018-09-16,63,444.38,10.71,23.58,6,0
CUST_6686,43,1,Male,Suburban,Monthly,57.40,0,2021-11-24,25,491.30,10.95,22.00,8,0
CUST_6687,36,0,Male,Urban,Monthly,41.83,0,2019-10-14,50,311.48,9.15,22.33,6,0
CUST_6688,43,1,Male,Urban,Monthly,44.15,0,2022-03-03,21,648.57,11.03,23.25,2,0
CUST_6689,40,0,Female,Suburban,Monthly,285.60,0,2022-04-15,20,529.23,9.78,21.92,4,0
CUST_669,43,1,Female,Urban,Monthly,53.32,0,2018-06-23,66,455.72,9.81,28.08,3,1
CUST_6690,43,1,Male,Urban,Monthly,62.10,0,2018-02-27,70,440.64,10.73,28.67,5,0
CUST_6691,43,1,Male,Rural,Monthly,72.45,0,2020-07-03,41,477.26,9.45,29.00,6,0
CUST_6692,30,0,Male,Urban,Monthly,62.08,0,2019-08-23,52,364.27,10.61,21.67,5,0
CUST_6693,37,0,Female,Urban,Yearly,60.28,0,2021-06-28,30,438.57,8.95,26.75,4,0
CUST_6694,52,0,Female,Suburban,Yearly,55.14,0,2018-06-27,66,502.78,10.80,24.25,5,1
CUST_6695,22,0,Male,Rural,Monthly,51.81,0,2019-01-26,59,658.69,10.38,23.08,3,0
CUST_6696,26,0,Male,Suburban,Monthly,44.44,0,2023-05-13,7,604.32,8.80,23.17,6,0
CUST_6697,46,0,Female,Rural,Prepaid,57.48,0,2019-06-15,54,674.50,9.39,32.75,8,0
CUST_6698,23,0,Female,Suburban,Prepaid,46.45,0,2022-02-19,22,578.14,12.59,23.42,6,0
CUST_6699,42,0,Female,Urban,Monthly,60.45,0,2020-09-01,39,452.94,8.47,28.75,4,1
CUST_67,57,0,Female,Rural,Prepaid,53.40,0,2018-06-22,66,371.77,8.35,28.42,6,0
CUST_670,43,1,Male,Urban,Yearly,45.99,0,2018-02-26,70,460.36,10.21,27.33,5,0
CUST_6700,43,1,Female,Rural,Monthly,60.84,0,2020-07-16,41,683.03,9.10,29.00,8,0
CUST_6701,39,0,Female,Rural,Prepaid,57.05,0,2023-06-04,6,508.09,9.62,22.75,4,0
CUST_6702,19,0,Male,Urban,Monthly,40.67,0,2020-07-09,41,514.59,9.22,27.33,5,0
CUST_6703,62,0,Male,Suburban,Yearly,48.68,0,2021-03-22,33,370.76,10.82,24.50,1,0
CUST_6704,22,0,Male,Rural,Yearly,66.26,0,2020-05-17,43,383.15,7.74,31.50,7,0
CUST_6705,43,1,Male,Urban,Monthly,24.40,0,2023-02-06,10,540.71,10.33,27.50,7,0
CUST_6706,42,0,Female,Urban,Monthly,52.85,0,2019-04-12,56,369.34,9.16,26.08,8,0
CUST_6707,25,0,Female,Rural,Prepaid,61.36,0,2019-07-04,53,489.16,11.64,27.08,7,0
CUST_6708,18,0,Female,Rural,Monthly,56.52,0,2022-02-19,22,510.82,8.16,20.67,3,0
CUST_6709,37,0,Female,Rural,Yearly,81.04,0,2018-03-01,69,579.02,8.85,29.75,2,0
CUST_671,28,0,Male,Urban,Yearly,50.73,0,2019-03-28,57,524.39,10.59,21.08,6,0
CUST_6710,43,1,Female,Urban,Yearly,25.82,0,2022-03-16,21,401.93,9.56,24.00,6,1
CUST_6711,40,0,Male,Suburban,Monthly,32.25,0,2021-05-06,31,474.44,9.51,26.17,7,0
CUST_6712,49,0,Male,Suburban,Prepaid,52.73,0,2018-09-30,63,478.74,11.25,26.33,9,0
CUST_6713,28,0,Male,Rural,Monthly,63.98,0,2020-09-05,39,510.28,9.93,26.83,5,1
CUST_6714,43,1,Male,Urban,Monthly,50.86,0,2018-11-01,61,720.24,9.95,29.75,3,0
CUST_6715,43,1,Male,Urban,Yearly,69.77,0,2018-09-17,63,506.42,11.47,21.92,4,0
CUST_6716,43,1,Female,Rural,Prepaid,41.34,0,2019-06-12,54,692.60,10.05,26.58,7,0
CUST_6717,28,0,Female,Urban,Monthly,45.91,0,2022-11-30,13,437.22,8.70,22.58,4,0
CUST_6718,46,0,Female,Urban,Prepaid,61.44,0,2023-02-21,10,480.35,9.61,28.08,4,0
CUST_6719,43,0,Female,Urban,Monthly,44.69,0,2018-05-19,67,526.29,9.82,21.08,6,0
CUST_672,35,0,Female,Suburban,Monthly,20.17,0,2018-10-21,62,504.37,9.50,21.75,9,0
CUST_6720,33,0,Female,Rural,Monthly,64.05,0,2019-01-24,59,484.43,10.17,25.50,5,0
CUST_6721,43,1,Male,Rural,Monthly,60.42,0,2018-12-08,60,723.83,11.57,23.17,3,0
CUST_6722,43,1,Male,Rural,Monthly,43.75,0,2023-04-18,8,493.69,10.27,24.42,6,0
CUST_6723,63,0,Male,Suburban,Monthly,54.49,0,2018-08-30,64,543.74,11.39,25.33,3,1
CUST_6724,43,1,Female,Suburban,Prepaid,42.83,0,2021-02-05,34,546.12,9.78,26.25,6,0
CUST_6725,18,0,Female,Rural,Prepaid,36.62,0,2021-01-20,35,534.68,10.81,17.42,5,0
CUST_6726,64,0,Female,Urban,Yearly,220.65,0,2023-04-15,8,482.38,9.11,17.92,6,0
CUST_6727,18,0,Female,Urban,Prepaid,47.31,0,2022-06-12,18,420.25,10.51,21.08,7,0
CUST_6728,34,0,Male,Rural,Prepaid,51.68,0,2019-07-31,53,522.13,9.58,20.83,8,1
CUST_6729,43,1,Female,Urban,Prepaid,48.37,0,2021-02-07,34,608.23,10.74,28.75,3,0
CUST_673,43,1,Male,Urban,Yearly,61.51,0,2022-09-23,15,601.66,8.86,32.08,4,0
CUST_6730,46,0,Male,Urban,Prepaid,23.67,0,2018-02-15,70,491.50,9.00,19.83,2,0
CUST_6731,37,0,Female,Suburban,Monthly,64.86,0,2018-09-26,63,709.85,10.25,27.58,5,0
CUST_6732,23,0,Male,Urban,Monthly,24.47,0,2022-05-08,19,487.66,10.31,23.58,5,0
CUST_6733,43,1,Female,Urban,Yearly,52.83,0,2018-03-14,69,494.21,9.68,19.67,4,0
CUST_6734,43,1,Female,Rural,Monthly,38.89,0,2019-04-26,56,532.60,10.89,23.75,5,0
CUST_6735,65,0,Male,Suburban,Prepaid,52.19,0,2018-01-30,71,524.05,10.45,22.33,8,0
CUST_6736,43,1,Male,Suburban,Monthly,46.64,0,2021-12-24,24,406.30,9.85,26.42,7,0
CUST_6737,43,1,Female,Urban,Yearly,55.22,0,2019-08-04,52,484.82,9.45,27.83,4,0
CUST_6738,20,0,Male,Rural,Yearly,57.81,0,2020-09-30,39,393.87,8.50,23.58,4,0
CUST_6739,52,0,Female,Suburban,Monthly,65.57,0,2022-10-21,14,553.83,9.51,25.83,9,1
CUST_674,43,1,Female,Suburban,Monthly,59.19,0,2020-07-22,41,773.60,7.47,20.67,9,0
CUST_6740,22,0,Female,Suburban,Prepaid,61.60,0,2020-03-09,45,595.02,11.19,26.92,2,0
CUST_6741,43,1,Male,Urban,Yearly,50.62,0,2023-04-09,8,553.29,7.98,23.33,10,0
CUST_6742,61,0,Female,Suburban,Monthly,64.15,0,2018-03-13,69,246.81,8.11,22.08,4,0
CUST_6743,43,1,Female,Rural,Monthly,42.37,0,2020-09-17,39,636.30,9.30,25.33,6,1
CUST_6744,37,0,Male,Rural,Prepaid,75.21,0,2018-10-28,62,540.11,10.01,21.25,11,0
CUST_6745,43,1,Female,Suburban,Monthly,41.08,0,2018-05-12,67,457.60,8.82,27.83,3,0
CUST_6746,37,0,Female,Rural,Prepaid,42.95,0,2023-01-25,11,405.43,10.57,26.92,6,0
CUST_6747,43,1,Female,Rural,Prepaid,22.75,0,2022-11-08,13,319.66,10.55,25.67,9,0
CUST_6748,56,0,Female,Urban,Prepaid,39.98,0,2018-03-06,69,659.16,9.09,29.33,4,0
CUST_6749,21,0,Male,Suburban,Prepaid,45.99,0,2018-05-29,67,492.21,8.82,24.67,2,0
CUST_675,26,0,Male,Urban,Prepaid,81.68,0,2019-12-15,48,400.37,9.12,23.00,8,0
CUST_6750,68,0,Male,Suburban,Monthly,45.92,0,2019-03-04,57,466.59,11.23,35.08,7,0
CUST_6751,36,0,Male,Urban,Prepaid,75.24,0,2018-05-16,67,545.64,9.86,29.50,6,0
CUST_6752,55,0,Female,Urban,Prepaid,58.77,0,2019-09-11,51,469.36,9.66,25.17,7,0
CUST_6753,43,1,Male,Urban,Prepaid,64.09,0,2018-11-05,61,684.69,10.29,24.75,4,0
CUST_6754,62,0,Male,Urban,Prepaid,50.00,0,2018-05-25,67,620.97,9.23,18.92,3,1
CUST_6755,60,0,Male,Rural,Monthly,39.48,0,2021-06-09,30,365.13,7.89,27.00,5,0
CUST_6756,30,0,Female,Rural,Prepaid,82.68,0,2021-03-22,33,676.98,10.26,19.50,11,0
CUST_6757,43,1,Male,Urban,Prepaid,48.49,0,2020-05-27,43,585.30,10.13,24.42,3,0
CUST_6758,39,0,Male,Suburban,Monthly,59.67,0,2018-12-07,60,437.22,9.91,26.42,4,0
CUST_6759,43,1,Female,Suburban,Prepaid,35.79,0,2022-10-03,14,386.71,10.71,23.67,6,0
CUST_676,27,0,Female,Urban,Prepaid,39.32,0,2022-08-21,16,561.58,9.82,34.50,5,0
CUST_6760,69,0,Female,Suburban,Prepaid,32.44,0,2019-10-31,50,568.54,8.70,24.67,5,0
CUST_6761,64,0,Female,Urban,Yearly,72.44,0,2019-07-25,53,533.62,9.34,22.08,3,0
CUST_6762,62,0,Female,Rural,Monthly,56.49,0,2022-05-27,19,553.41,10.24,29.17,1,0
CUST_6763,43,1,Female,Rural,Yearly,46.66,0,2019-11-19,49,454.15,10.01,25.00,9,1
CUST_6764,60,0,Female,Rural,Monthly,47.17,0,2021-12-24,24,555.59,10.18,22.42,4,1
CUST_6765,43,1,Male,Rural,Yearly,34.47,0,2021-08-12,28,573.90,10.46,16.83,6,0
CUST_6766,43,1,Male,Suburban,Prepaid,41.58,0,2018-02-07,70,351.72,9.37,28.58,4,0
CUST_6767,43,1,Female,Suburban,Monthly,56.39,0,2019-03-06,57,582.35,9.87,22.33,3,0
CUST_6768,25,0,Female,Rural,Monthly,50.68,0,2020-02-14,46,393.92,8.00,25.17,8,0
CUST_6769,43,1,Male,Urban,Yearly,61.29,0,2019-07-09,53,518.87,11.21,23.17,6,0
CUST_677,43,1,Female,Suburban,Yearly,42.45,0,2018-05-26,67,469.50,9.17,23.33,7,0
CUST_6770,43,0,Female,Rural,Monthly,8.89,0,2021-04-15,32,359.95,7.17,24.08,6,1
CUST_6771,65,0,Female,Rural,Yearly,52.61,0,2018-05-01,67,494.73,9.98,20.33,5,0
CUST_6772,68,0,Male,Urban,Monthly,61.70,0,2020-04-15,44,514.36,10.59,21.75,7,0
CUST_6773,43,1,Female,Rural,Monthly,16.91,0,2023-06-24,6,507.87,8.40,19.00,5,0
CUST_6774,40,0,Female,Suburban,Yearly,34.49,0,2023-04-18,8,322.98,8.33,16.17,7,0
CUST_6775,43,1,Male,Urban,Yearly,28.31,0,2020-10-17,38,457.25,9.26,24.25,11,1
CUST_6776,30,0,Male,Urban,Monthly,69.45,0,2018-04-22,68,604.19,8.77,20.17,2,0
CUST_6777,45,0,Male,Rural,Prepaid,51.08,0,2020-05-08,43,322.91,8.88,19.92,4,0
CUST_6778,26,0,Male,Suburban,Prepaid,52.12,0,2018-02-25,70,448.55,8.88,20.58,7,0
CUST_6779,37,0,Male,Suburban,Prepaid,67.02,0,2018-12-22,60,510.90,9.39,28.75,8,0
CUST_678,34,0,Male,Rural,Prepaid,52.61,0,2021-08-05,28,403.53,8.58,17.33,2,0
CUST_6780,43,1,Female,Suburban,Prepaid,48.34,0,2020-01-11,47,633.75,8.91,23.33,10,0
CUST_6781,43,1,Female,Rural,Prepaid,40.25,0,2018-01-07,71,582.40,8.47,26.25,13,0
CUST_6782,56,0,Female,Rural,Monthly,52.57,0,2018-06-04,66,484.50,9.96,25.33,8,0
CUST_6783,68,0,Female,Suburban,Yearly,56.45,0,2019-04-28,56,273.58,9.64,28.08,7,0
CUST_6784,29,0,Female,Rural,Prepaid,33.04,0,2020-06-03,42,526.17,10.08,26.08,7,0
CUST_6785,32,0,Male,Suburban,Monthly,73.50,0,2019-08-12,52,554.16,11.39,24.92,9,0
CUST_6786,48,0,Female,Rural,Prepaid,21.60,0,2018-03-11,69,570.93,9.57,18.92,9,0
CUST_6787,31,0,Female,Urban,Yearly,54.90,0,2021-11-21,25,351.41,8.81,26.25,4,0
CUST_6788,43,1,Female,Urban,Prepaid,75.11,0,2021-10-30,26,377.02,9.96,29.92,6,0
CUST_6789,43,0,Female,Rural,Monthly,51.82,0,2019-03-09,57,444.16,11.57,28.17,7,0
CUST_679,43,1,Female,Rural,Monthly,49.49,0,2021-01-06,35,512.92,11.17,21.50,8,0
CUST_6790,59,0,Female,Rural,Yearly,19.18,0,2022-12-19,12,560.23,10.26,21.33,3,0
CUST_6791,43,1,Male,Suburban,Prepaid,72.30,0,2018-05-10,67,266.33,10.77,23.08,1,0
CUST_6792,43,1,Female,Urban,Monthly,42.78,0,2022-07-16,17,443.11,9.94,21.33,6,0
CUST_6793,55,0,Female,Suburban,Yearly,61.71,0,2020-11-25,37,550.09,9.94,18.58,15,0
CUST_6794,43,1,Female,Rural,Prepaid,56.28,0,2019-12-30,48,390.04,10.16,20.67,10,0
CUST_6795,60,0,Female,Suburban,Yearly,49.76,0,2019-06-19,54,496.48,9.75,25.83,6,1
CUST_6796,36,0,Female,Suburban,Yearly,19.12,0,2018-01-24,71,630.25,12.00,26.42,6,0
CUST_6797,23,0,Female,Rural,Prepaid,56.10,0,2020-09-30,39,533.45,10.18,24.92,7,0
CUST_6798,63,0,Male,Urban,Prepaid,61.07,0,2019-05-31,55,520.49,10.80,29.83,8,0
CUST_6799,69,0,Female,Suburban,Monthly,25.99,0,2018-03-14,69,276.02,10.81,21.50,7,0
CUST_68,21,0,Female,Rural,Yearly,67.62,0,2021-10-01,26,498.30,8.87,28.33,8,0
CUST_680,43,1,Male,Suburban,Yearly,73.70,0,2022-02-14,22,419.43,10.27,22.92,5,0
CUST_6800,55,0,Male,Rural,Yearly,75.12,0,2020-10-28,38,725.22,10.44,26.17,6,0
CUST_6801,66,0,Male,Suburban,Prepaid,44.21,0,2021-01-14,35,529.39,11.46,20.17,3,0
CUST_6802,59,0,Female,Rural,Monthly,77.25,0,2021-03-17,33,280.09,8.52,28.17,4,0
CUST_6803,45,0,Female,Rural,Prepaid,60.01,0,2022-04-29,20,654.36,10.71,25.00,6,0
CUST_6804,43,1,Female,Rural,Yearly,50.36,0,2018-03-16,69,664.74,10.38,31.25,4,0
CUST_6805,43,1,Male,Urban,Monthly,51.57,0,2019-04-19,56,450.65,12.17,26.58,10,0
CUST_6806,43,1,Female,Urban,Monthly,64.77,0,2021-11-29,25,624.92,9.97,29.25,3,0
CUST_6807,25,0,Female,Rural,Monthly,72.92,0,2021-06-08,30,549.66,9.70,25.17,3,0
CUST_6808,43,1,Female,Urban,Yearly,35.42,0,2021-01-05,35,519.34,8.95,33.50,4,0
CUST_6809,43,1,Male,Suburban,Prepaid,41.02,0,2018-01-10,71,378.96,10.02,16.67,6,0
CUST_681,63,0,Male,Suburban,Prepaid,43.88,0,2019-08-31,52,474.17,9.22,28.67,2,0
CUST_6810,24,0,Male,Urban,Monthly,74.87,0,2022-07-21,17,644.82,9.00,21.92,6,0
CUST_6811,43,1,Female,Urban,Prepaid,36.77,0,2020-05-25,43,438.29,9.72,24.75,4,0
CUST_6812,43,1,Male,Suburban,Monthly,50.33,0,2023-04-22,8,397.88,9.73,33.42,7,0
CUST_6813,21,0,Female,Suburban,Monthly,39.69,0,2020-05-11,43,509.05,9.35,19.75,2,0
CUST_6814,42,0,Male,Suburban,Monthly,61.09,0,2019-05-13,55,517.89,8.79,24.25,4,0
CUST_6815,43,1,Female,Rural,Monthly,13.04,0,2018-01-30,71,333.64,8.34,25.58,6,0
CUST_6816,43,0,Male,Suburban,Monthly,61.02,0,2022-03-23,21,433.45,10.38,24.25,6,1
CUST_6817,55,0,Female,Suburban,Yearly,67.41,0,2020-11-20,37,560.79,10.49,16.33,9,0
CUST_6818,63,0,Female,Suburban,Prepaid,59.86,0,2019-04-23,56,626.74,9.39,25.67,7,0
CUST_6819,29,0,Male,Rural,Prepaid,37.53,0,2018-05-24,67,700.20,9.56,21.50,11,0
CUST_682,43,1,Male,Rural,Yearly,47.69,0,2018-11-30,61,416.00,10.75,17.75,8,0
CUST_6820,60,0,Male,Urban,Yearly,-3.15,1,2018-02-09,70,643.17,9.96,23.92,5,0
CUST_6821,43,1,Male,Rural,Yearly,39.84,0,2019-11-02,49,470.83,10.23,30.83,10,0
CUST_6822,54,0,Male,Urban,Monthly,59.78,0,2022-09-23,15,422.05,8.26,23.17,5,0
CUST_6823,63,0,Male,Suburban,Yearly,49.63,0,2022-06-25,18,605.98,11.59,27.92,3,0
CUST_6824,41,0,Female,Rural,Monthly,63.18,0,2022-06-09,18,523.93,10.29,27.08,5,0
CUST_6825,33,0,Female,Rural,Yearly,46.68,0,2020-11-07,37,603.14,11.05,25.83,5,0
CUST_6826,30,0,Male,Urban,Monthly,45.92,0,2018-05-18,67,548.25,10.71,26.83,5,0
CUST_6827,43,1,Female,Rural,Prepaid,74.00,0,2021-03-26,33,465.72,9.98,29.33,2,0
CUST_6828,69,0,Female,Rural,Monthly,39.64,0,2022-10-08,14,349.55,9.91,27.00,5,0
CUST_6829,21,0,Male,Urban,Yearly,59.70,0,2022-04-21,20,412.37,8.69,18.50,5,0
CUST_683,57,0,Male,Rural,Yearly,41.57,0,2022-06-17,18,494.58,9.35,23.58,8,0
CUST_6830,28,0,Female,Rural,Prepaid,61.76,0,2018-09-27,63,564.26,9.92,20.00,3,0
CUST_6831,43,1,Female,Rural,Yearly,85.57,0,2019-01-10,59,556.71,9.73,23.67,10,0
CUST_6832,43,1,Male,Suburban,Monthly,74.84,0,2019-09-08,51,438.19,10.23,29.92,3,0
CUST_6833,24,0,Male,Suburban,Monthly,58.24,0,2019-08-03,52,683.82,10.66,23.50,6,0
CUST_6834,43,1,Female,Suburban,Monthly,60.65,0,2020-11-11,37,481.79,10.95,25.92,10,0
CUST_6835,43,1,Male,Suburban,Monthly,68.93,0,2022-02-28,22,415.55,10.41,15.17,6,0
CUST_6836,45,0,Female,Suburban,Monthly,40.38,0,2018-09-16,63,630.50,9.35,24.67,4,0
CUST_6837,43,1,Male,Rural,Prepaid,76.42,0,2020-08-17,40,402.10,9.27,20.42,7,0
CUST_6838,43,1,Male,Rural,Yearly,49.53,0,2021-06-30,30,559.65,8.81,19.50,6,0
CUST_6839,43,1,Male,Suburban,Monthly,60.23,0,2021-11-24,25,572.02,12.56,28.25,7,0
CUST_684,59,0,Female,Rural,Yearly,72.85,0,2023-03-10,9,400.89,8.76,27.08,5,0
CUST_6840,40,0,Male,Urban,Yearly,55.42,0,2020-11-10,37,479.00,8.35,18.83,4,0
CUST_6841,43,1,Female,Suburban,Monthly,38.64,0,2019-10-07,50,592.52,12.26,20.00,6,0
CUST_6842,45,0,Male,Rural,Monthly,44.29,0,2018-06-25,66,439.77,9.19,18.42,9,0
CUST_6843,60,0,Male,Urban,Monthly,38.04,0,2023-05-23,7,365.88,9.57,21.42,8,0
CUST_6844,43,1,Female,Suburban,Yearly,53.29,0,2021-03-03,33,547.77,7.90,29.58,10,0
CUST_6845,43,1,Female,Urban,Prepaid,27.02,0,2020-02-15,46,529.26,11.21,25.58,7,0
CUST_6846,42,0,Female,Suburban,Yearly,35.17,0,2019-01-11,59,390.97,9.36,23.67,4,0
CUST_6847,46,0,Female,Rural,Monthly,43.35,0,2019-09-08,51,542.27,10.07,19.00,8,0
CUST_6848,36,0,Male,Suburban,Yearly,47.63,0,2019-01-11,59,444.73,8.99,22.50,3,0
CUST_6849,50,0,Female,Urban,Yearly,71.84,0,2022-10-28,14,588.24,9.85,24.75,2,0
CUST_685,26,0,Male,Suburban,Prepaid,57.31,0,2020-10-11,38,380.45,10.58,25.08,2,0
CUST_6850,53,0,Male,Rural,Monthly,64.92,0,2021-05-26,31,394.13,9.33,22.42,7,0
CUST_6851,31,0,Female,Suburban,Monthly,48.24,0,2018-10-10,62,471.41,10.03,23.00,7,0
CUST_6852,43,1,Male,Suburban,Monthly,77.22,0,2018-03-04,69,710.40,10.63,25.25,7,0
CUST_6853,52,0,Female,Suburban,Yearly,55.03,0,2019-07-05,53,513.94,10.14,27.83,2,0
CUST_6854,43,1,Male,Suburban,Monthly,60.11,0,2020-04-15,44,439.55,10.69,28.75,6,0
CUST_6855,45,0,Male,Rural,Monthly,21.63,0,2022-04-26,20,398.33,11.77,19.50,9,1
CUST_6856,34,0,Female,Rural,Monthly,35.87,0,2019-01-07,59,567.09,8.75,26.00,8,0
CUST_6857,43,1,Male,Suburban,Monthly,65.71,0,2020-07-14,41,304.91,11.23,19.83,8,0
CUST_6858,33,0,Male,Rural,Monthly,59.82,0,2019-01-18,59,400.94,10.25,25.25,6,0
CUST_6859,43,1,Male,Urban,Prepaid,76.93,0,2022-04-19,20,503.63,9.15,14.58,4,0
CUST_686,67,0,Male,Urban,Prepaid,73.56,0,2021-12-27,24,531.79,10.84,19.58,3,0
CUST_6860,43,1,Male,Rural,Prepaid,75.76,0,2021-11-28,25,502.99,11.38,24.83,5,0
CUST_6861,69,0,Female,Urban,Yearly,42.04,0,2018-09-11,63,538.75,9.89,15.50,5,0
CUST_6862,43,1,Male,Urban,Yearly,67.27,0,2020-12-15,36,432.92,9.76,28.67,5,0
CUST_6863,62,0,Male,Rural,Prepaid,35.26,0,2019-04-29,56,382.56,10.42,23.83,4,0
CUST_6864,43,1,Female,Suburban,Yearly,26.18,0,2019-07-14,53,590.05,8.78,19.83,6,0
CUST_6865,63,0,Female,Rural,Prepaid,54.79,0,2022-01-15,23,327.49,9.91,25.50,10,0
CUST_6866,43,1,Female,Urban,Monthly,61.48,0,2022-11-07,13,398.92,9.59,25.17,3,0
CUST_6867,43,1,Male,Urban,Prepaid,55.02,0,2020-06-08,42,287.28,12.08,22.42,5,0
CUST_6868,55,0,Male,Rural,Yearly,64.34,0,2019-11-20,49,452.68,8.65,24.83,2,0
CUST_6869,43,1,Female,Urban,Yearly,41.28,0,2022-09-26,15,437.08,10.64,21.75,3,0
CUST_687,44,0,Male,Suburban,Yearly,93.73,0,2020-04-15,44,574.28,10.57,20.50,4,0
CUST_6870,64,0,Male,Rural,Monthly,65.28,0,2018-03-06,69,382.94,11.19,21.17,4,0
CUST_6871,69,0,Female,Rural,Prepaid,42.20,0,2018-11-20,61,742.95,9.44,24.50,7,0
CUST_6872,43,1,Male,Suburban,Monthly,85.83,0,2021-01-07,35,371.09,8.86,27.83,7,0
CUST_6873,40,0,Female,Urban,Monthly,62.84,0,2018-07-16,65,289.21,9.44,27.58,8,0
CUST_6874,42,0,Male,Rural,Prepaid,73.66,0,2022-11-23,13,430.08,9.21,25.17,4,0
CUST_6875,59,0,Female,Urban,Monthly,31.33,0,2019-05-17,55,404.26,10.08,21.42,4,0
CUST_6876,43,1,Male,Rural,Monthly,43.69,0,2018-01-21,71,512.62,7.86,24.33,6,0
CUST_6877,39,0,Female,Rural,Prepaid,48.71,0,2020-12-26,36,621.90,9.20,25.33,11,0
CUST_6878,34,0,Male,Suburban,Prepaid,32.57,0,2022-09-27,15,397.00,9.67,27.25,6,1
CUST_6879,43,1,Male,Rural,Monthly,74.22,0,2021-08-01,28,567.60,10.34,27.67,5,0
CUST_688,19,0,Male,Rural,Prepaid,38.56,0,2021-10-05,26,629.63,10.04,29.67,9,0
CUST_6880,66,0,Male,Suburban,Monthly,50.85,0,2021-09-25,27,459.44,10.10,23.08,4,0
CUST_6881,43,1,Female,Urban,Yearly,27.36,0,2023-06-21,6,599.42,9.36,15.58,13,0
CUST_6882,27,0,Male,Suburban,Prepaid,42.55,0,2021-07-20,29,262.81,10.32,26.50,6,0
CUST_6883,43,1,Male,Suburban,Monthly,33.15,0,2022-07-20,17,705.60,10.04,25.50,8,0
CUST_6884,43,1,Male,Urban,Monthly,61.18,0,2018-05-09,67,571.57,9.07,27.75,5,0
CUST_6885,43,1,Female,Suburban,Prepaid,59.11,0,2023-03-14,9,551.54,8.81,23.83,9,1
CUST_6886,67,0,Male,Suburban,Monthly,59.71,0,2020-11-18,37,397.29,11.06,22.58,7,0
CUST_6887,43,1,Female,Rural,Prepaid,64.71,0,2022-08-06,16,628.00,10.60,30.83,6,0
CUST_6888,44,0,Male,Suburban,Prepaid,82.96,0,2019-03-02,57,457.53,10.51,29.00,6,0
CUST_6889,43,1,Female,Rural,Monthly,77.22,0,2021-03-21,33,626.26,9.57,26.33,5,0
CUST_689,43,1,Female,Urban,Monthly,66.17,0,2022-10-10,14,381.90,9.39,23.42,7,0
CUST_6890,43,1,Female,Suburban,Monthly,43.28,0,2018-11-19,61,583.22,10.65,24.92,5,0
CUST_6891,18,0,Male,Urban,Yearly,81.94,0,2019-05-26,55,590.81,8.54,28.50,9,0
CUST_6892,61,0,Female,Urban,Prepaid,47.00,0,2021-06-18,30,525.45,8.21,23.67,8,0
CUST_6893,51,0,Female,Suburban,Monthly,51.57,0,2023-02-28,10,712.12,10.41,22.58,4,0
CUST_6894,21,0,Male,Rural,Prepaid,51.07,0,2022-01-24,23,676.14,9.50,26.00,9,0
CUST_6895,43,1,Female,Suburban,Prepaid,59.97,0,2022-10-08,14,390.21,10.13,25.25,7,0
CUST_6896,21,0,Female,Rural,Yearly,22.00,0,2021-11-06,25,601.18,9.96,22.33,3,0
CUST_6897,60,0,Female,Suburban,Monthly,50.37,0,2018-08-15,64,705.39,10.26,27.75,5,0
CUST_6898,43,1,Female,Urban,Prepaid,54.43,0,2018-06-30,66,513.43,10.22,34.92,6,1
CUST_6899,21,0,Male,Urban,Monthly,24.73,0,2023-05-14,7,620.55,8.65,21.58,7,0
CUST_69,19,0,Female,Suburban,Monthly,53.39,0,2022-11-15,13,479.98,11.22,34.17,3,0
CUST_690,46,0,Male,Suburban,Monthly,46.15,0,2020-07-10,41,420.04,9.78,26.75,8,1
CUST_6900,18,0,Female,Rural,Yearly,24.45,0,2022-03-08,21,640.93,8.75,15.58,8,0
CUST_6901,24,0,Female,Suburban,Prepaid,37.61,0,2018-06-23,66,456.78,9.55,20.50,5,0
CUST_6902,47,0,Male,Rural,Prepaid,38.89,0,2020-12-18,36,511.27,10.38,29.00,5,0
CUST_6903,67,0,Male,Urban,Prepaid,50.64,0,2018-12-21,60,454.95,9.39,23.92,5,0
CUST_6904,26,0,Female,Rural,Yearly,48.00,0,2022-04-08,20,534.50,10.39,20.17,8,0
CUST_6905,52,0,Male,Suburban,Prepaid,67.61,0,2023-02-03,10,537.40,9.11,28.50,6,0
CUST_6906,43,1,Male,Rural,Prepaid,44.30,0,2020-11-30,37,415.07,9.55,26.33,5,0
CUST_6907,41,0,Male,Suburban,Monthly,44.58,0,2019-03-24,57,438.55,8.60,22.33,8,1
CUST_6908,36,0,Male,Suburban,Monthly,65.06,0,2021-06-12,30,585.60,9.29,18.33,3,0
CUST_6909,43,1,Male,Urban,Yearly,21.46,0,2018-11-04,61,458.70,9.68,21.17,5,0
CUST_691,54,0,Female,Rural,Prepaid,39.69,0,2021-06-08,30,496.83,9.64,20.75,10,0
CUST_6910,67,0,Male,Suburban,Monthly,76.60,0,2021-09-05,27,364.95,10.34,27.08,9,0
CUST_6911,69,0,Male,Suburban,Monthly,27.16,0,2018-06-06,66,436.06,11.38,22.08,5,0
CUST_6912,43,1,Male,Suburban,Yearly,65.31,0,2020-06-04,42,382.45,10.09,28.17,4,1
CUST_6913,43,1,Male,Rural,Prepaid,62.66,0,2021-03-13,33,678.68,10.96,25.25,5,0
CUST_6914,43,1,Female,Urban,Prepaid,73.48,0,2020-06-28,42,550.23,10.21,17.33,7,0
CUST_6915,31,0,Female,Rural,Monthly,39.28,0,2022-05-02,19,362.21,9.30,23.50,4,0
CUST_6916,35,0,Female,Rural,Monthly,50.63,0,2018-08-14,64,477.23,10.79,27.75,9,0
CUST_6917,43,1,Female,Urban,Monthly,32.73,0,2018-10-14,62,390.78,11.57,24.58,8,1
CUST_6918,46,0,Female,Rural,Prepaid,49.08,0,2021-10-12,26,594.79,9.01,22.25,2,0
CUST_6919,33,0,Male,Rural,Monthly,48.46,0,2022-10-03,14,378.53,11.36,24.92,7,0
CUST_692,55,0,Female,Suburban,Yearly,28.01,0,2019-05-17,55,487.77,11.16,26.42,7,0
CUST_6920,52,0,Male,Suburban,Monthly,73.30,0,2021-06-25,30,498.73,9.82,29.42,3,0
CUST_6921,43,1,Female,Rural,Yearly,58.06,0,2022-03-07,21,558.16,9.34,17.58,8,0
CUST_6922,43,1,Female,Urban,Yearly,49.49,0,2018-06-03,66,302.85,10.89,24.42,5,0
CUST_6923,21,0,Male,Rural,Prepaid,49.30,0,2020-02-23,46,669.29,9.57,24.67,2,0
CUST_6924,54,0,Female,Suburban,Yearly,43.11,0,2021-11-03,25,571.97,10.65,26.50,6,1
CUST_6925,43,1,Male,Rural,Prepaid,46.41,0,2018-05-14,67,610.77,10.23,30.00,5,0
CUST_6926,56,0,Female,Urban,Yearly,51.23,0,2022-02-04,22,556.34,10.24,25.83,6,0
CUST_6927,43,1,Male,Suburban,Monthly,79.08,0,2019-02-05,58,345.46,9.38,22.92,8,0
CUST_6928,63,0,Female,Rural,Monthly,56.03,0,2021-03-12,33,576.30,9.49,25.42,8,0
CUST_6929,43,0,Male,Urban,Monthly,34.47,0,2019-09-28,51,499.29,8.88,26.25,9,0
CUST_693,36,0,Female,Urban,Monthly,81.93,0,2021-05-02,31,544.56,9.26,20.33,6,0
CUST_6930,65,0,Female,Urban,Prepaid,89.12,0,2023-06-16,6,580.59,10.53,17.83,9,0
CUST_6931,56,0,Female,Rural,Prepaid,65.52,0,2023-03-31,9,387.39,10.25,19.33,4,0
CUST_6932,58,0,Male,Rural,Prepaid,64.58,0,2023-04-03,8,649.19,11.86,27.25,9,0
CUST_6933,21,0,Male,Suburban,Yearly,46.76,0,2022-03-08,21,505.20,10.07,24.67,11,0
CUST_6934,43,1,Female,Rural,Monthly,61.96,0,2022-08-06,16,503.79,10.24,20.67,8,0
CUST_6935,47,0,Female,Suburban,Prepaid,54.56,0,2023-04-24,8,623.52,8.50,27.08,5,0
CUST_6936,39,0,Male,Rural,Yearly,29.61,0,2021-05-26,31,687.05,9.14,23.25,9,0
CUST_6937,28,0,Male,Urban,Prepaid,56.80,0,2022-03-23,21,320.01,10.89,30.67,4,0
CUST_6938,43,1,Male,Urban,Yearly,31.18,0,2019-06-16,54,427.09,11.10,21.50,5,0
CUST_6939,43,1,Female,Urban,Monthly,54.47,0,2018-02-25,70,591.44,10.76,30.42,8,0
CUST_694,25,0,Male,Rural,Prepaid,65.03,0,2020-11-30,37,629.38,9.27,23.67,3,1
CUST_6940,29,0,Female,Urban,Monthly,55.87,0,2021-11-03,25,455.38,8.35,18.00,2,0
CUST_6941,47,0,Male,Suburban,Prepaid,36.32,0,2020-09-16,39,417.93,9.18,25.33,5,0
CUST_6942,43,1,Female,Urban,Yearly,51.76,0,2021-03-03,33,484.35,10.58,25.67,3,0
CUST_6943,35,0,Female,Suburban,Prepaid,58.92,0,2018-10-13,62,534.20,7.47,26.75,6,0
CUST_6944,43,1,Male,Suburban,Prepaid,42.31,0,2018-07-19,65,245.18,10.17,19.33,5,0
CUST_6945,24,0,Female,Suburban,Monthly,56.86,0,2023-05-11,7,462.38,9.55,16.75,7,0
CUST_6946,43,1,Male,Rural,Yearly,69.08,0,2020-02-01,46,386.80,10.47,20.25,9,0
CUST_6947,43,0,Male,Suburban,Prepaid,62.63,0,2018-04-16,68,542.57,9.64,31.92,8,1
CUST_6948,43,1,Female,Rural,Monthly,45.35,0,2018-02-19,70,583.88,9.94,29.67,3,0
CUST_6949,43,1,Female,Suburban,Monthly,71.80,0,2021-07-30,29,487.46,9.00,25.33,6,0
CUST_695,43,1,Male,Suburban,Prepaid,46.62,0,2020-12-28,36,419.41,11.89,17.83,2,0
CUST_6950,62,0,Male,Rural,Monthly,61.29,0,2021-06-29,30,435.19,7.77,23.33,2,0
CUST_6951,23,0,Male,Rural,Monthly,47.46,0,2023-03-12,9,520.21,9.54,24.33,5,0
CUST_6952,23,0,Male,Urban,Prepaid,40.75,0,2020-03-05,45,521.19,7.66,26.58,7,0
CUST_6953,61,0,Female,Suburban,Prepaid,59.28,0,2022-08-24,16,179.21,8.70,23.17,2,0
CUST_6954,43,1,Male,Rural,Monthly,66.28,0,2022-08-19,16,325.03,10.60,21.08,5,0
CUST_6955,43,1,Male,Urban,Prepaid,67.01,0,2020-08-11,40,623.46,11.08,28.25,8,0
CUST_6956,43,1,Male,Suburban,Monthly,59.24,0,2021-10-14,26,591.88,10.36,26.58,4,0
CUST_6957,36,0,Male,Urban,Prepaid,44.89,0,2022-10-13,14,469.41,9.89,15.50,10,0
CUST_6958,54,0,Female,Rural,Monthly,58.52,0,2019-10-16,50,505.20,9.88,18.75,4,0
CUST_6959,35,0,Female,Urban,Monthly,37.09,0,2018-12-03,60,449.95,9.92,26.17,0,1
CUST_696,43,1,Male,Urban,Prepaid,59.33,0,2023-01-18,11,572.63,8.03,23.50,5,0
CUST_6960,48,0,Male,Urban,Yearly,54.35,0,2020-06-23,42,594.77,8.58,29.25,2,0
CUST_6961,54,0,Female,Suburban,Monthly,76.97,0,2018-12-06,60,602.95,9.81,20.33,1,0
CUST_6962,47,0,Female,Rural,Prepaid,34.89,0,2021-06-30,30,466.22,10.04,25.67,11,0
CUST_6963,43,1,Female,Suburban,Prepaid,41.70,0,2020-04-27,44,605.31,9.86,28.08,8,0
CUST_6964,50,0,Male,Suburban,Monthly,64.20,0,2019-10-29,50,547.22,10.73,23.83,4,0
CUST_6965,27,0,Female,Urban,Monthly,36.85,0,2018-08-14,64,607.61,10.24,21.75,10,0
CUST_6966,43,1,Female,Rural,Monthly,73.02,0,2019-05-12,55,639.22,10.27,18.42,7,0
CUST_6967,29,0,Male,Suburban,Monthly,64.64,0,2020-02-18,46,355.52,6.83,25.83,8,0
CUST_6968,47,0,Male,Rural,Yearly,65.27,0,2018-06-24,66,554.28,10.99,30.58,6,0
CUST_6969,44,0,Female,Suburban,Yearly,67.07,0,2021-05-19,31,488.97,8.78,22.75,2,0
CUST_697,18,0,Male,Urban,Prepaid,22.87,0,2019-02-13,58,463.18,9.32,29.00,7,0
CUST_6970,43,1,Female,Urban,Prepaid,30.61,0,2020-11-07,37,456.49,11.62,15.92,3,0
CUST_6971,26,0,Male,Suburban,Monthly,33.78,0,2018-02-26,70,471.82,9.44,27.33,14,0
CUST_6972,38,0,Male,Suburban,Prepaid,69.80,0,2022-10-23,14,476.13,10.19,20.92,10,0
CUST_6973,29,0,Male,Suburban,Monthly,45.40,0,2023-04-19,8,598.12,11.58,19.08,9,0
CUST_6974,46,0,Male,Rural,Monthly,48.92,0,2018-09-19,63,400.54,9.32,22.83,11,0
CUST_6975,50,0,Female,Urban,Monthly,60.62,0,2019-03-22,57,536.05,8.73,21.25,7,0
CUST_6976,60,0,Male,Rural,Prepaid,52.27,0,2020-12-29,36,620.10,8.27,16.33,7,0
CUST_6977,43,1,Female,Suburban,Yearly,66.21,0,2020-11-03,37,432.39,9.66,21.25,8,0
CUST_6978,19,0,Female,Urban,Prepaid,58.68,0,2022-10-12,14,489.19,7.67,26.83,10,1
CUST_6979,69,0,Female,Rural,Prepaid,47.03,0,2020-08-06,40,454.94,10.16,28.67,3,0
CUST_698,39,0,Female,Suburban,Monthly,48.58,0,2020-02-08,46,492.26,9.86,26.42,4,0
CUST_6980,56,0,Male,Suburban,Prepaid,48.58,0,2023-05-19,7,586.36,7.15,17.17,2,0
CUST_6981,61,0,Male,Urban,Monthly,53.88,0,2018-01-17,71,417.23,8.59,25.08,8,0
CUST_6982,43,1,Female,Urban,Prepaid,55.85,0,2019-07-20,53,422.80,11.54,22.50,1,0
CUST_6983,20,0,Female,Suburban,Prepaid,62.07,0,2018-11-19,61,468.32,9.87,24.42,3,0
CUST_6984,24,0,Female,Urban,Prepaid,52.48,0,2021-03-29,33,555.49,10.88,30.00,7,0
CUST_6985,43,1,Female,Urban,Prepaid,48.73,0,2018-06-15,66,375.75,10.51,21.92,6,0
CUST_6986,43,1,Female,Rural,Prepaid,47.30,0,2020-03-02,45,551.28,10.11,21.50,9,0
CUST_6987,61,0,Male,Urban,Prepaid,43.52,0,2019-11-25,49,561.88,8.49,29.17,4,0
CUST_6988,55,0,Male,Rural,Monthly,74.07,0,2023-04-09,8,604.40,9.80,27.75,8,0
CUST_6989,54,0,Male,Rural,Monthly,36.90,0,2022-03-18,21,511.21,10.61,29.58,7,0
CUST_699,43,1,Female,Urban,Prepaid,38.57,0,2023-01-29,11,470.70,9.44,25.42,5,0
CUST_6990,50,0,Female,Rural,Prepaid,31.09,0,2021-04-06,32,352.34,9.62,20.58,4,0
CUST_6991,61,0,Female,Rural,Monthly,63.37,0,2023-04-15,8,492.16,11.31,28.25,6,0
CUST_6992,48,0,Male,Urban,Prepaid,57.22,0,2019-08-30,52,704.91,10.09,18.17,9,1
CUST_6993,28,0,Male,Urban,Prepaid,80.97,0,2022-09-12,15,495.72,10.12,22.83,9,0
CUST_6994,21,0,Female,Rural,Monthly,48.75,0,2023-01-06,11,390.77,10.96,25.33,9,0
CUST_6995,35,0,Male,Urban,Monthly,49.57,0,2020-01-15,47,476.04,10.08,22.33,5,0
CUST_6996,21,0,Male,Rural,Yearly,37.65,0,2019-07-17,53,501.93,9.67,25.83,8,0
CUST_6997,66,0,Male,Rural,Prepaid,51.51,0,2019-05-19,55,497.07,11.88,29.00,5,0
CUST_6998,43,1,Female,Rural,Yearly,23.99,0,2019-12-09,48,502.87,10.54,26.58,6,0
CUST_6999,43,1,Female,Suburban,Monthly,21.68,0,2021-06-21,30,260.68,9.84,28.92,5,0
CUST_7,43,1,Female,Rural,Monthly,40.41,0,2018-12-25,60,407.72,9.44,25.17,5,0
CUST_70,23,0,Female,Suburban,Prepaid,49.54,0,2020-04-03,44,423.03,10.08,35.00,1,0
CUST_700,43,1,Male,Rural,Prepaid,71.68,0,2022-04-17,20,387.05,9.77,26.92,6,0
CUST_7000,41,0,Male,Urban,Yearly,41.85,0,2023-04-25,8,556.30,12.19,24.25,8,1
CUST_7001,43,1,Female,Urban,Yearly,50.99,0,2020-08-27,40,500.94,10.48,26.67,4,0
CUST_7002,43,1,Male,Rural,Prepaid,41.20,0,2019-04-14,56,276.26,10.63,17.92,6,0
CUST_7003,61,0,Male,Urban,Prepaid,41.32,0,2019-09-04,51,557.17,9.33,22.92,8,0
CUST_7004,23,0,Female,Rural,Monthly,27.38,0,2019-11-15,49,491.41,11.00,21.08,4,0
CUST_7005,43,1,Female,Urban,Prepaid,59.47,0,2023-04-23,8,435.61,9.18,16.58,11,0
CUST_7006,43,1,Female,Rural,Yearly,39.31,0,2022-02-14,22,464.08,10.76,20.67,4,0
CUST_7007,38,0,Male,Rural,Prepaid,74.89,0,2019-06-10,54,544.51,8.86,18.25,5,0
CUST_7008,33,0,Male,Suburban,Yearly,48.96,0,2018-09-21,63,537.11,9.96,32.25,4,1
CUST_7009,48,0,Male,Rural,Prepaid,34.23,0,2020-05-22,43,362.31,9.16,23.33,3,0
CUST_701,43,1,Male,Urban,Yearly,72.69,0,2020-05-29,43,514.11,10.48,32.83,4,0
CUST_7010,31,0,Female,Suburban,Prepaid,15.41,0,2019-08-07,52,517.37,10.76,24.50,8,0
CUST_7011,56,0,Male,Urban,Yearly,31.58,0,2020-06-26,42,423.49,11.29,27.92,5,1
CUST_7012,43,1,Male,Urban,Prepaid,49.05,0,2020-07-07,41,307.29,9.01,25.33,8,0
CUST_7013,43,1,Male,Suburban,Prepaid,14.36,0,2021-09-20,27,568.49,9.46,27.67,3,0
CUST_7014,45,0,Male,Urban,Prepaid,38.11,0,2020-04-16,44,459.89,8.73,20.58,2,0
CUST_7015,68,0,Female,Suburban,Yearly,42.02,0,2019-09-22,51,422.44,10.78,32.33,5,0
CUST_7016,43,1,Female,Urban,Monthly,38.90,0,2020-12-06,36,512.23,10.82,19.75,7,0
CUST_7017,43,1,Female,Suburban,Yearly,41.23,0,2022-12-02,12,475.11,8.26,30.00,6,0
CUST_7018,62,0,Male,Suburban,Monthly,43.02,0,2021-05-07,31,501.29,10.28,27.33,6,0
CUST_7019,39,0,Male,Rural,Prepaid,38.22,0,2020-04-18,44,325.16,11.39,32.83,9,0
CUST_702,42,0,Male,Suburban,Monthly,63.36,0,2019-12-30,48,334.61,10.10,27.42,8,0
CUST_7020,49,0,Male,Urban,Prepaid,72.05,0,2021-06-28,30,683.49,8.98,28.58,7,0
CUST_7021,43,1,Female,Rural,Prepaid,40.75,0,2019-07-07,53,418.61,8.54,24.58,5,0
CUST_7022,43,1,Female,Suburban,Monthly,10.58,0,2023-06-11,6,429.49,11.94,20.83,8,0
CUST_7023,22,0,Female,Rural,Monthly,25.46,0,2019-09-14,51,514.50,12.05,28.75,10,0
CUST_7024,59,0,Female,Suburban,Prepaid,59.03,0,2019-11-24,49,196.99,9.36,24.92,6,0
CUST_7025,49,0,Female,Urban,Prepaid,56.76,0,2020-09-11,39,382.02,8.94,19.83,3,0
CUST_7026,27,0,Male,Urban,Prepaid,42.12,0,2021-05-23,31,709.83,10.62,27.92,4,0
CUST_7027,56,0,Female,Urban,Prepaid,28.83,0,2020-09-03,39,367.44,10.32,24.50,8,0
CUST_7028,32,0,Female,Suburban,Prepaid,60.67,0,2022-03-06,21,347.22,9.24,31.33,6,1
CUST_7029,43,1,Female,Rural,Prepaid,26.19,0,2021-02-18,34,506.37,10.64,18.83,3,0
CUST_703,43,1,Male,Rural,Prepaid,64.21,0,2022-07-07,17,371.89,9.32,26.17,6,0
CUST_7030,46,0,Male,Urban,Prepaid,55.60,0,2022-04-06,20,351.09,9.52,19.58,4,0
CUST_7031,64,0,Female,Suburban,Yearly,43.56,0,2021-11-04,25,435.66,10.05,31.83,3,0
CUST_7032,20,0,Female,Rural,Prepaid,57.49,0,2018-09-23,63,591.97,9.02,23.17,6,0
CUST_7033,36,0,Female,Suburban,Yearly,42.40,0,2019-04-16,56,462.09,9.00,23.67,10,1
CUST_7034,43,1,Male,Suburban,Monthly,71.90,0,2018-08-23,64,562.43,9.65,24.25,4,1
CUST_7035,45,0,Male,Urban,Monthly,22.33,0,2022-10-20,14,525.76,10.91,26.83,7,0
CUST_7036,43,1,Female,Suburban,Prepaid,58.63,0,2019-07-18,53,423.37,8.62,24.50,6,0
CUST_7037,43,1,Female,Suburban,Monthly,44.81,0,2022-01-08,23,396.75,9.72,29.67,8,0
CUST_7038,52,0,Female,Rural,Prepaid,39.44,0,2019-08-07,52,511.03,9.20,22.25,4,0
CUST_7039,23,0,Female,Urban,Prepaid,68.83,0,2022-06-02,18,639.76,9.48,30.83,8,0
CUST_704,21,0,Male,Urban,Yearly,40.25,0,2019-08-22,52,292.26,10.26,22.17,6,0
CUST_7040,43,1,Male,Suburban,Yearly,34.74,0,2023-05-17,7,308.10,8.96,22.17,5,0
CUST_7041,43,1,Female,Suburban,Monthly,53.51,0,2019-09-21,51,608.60,9.79,19.17,7,0
CUST_7042,43,1,Male,Rural,Prepaid,51.83,0,2022-10-26,14,667.48,10.09,27.67,8,1
CUST_7043,30,0,Female,Suburban,Monthly,31.54,0,2018-03-08,69,421.88,10.30,28.00,8,0
CUST_7044,46,0,Male,Suburban,Prepaid,62.38,0,2023-05-30,7,615.63,8.19,20.75,9,1
CUST_7045,36,0,Male,Suburban,Monthly,80.32,0,2023-02-03,10,476.81,9.96,25.83,7,0
CUST_7046,43,1,Female,Suburban,Monthly,74.30,0,2022-02-22,22,526.92,10.10,25.08,6,0
CUST_7047,43,1,Male,Suburban,Prepaid,55.96,0,2023-06-23,6,603.07,9.68,18.83,6,0
CUST_7048,25,0,Female,Rural,Prepaid,46.58,0,2020-05-29,43,462.15,9.58,22.58,1,0
CUST_7049,43,1,Male,Suburban,Monthly,62.24,0,2022-02-03,22,568.87,10.59,26.33,6,0
CUST_705,43,1,Male,Urban,Prepaid,60.75,0,2023-01-22,11,418.29,10.17,26.58,11,0
CUST_7050,64,0,Male,Suburban,Monthly,64.52,0,2021-05-23,31,470.06,9.95,30.00,6,0
CUST_7051,21,0,Female,Suburban,Monthly,51.36,0,2020-03-15,45,480.14,10.66,28.08,4,0
CUST_7052,68,0,Female,Suburban,Monthly,14.15,0,2020-03-04,45,478.47,10.52,22.92,2,1
CUST_7053,38,0,Male,Urban,Monthly,26.66,0,2018-05-08,67,514.86,9.57,23.58,10,0
CUST_7054,20,0,Male,Urban,Prepaid,56.89,0,2023-02-15,10,358.41,8.33,23.00,9,0
CUST_7055,62,0,Female,Urban,Yearly,54.87,0,2018-06-04,66,549.08,8.55,34.67,10,0
CUST_7056,43,1,Female,Urban,Prepaid,43.07,0,2019-08-24,52,647.64,9.83,26.42,9,0
CUST_7057,40,0,Female,Rural,Monthly,54.12,0,2021-04-01,32,628.80,9.41,29.25,7,1
CUST_7058,33,0,Male,Urban,Yearly,28.03,0,2023-02-17,10,516.12,9.58,28.92,7,0
CUST_7059,30,0,Female,Rural,Monthly,47.31,0,2021-12-01,24,530.94,9.94,23.58,3,1
CUST_706,43,1,Male,Rural,Yearly,29.31,0,2022-03-05,21,300.45,11.03,17.58,8,0
CUST_7060,20,0,Female,Urban,Monthly,44.96,0,2019-08-13,52,418.25,11.13,20.58,6,1
CUST_7061,65,0,Male,Rural,Prepaid,20.54,0,2021-01-11,35,526.09,8.26,31.25,2,0
CUST_7062,26,0,Female,Urban,Yearly,51.31,0,2018-11-07,61,598.55,9.24,23.33,11,1
CUST_7063,43,1,Female,Suburban,Prepaid,27.12,0,2019-11-06,49,390.84,9.35,26.58,8,0
CUST_7064,43,1,Female,Urban,Monthly,63.14,0,2020-07-11,41,580.52,11.17,22.83,8,0
CUST_7065,24,0,Female,Urban,Prepaid,55.02,0,2019-02-26,58,261.92,8.60,27.25,10,0
CUST_7066,32,0,Male,Urban,Prepaid,39.98,0,2018-01-08,71,509.98,9.48,29.17,7,0
CUST_7067,24,0,Female,Suburban,Prepaid,34.73,0,2020-04-09,44,689.49,9.46,19.33,9,0
CUST_7068,55,0,Female,Rural,Prepaid,29.12,0,2020-06-26,42,711.66,9.33,25.58,4,0
CUST_7069,43,1,Female,Rural,Yearly,42.86,0,2021-02-04,34,663.89,10.29,19.25,4,1
CUST_707,43,1,Female,Rural,Monthly,27.29,0,2020-08-03,40,405.76,11.38,31.50,4,0
CUST_7070,58,0,Female,Suburban,Yearly,61.59,0,2023-03-26,9,447.49,10.53,18.00,5,0
CUST_7071,39,0,Female,Urban,Monthly,44.92,0,2019-06-20,54,477.14,8.28,23.25,6,0
CUST_7072,41,0,Female,Urban,Prepaid,47.42,0,2020-03-28,45,515.38,10.36,22.00,3,0
CUST_7073,43,1,Male,Urban,Prepaid,33.42,0,2018-12-20,60,456.71,10.59,28.33,3,1
CUST_7074,43,1,Male,Rural,Monthly,42.42,0,2022-07-06,17,398.75,10.14,18.58,6,0
CUST_7075,61,0,Male,Rural,Prepaid,46.61,0,2018-01-20,71,527.68,10.67,15.92,8,0
CUST_7076,43,1,Female,Suburban,Monthly,51.86,0,2019-07-29,53,472.50,11.15,23.58,2,0
CUST_7077,43,1,Female,Suburban,Prepaid,47.36,0,2018-03-26,69,529.95,9.04,26.50,8,0
CUST_7078,60,0,Female,Rural,Monthly,56.73,0,2019-08-19,52,471.20,8.82,25.83,7,0
CUST_7079,43,1,Male,Urban,Yearly,59.82,0,2018-02-05,70,360.30,11.03,18.33,8,0
CUST_708,36,0,Female,Urban,Monthly,48.42,0,2020-07-08,41,472.34,10.36,21.42,7,0
CUST_7080,63,0,Female,Urban,Monthly,72.93,0,2020-12-03,36,242.84,10.32,24.33,5,0
CUST_7081,25,0,Male,Urban,Yearly,53.30,0,2021-05-23,31,420.96,10.18,24.58,6,0
CUST_7082,66,0,Female,Urban,Monthly,56.31,0,2021-02-15,34,390.55,10.38,27.58,5,0
CUST_7083,42,0,Female,Suburban,Monthly,42.16,0,2023-02-20,10,707.23,11.13,23.50,9,0
CUST_7084,67,0,Male,Suburban,Monthly,73.08,0,2021-11-06,25,482.06,9.39,22.83,3,0
CUST_7085,29,0,Male,Rural,Prepaid,42.94,0,2021-02-20,34,492.46,10.01,21.75,3,0
CUST_7086,42,0,Male,Suburban,Yearly,59.03,0,2020-03-24,45,520.49,8.93,29.33,3,0
CUST_7087,34,0,Male,Urban,Monthly,42.61,0,2021-04-25,32,607.69,11.90,26.75,5,0
CUST_7088,43,0,Male,Rural,Monthly,47.83,0,2020-01-17,47,605.67,8.02,26.75,7,1
CUST_7089,43,1,Male,Suburban,Monthly,50.30,0,2019-12-29,48,269.03,9.09,29.50,6,0
CUST_709,61,0,Female,Rural,Monthly,57.95,0,2019-01-21,59,461.95,10.46,20.75,7,0
CUST_7090,43,1,Female,Suburban,Prepaid,20.70,0,2021-05-13,31,566.69,10.51,27.25,1,0
CUST_7091,31,0,Male,Suburban,Yearly,52.98,0,2019-07-13,53,444.79,11.30,22.92,7,0
CUST_7092,43,1,Female,Suburban,Prepaid,48.80,0,2020-10-07,38,441.93,10.44,30.08,1,1
CUST_7093,43,1,Female,Suburban,Yearly,39.89,0,2022-12-17,12,420.19,9.95,28.08,6,0
CUST_7094,43,1,Female,Urban,Prepaid,34.93,0,2022-09-04,15,379.43,9.60,32.17,10,0
CUST_7095,60,0,Female,Urban,Prepaid,40.39,0,2022-05-23,19,505.31,9.66,21.42,8,0
CUST_7096,23,0,Female,Urban,Monthly,34.06,0,2018-04-18,68,332.66,9.63,20.42,2,0
CUST_7097,64,0,Male,Suburban,Yearly,42.49,0,2019-12-11,48,618.68,11.45,32.83,4,0
CUST_7098,43,1,Male,Rural,Yearly,39.96,0,2018-03-28,69,503.21,9.23,25.92,8,0
CUST_7099,43,1,Male,Urban,Yearly,44.77,0,2018-02-15,70,483.63,7.94,21.67,4,0
CUST_71,59,0,Male,Rural,Prepaid,34.29,0,2021-04-02,32,429.14,8.21,26.92,12,0
CUST_710,56,0,Female,Suburban,Monthly,58.97,0,2019-12-08,48,427.24,9.50,22.83,8,0
CUST_7100,43,1,Female,Urban,Prepaid,61.42,0,2019-12-12,48,492.31,10.57,19.17,4,0
CUST_7101,35,0,Male,Suburban,Prepaid,36.36,0,2019-12-23,48,396.28,8.94,21.17,9,0
CUST_7102,30,0,Female,Rural,Monthly,41.25,0,2021-10-07,26,542.77,11.20,18.75,11,0
CUST_7103,60,0,Female,Urban,Monthly,51.75,0,2018-12-09,60,551.54,9.93,26.50,2,0
CUST_7104,31,0,Female,Urban,Monthly,35.30,0,2021-03-21,33,462.37,9.06,27.58,6,0
CUST_7105,45,0,Female,Rural,Monthly,61.43,0,2020-03-08,45,477.29,10.11,25.58,3,0
CUST_7106,35,0,Male,Suburban,Monthly,35.53,0,2022-04-11,20,363.32,9.78,24.00,4,0
CUST_7107,45,0,Male,Rural,Monthly,52.02,0,2022-10-22,14,442.89,11.63,17.33,12,0
CUST_7108,68,0,Male,Suburban,Yearly,65.93,0,2021-12-12,24,543.69,8.43,22.33,10,0
CUST_7109,44,0,Male,Urban,Yearly,35.25,0,2021-02-21,34,395.24,9.66,21.58,11,0
CUST_711,44,0,Male,Urban,Yearly,31.14,0,2019-06-12,54,310.95,10.57,20.50,7,0
CUST_7110,43,1,Male,Rural,Monthly,38.01,0,2021-12-18,24,567.85,9.69,31.17,4,0
CUST_7111,43,1,Female,Rural,Monthly,43.24,0,2018-04-06,68,327.19,7.06,21.75,5,1
CUST_7112,26,0,Male,Urban,Monthly,50.29,0,2021-08-13,28,164.19,9.87,25.50,10,0
CUST_7113,57,0,Female,Urban,Prepaid,48.05,0,2018-10-24,62,505.73,12.59,22.17,7,0
CUST_7114,49,0,Female,Suburban,Prepaid,49.74,0,2023-01-25,11,483.42,10.21,24.17,4,0
CUST_7115,43,1,Female,Urban,Prepaid,57.59,0,2021-07-17,29,575.04,11.61,28.92,10,0
CUST_7116,45,0,Male,Urban,Prepaid,47.19,0,2019-01-24,59,632.00,10.02,23.67,7,0
CUST_7117,50,0,Female,Rural,Prepaid,28.02,0,2019-06-23,54,729.08,9.77,21.50,8,0
CUST_7118,21,0,Female,Suburban,Yearly,69.10,0,2021-09-13,27,536.28,10.66,25.00,8,0
CUST_7119,63,0,Male,Urban,Monthly,56.47,0,2018-05-01,67,420.30,10.52,25.25,2,0
CUST_712,27,0,Male,Suburban,Yearly,26.73,0,2018-11-21,61,392.43,10.96,24.67,5,0
CUST_7120,43,1,Female,Rural,Prepaid,30.89,0,2020-09-30,39,467.08,9.40,28.08,8,0
CUST_7121,65,0,Female,Urban,Monthly,47.24,0,2019-02-06,58,639.91,9.55,21.58,8,0
CUST_7122,43,1,Female,Urban,Monthly,61.78,0,2019-06-21,54,298.75,10.39,23.50,8,0
CUST_7123,43,1,Male,Urban,Prepaid,36.37,0,2020-11-03,37,532.84,10.46,24.00,7,0
CUST_7124,43,1,Female,Urban,Prepaid,63.87,0,2022-08-14,16,435.08,9.68,30.17,3,0
CUST_7125,23,0,Female,Suburban,Yearly,177.35,0,2022-12-25,12,428.41,9.44,32.08,5,0
CUST_7126,33,0,Male,Rural,Monthly,56.45,0,2020-08-04,40,569.81,11.22,22.00,6,0
CUST_7127,41,0,Male,Rural,Monthly,11.58,0,2019-08-18,52,490.39,9.28,24.92,5,0
CUST_7128,65,0,Female,Urban,Monthly,64.15,0,2018-01-03,71,346.45,10.21,19.08,8,0
CUST_7129,43,1,Male,Rural,Prepaid,21.70,0,2018-09-07,63,574.36,9.75,27.58,4,0
CUST_713,43,0,Male,Urban,Prepaid,43.23,0,2020-05-06,43,588.78,10.40,34.83,5,0
CUST_7130,47,0,Male,Urban,Monthly,67.87,0,2022-05-18,19,464.35,10.98,30.92,4,0
CUST_7131,43,1,Male,Rural,Monthly,32.51,0,2020-02-07,46,576.14,11.23,22.08,9,1
CUST_7132,30,0,Male,Suburban,Monthly,78.25,0,2021-09-13,27,436.39,9.70,25.83,5,0
CUST_7133,22,0,Male,Suburban,Prepaid,51.54,0,2018-02-22,70,586.41,8.62,24.83,3,0
CUST_7134,43,1,Male,Rural,Yearly,65.25,0,2021-12-31,24,545.68,9.96,31.25,7,0
CUST_7135,37,0,Male,Urban,Prepaid,47.20,0,2020-06-03,42,538.40,9.53,23.75,4,0
CUST_7136,35,0,Female,Urban,Monthly,27.17,0,2022-03-28,21,652.93,10.61,27.58,9,0
CUST_7137,64,0,Male,Urban,Monthly,35.97,0,2021-04-14,32,540.38,10.50,32.42,3,0
CUST_7138,35,0,Male,Urban,Monthly,56.99,0,2018-12-18,60,649.08,11.00,23.67,3,0
CUST_7139,19,0,Male,Suburban,Monthly,93.51,0,2020-07-25,41,614.52,9.30,18.92,3,0
CUST_714,43,1,Male,Suburban,Monthly,36.85,0,2021-11-28,25,467.52,9.90,31.75,9,0
CUST_7140,27,0,Female,Urban,Prepaid,71.63,0,2020-05-29,43,452.21,8.35,27.00,6,0
CUST_7141,43,1,Male,Urban,Monthly,51.32,0,2020-11-08,37,563.69,9.79,25.25,4,0
CUST_7142,67,0,Male,Urban,Prepaid,64.17,0,2022-08-23,16,337.15,9.73,21.42,5,1
CUST_7143,64,0,Female,Urban,Prepaid,53.26,0,2018-01-15,71,547.44,10.06,15.58,6,0
CUST_7144,29,0,Male,Suburban,Prepaid,46.52,0,2022-03-03,21,329.08,10.26,23.00,8,0
CUST_7145,43,1,Female,Rural,Monthly,50.87,0,2020-03-22,45,535.20,9.21,18.83,4,0
CUST_7146,43,1,Female,Rural,Prepaid,41.47,0,2018-08-10,64,534.64,10.38,24.50,4,0
CUST_7147,43,1,Male,Urban,Prepaid,51.05,0,2019-10-06,50,588.26,10.15,23.42,2,0
CUST_7148,43,1,Female,Urban,Monthly,55.39,0,2018-06-18,66,353.79,9.42,19.75,3,0
CUST_7149,28,0,Male,Rural,Yearly,48.99,0,2022-01-29,23,262.83,8.96,26.50,9,0
CUST_715,43,1,Male,Suburban,Yearly,59.18,0,2022-01-01,23,541.33,9.87,16.33,5,0
CUST_7150,36,0,Male,Suburban,Monthly,42.82,0,2022-04-27,20,602.90,10.01,21.17,9,0
CUST_7151,43,1,Female,Suburban,Yearly,42.01,0,2019-01-20,59,282.26,11.00,29.50,5,0
CUST_7152,56,0,Female,Suburban,Monthly,45.81,0,2020-09-11,39,589.41,9.11,20.92,5,0
CUST_7153,43,1,Male,Suburban,Monthly,51.62,0,2021-08-17,28,490.40,9.71,29.67,5,0
CUST_7154,63,0,Male,Suburban,Monthly,42.65,0,2021-09-28,27,501.10,11.19,23.92,2,0
CUST_7155,31,0,Female,Suburban,Prepaid,57.84,0,2021-02-15,34,529.31,10.26,23.83,4,0
CUST_7156,62,0,Male,Suburban,Prepaid,25.45,0,2019-11-24,49,403.80,10.04,23.17,5,0
CUST_7157,61,0,Male,Suburban,Prepaid,53.08,0,2020-07-21,41,553.94,9.61,26.58,8,0
CUST_7158,41,0,Male,Suburban,Prepaid,64.54,0,2020-04-04,44,535.92,10.82,24.25,6,0
CUST_7159,58,0,Female,Urban,Monthly,76.49,0,2019-04-19,56,387.34,8.13,28.75,5,0
CUST_716,20,0,Female,Rural,Monthly,34.81,0,2021-11-19,25,528.32,9.27,25.75,5,1
CUST_7160,18,0,Male,Suburban,Monthly,48.82,0,2020-07-07,41,582.03,11.35,28.25,6,0
CUST_7161,43,1,Male,Urban,Prepaid,59.69,0,2019-06-10,54,595.29,9.67,22.58,6,0
CUST_7162,60,0,Male,Rural,Yearly,53.08,0,2022-08-31,16,700.92,9.61,31.50,7,1
CUST_7163,39,0,Female,Urban,Monthly,65.22,0,2022-07-29,17,358.74,9.88,23.58,5,0
CUST_7164,40,0,Female,Rural,Monthly,46.31,0,2019-08-21,52,526.93,10.86,25.25,7,0
CUST_7165,36,0,Female,Urban,Yearly,57.35,0,2018-12-20,60,461.20,11.08,22.42,12,0
CUST_7166,35,0,Male,Rural,Prepaid,17.42,0,2022-02-06,22,441.38,10.62,26.58,4,0
CUST_7167,43,1,Female,Urban,Monthly,64.74,0,2020-02-16,46,350.30,10.00,27.25,8,0
CUST_7168,43,1,Male,Urban,Prepaid,51.80,0,2021-06-19,30,502.19,10.07,19.83,4,0
CUST_7169,43,1,Female,Rural,Monthly,39.47,0,2021-04-02,32,552.09,10.17,31.25,5,0
CUST_717,62,0,Male,Urban,Yearly,79.16,0,2020-06-09,42,552.22,9.92,21.08,9,0
CUST_7170,43,1,Male,Suburban,Yearly,54.03,0,2021-07-01,29,526.47,10.06,23.92,7,0
CUST_7171,36,0,Female,Suburban,Monthly,71.09,0,2020-10-15,38,502.92,11.04,22.92,7,0
CUST_7172,45,0,Male,Suburban,Prepaid,35.52,0,2018-02-02,70,558.88,10.07,27.83,6,0
CUST_7173,69,0,Male,Suburban,Prepaid,36.47,0,2018-02-04,70,606.79,8.94,22.00,10,0
CUST_7174,43,1,Female,Suburban,Prepaid,25.45,0,2021-12-30,24,528.07,10.48,31.92,7,1
CUST_7175,43,1,Male,Urban,Monthly,36.49,0,2020-07-25,41,571.60,11.55,17.08,2,0
CUST_7176,43,0,Female,Suburban,Prepaid,35.58,0,2022-08-27,16,478.14,9.92,28.17,8,0
CUST_7177,52,0,Female,Urban,Prepaid,46.94,0,2018-06-06,66,495.13,11.79,24.58,7,0
CUST_7178,43,1,Male,Rural,Monthly,50.62,0,2018-03-17,69,542.88,9.24,24.75,4,0
CUST_7179,52,0,Male,Suburban,Prepaid,28.86,0,2019-06-02,54,629.62,9.86,18.58,6,1
CUST_718,43,1,Female,Rural,Monthly,55.44,0,2020-10-20,38,369.77,9.72,16.00,9,0
CUST_7180,57,0,Female,Suburban,Yearly,54.67,0,2020-03-27,45,300.67,10.18,24.83,6,0
CUST_7181,33,0,Female,Suburban,Prepaid,53.71,0,2019-06-12,54,511.17,10.88,23.92,7,0
CUST_7182,55,0,Female,Suburban,Prepaid,53.37,0,2019-11-23,49,527.12,10.44,16.50,7,0
CUST_7183,30,0,Male,Urban,Prepaid,36.81,0,2021-03-11,33,549.26,10.27,29.42,9,0
CUST_7184,43,1,Female,Urban,Yearly,78.80,0,2019-02-12,58,451.41,11.20,30.25,8,0
CUST_7185,39,0,Male,Urban,Monthly,59.44,0,2022-02-23,22,314.55,10.69,32.83,6,0
CUST_7186,43,1,Male,Rural,Prepaid,29.86,0,2020-10-26,38,497.82,8.42,34.92,8,0
CUST_7187,45,0,Female,Urban,Monthly,26.05,0,2018-08-17,64,703.53,9.04,30.50,4,0
CUST_7188,43,1,Female,Suburban,Monthly,37.84,0,2018-02-09,70,484.79,9.70,25.67,6,0
CUST_7189,52,0,Male,Rural,Prepaid,51.32,0,2021-12-31,24,598.82,9.38,20.92,6,0
CUST_719,67,0,Male,Rural,Monthly,47.80,0,2022-04-09,20,673.33,10.67,21.83,8,0
CUST_7190,62,0,Male,Rural,Monthly,71.65,0,2019-06-12,54,517.19,10.88,28.83,5,0
CUST_7191,43,1,Male,Suburban,Prepaid,39.82,0,2018-12-02,60,382.26,9.77,24.83,9,0
CUST_7192,25,0,Male,Suburban,Prepaid,26.74,0,2018-12-31,60,492.44,9.59,25.42,2,0
CUST_7193,43,1,Female,Suburban,Monthly,54.30,0,2018-01-26,71,500.86,11.18,23.83,4,0
CUST_7194,39,0,Male,Suburban,Prepaid,42.93,0,2019-08-22,52,463.05,9.37,18.83,2,0
CUST_7195,38,0,Female,Urban,Yearly,51.61,0,2018-12-26,60,488.59,8.76,17.67,7,0
CUST_7196,43,0,Female,Rural,Prepaid,47.52,0,2019-04-10,56,456.26,10.11,22.75,3,1
CUST_7197,43,1,Female,Suburban,Monthly,45.92,0,2018-04-10,68,452.82,8.43,27.33,8,0
CUST_7198,38,0,Male,Urban,Prepaid,65.36,0,2020-02-28,46,383.91,9.40,24.17,8,0
CUST_7199,42,0,Male,Suburban,Yearly,58.81,0,2022-03-21,21,528.08,9.44,24.00,5,0
CUST_72,21,0,Male,Suburban,Prepaid,68.22,0,2022-11-17,13,373.53,9.45,30.25,8,0
CUST_720,45,0,Female,Urban,Prepaid,163.95,0,2021-01-01,35,641.62,10.78,18.25,5,0
CUST_7200,43,1,Female,Urban,Prepaid,53.20,0,2020-07-11,41,393.38,10.23,27.92,8,0
CUST_7201,18,0,Female,Suburban,Yearly,17.67,0,2020-12-10,36,409.08,10.13,27.25,6,0
CUST_7202,43,1,Female,Suburban,Prepaid,46.18,0,2022-08-19,16,483.23,8.35,25.58,1,0
CUST_7203,40,0,Female,Suburban,Monthly,62.94,0,2021-08-09,28,395.06,9.51,17.83,5,0
CUST_7204,68,0,Male,Urban,Monthly,35.37,0,2020-12-07,36,455.28,8.90,28.17,6,0
CUST_7205,40,0,Female,Suburban,Monthly,46.55,0,2022-01-16,23,502.54,10.42,23.58,4,0
CUST_7206,60,0,Male,Urban,Prepaid,49.16,0,2018-07-25,65,630.84,9.49,24.67,5,0
CUST_7207,60,0,Male,Urban,Yearly,53.37,0,2022-06-06,18,490.44,9.39,23.92,2,0
CUST_7208,40,0,Male,Rural,Prepaid,43.82,0,2021-05-05,31,445.43,8.76,25.17,6,0
CUST_7209,49,0,Male,Urban,Monthly,56.22,0,2019-07-27,53,462.99,9.20,27.58,5,0
CUST_721,37,0,Male,Suburban,Prepaid,30.18,0,2019-12-22,48,587.33,9.82,26.25,3,0
CUST_7210,47,0,Female,Urban,Monthly,55.69,0,2020-01-15,47,675.98,9.94,23.92,8,0
CUST_7211,43,1,Male,Urban,Yearly,36.24,0,2022-05-02,19,404.44,9.82,26.58,9,0
CUST_7212,43,1,Female,Urban,Monthly,38.14,0,2021-12-28,24,580.15,11.02,27.17,4,0
CUST_7213,35,0,Male,Urban,Prepaid,52.55,0,2022-04-02,20,482.24,9.94,23.50,6,0
CUST_7214,40,0,Female,Rural,Monthly,71.93,0,2022-01-15,23,462.06,10.15,19.00,6,0
CUST_7215,32,0,Female,Suburban,Prepaid,65.00,0,2020-02-21,46,307.91,8.66,23.75,7,0
CUST_7216,50,0,Female,Rural,Prepaid,41.47,0,2019-09-09,51,720.27,9.07,22.25,7,0
CUST_7217,38,0,Female,Rural,Prepaid,37.92,0,2020-02-14,46,570.93,10.40,31.42,7,0
CUST_7218,43,1,Female,Suburban,Yearly,44.28,0,2022-05-21,19,543.18,8.70,30.33,5,1
CUST_7219,40,0,Male,Urban,Yearly,73.01,0,2022-05-22,19,416.49,7.85,29.92,4,0
CUST_722,43,1,Female,Urban,Monthly,45.19,0,2021-12-08,24,363.44,9.02,22.83,7,0
CUST_7220,43,1,Female,Suburban,Prepaid,49.75,0,2020-01-18,47,367.91,10.49,28.83,6,0
CUST_7221,62,0,Male,Urban,Monthly,52.72,0,2018-03-19,69,408.89,11.27,23.17,6,0
CUST_7222,43,1,Female,Suburban,Prepaid,37.62,0,2023-06-08,6,487.47,9.20,21.33,6,0
CUST_7223,35,0,Male,Rural,Prepaid,50.35,0,2021-02-19,34,471.96,10.33,26.00,8,0
CUST_7224,43,1,Male,Urban,Prepaid,27.20,0,2022-11-20,13,482.52,9.34,23.92,10,0
CUST_7225,68,0,Male,Rural,Monthly,29.20,0,2021-07-12,29,674.26,9.07,26.92,10,0
CUST_7226,64,0,Female,Urban,Yearly,51.19,0,2019-05-10,55,473.16,10.42,20.00,7,0
CUST_7227,57,0,Male,Suburban,Prepaid,53.45,0,2020-07-20,41,677.74,10.92,30.00,7,0
CUST_7228,43,1,Female,Suburban,Prepaid,43.72,0,2019-12-13,48,460.12,9.65,11.92,2,0
CUST_7229,59,0,Female,Suburban,Prepaid,54.77,0,2020-09-18,39,546.97,9.96,20.00,6,1
CUST_723,43,1,Male,Urban,Monthly,41.32,0,2020-03-17,45,391.13,10.15,13.83,10,0
CUST_7230,43,1,Male,Suburban,Yearly,30.61,0,2018-09-27,63,523.43,9.37,28.83,7,0
CUST_7231,67,0,Male,Suburban,Prepaid,44.78,0,2019-06-25,54,484.21,9.71,20.67,5,0
CUST_7232,43,1,Female,Rural,Monthly,40.40,0,2021-05-12,31,431.28,9.62,20.58,3,0
CUST_7233,43,1,Female,Rural,Yearly,48.69,0,2022-06-08,18,471.76,9.35,28.08,4,0
CUST_7234,44,0,Female,Urban,Prepaid,45.43,0,2020-04-08,44,543.37,10.80,25.17,4,0
CUST_7235,23,0,Female,Rural,Monthly,83.97,0,2022-06-10,18,424.66,11.61,23.33,5,0
CUST_7236,44,0,Female,Urban,Prepaid,35.70,0,2018-12-12,60,421.94,8.93,24.75,7,1
CUST_7237,26,0,Female,Urban,Yearly,49.93,0,2023-02-10,10,411.76,10.61,22.67,3,0
CUST_7238,62,0,Male,Rural,Prepaid,91.81,0,2018-05-25,67,390.19,8.89,23.67,6,0
CUST_7239,43,1,Female,Rural,Yearly,59.16,0,2018-02-26,70,627.68,11.63,22.58,7,0
CUST_724,58,0,Male,Urban,Monthly,24.02,0,2018-01-19,71,595.25,9.89,28.00,12,0
CUST_7240,43,1,Female,Urban,Yearly,49.41,0,2018-06-29,66,351.48,11.45,25.92,10,0
CUST_7241,43,0,Male,Rural,Monthly,62.24,0,2018-09-18,63,419.03,10.61,17.00,5,0
CUST_7242,43,1,Male,Rural,Monthly,59.46,0,2019-08-22,52,525.53,8.72,24.50,5,0
CUST_7243,65,0,Male,Rural,Monthly,33.44,0,2022-05-21,19,745.86,10.72,31.83,6,0
CUST_7244,62,0,Female,Suburban,Prepaid,26.76,0,2022-06-26,18,346.86,8.25,31.00,8,0
CUST_7245,30,0,Male,Suburban,Prepaid,51.45,0,2019-11-14,49,495.97,10.98,28.92,5,0
CUST_7246,66,0,Male,Urban,Prepaid,42.81,0,2020-10-20,38,466.35,11.63,26.00,5,0
CUST_7247,40,0,Female,Rural,Monthly,84.11,0,2023-04-27,8,531.62,9.67,28.75,4,0
CUST_7248,37,0,Female,Urban,Yearly,66.79,0,2020-01-20,47,343.21,9.60,21.92,4,0
CUST_7249,43,1,Female,Rural,Yearly,66.78,0,2018-01-30,71,387.67,10.97,25.33,11,0
CUST_725,56,0,Male,Rural,Monthly,70.57,0,2023-04-17,8,548.39,9.29,22.67,4,0
CUST_7250,43,1,Female,Suburban,Monthly,14.45,0,2023-03-03,9,316.58,10.50,27.00,5,0
CUST_7251,34,0,Male,Rural,Monthly,41.15,0,2021-05-04,31,500.49,10.14,27.17,8,0
CUST_7252,45,0,Female,Rural,Yearly,49.84,0,2018-06-16,66,422.13,10.02,32.08,5,1
CUST_7253,43,1,Male,Rural,Yearly,38.97,0,2019-02-18,58,506.46,9.00,24.33,10,0
CUST_7254,19,0,Female,Suburban,Monthly,40.62,0,2019-09-17,51,477.38,10.26,25.33,5,1
CUST_7255,43,1,Male,Suburban,Prepaid,46.14,0,2019-05-29,55,576.41,10.83,28.00,6,0
CUST_7256,67,0,Female,Suburban,Monthly,51.87,0,2021-12-30,24,487.71,10.21,28.00,7,0
CUST_7257,43,1,Female,Urban,Monthly,90.59,0,2021-03-07,33,479.06,9.52,26.25,8,0
CUST_7258,23,0,Female,Rural,Monthly,39.92,0,2020-06-04,42,502.64,10.61,27.08,10,0
CUST_7259,28,0,Male,Suburban,Yearly,62.68,0,2018-01-31,71,362.18,10.51,25.75,3,0
CUST_726,18,0,Male,Urban,Monthly,33.42,0,2020-07-22,41,468.75,10.35,22.58,7,0
CUST_7260,55,0,Male,Urban,Yearly,71.95,0,2019-10-11,50,593.89,8.06,26.42,5,0
CUST_7261,23,0,Male,Suburban,Prepaid,35.07,0,2022-10-22,14,561.50,9.91,23.00,11,0
CUST_7262,43,1,Female,Rural,Prepaid,80.19,0,2022-06-12,18,402.86,8.45,32.33,6,0
CUST_7263,43,1,Male,Urban,Prepaid,53.53,0,2019-04-11,56,543.01,11.46,19.00,10,0
CUST_7264,43,1,Female,Suburban,Prepaid,12.57,0,2022-09-14,15,709.91,9.69,21.50,3,0
CUST_7265,43,1,Female,Suburban,Prepaid,68.33,0,2021-10-24,26,416.31,9.59,21.58,6,0
CUST_7266,57,0,Female,Urban,Yearly,25.74,0,2023-02-06,10,573.89,10.69,24.58,6,0
CUST_7267,43,1,Male,Urban,Monthly,71.87,0,2018-02-16,70,494.87,10.57,21.83,5,0
CUST_7268,43,1,Female,Urban,Monthly,64.60,0,2020-11-15,37,534.57,10.09,23.92,5,0
CUST_7269,50,0,Male,Urban,Prepaid,34.40,0,2018-10-22,62,593.64,11.16,22.33,6,0
CUST_727,20,0,Female,Urban,Yearly,55.29,0,2020-06-27,42,547.60,10.69,22.25,8,0
CUST_7270,43,1,Female,Urban,Monthly,44.15,0,2022-12-02,12,467.90,9.94,27.50,7,0
CUST_7271,36,0,Female,Suburban,Yearly,60.27,0,2021-11-23,25,522.56,8.98,24.92,4,1
CUST_7272,35,0,Female,Urban,Monthly,41.68,0,2021-08-12,28,525.74,10.06,18.42,3,0
CUST_7273,66,0,Male,Urban,Prepaid,76.10,0,2022-06-06,18,428.02,10.61,20.25,9,0
CUST_7274,69,0,Male,Rural,Yearly,63.72,0,2022-07-20,17,541.70,10.49,20.17,9,0
CUST_7275,41,0,Female,Suburban,Prepaid,27.58,0,2022-08-09,16,522.46,11.40,21.83,5,0
CUST_7276,62,0,Male,Rural,Monthly,47.37,0,2019-01-02,59,334.60,9.46,22.00,7,0
CUST_7277,43,1,Male,Suburban,Prepaid,57.80,0,2018-07-18,65,340.24,10.20,19.75,2,0
CUST_7278,43,1,Female,Suburban,Monthly,38.31,0,2021-09-20,27,279.71,10.99,29.67,6,0
CUST_7279,53,0,Female,Suburban,Prepaid,66.38,0,2019-08-09,52,590.73,10.08,26.75,6,0
CUST_728,30,0,Male,Urban,Prepaid,56.63,0,2021-11-16,25,569.36,10.34,32.75,4,0
CUST_7280,42,0,Male,Urban,Monthly,59.22,0,2020-07-12,41,500.43,9.32,20.92,8,0
CUST_7281,62,0,Female,Rural,Monthly,60.77,0,2018-09-02,63,519.66,10.21,29.92,5,0
CUST_7282,66,0,Female,Suburban,Prepaid,45.27,0,2019-12-20,48,527.33,10.01,28.67,7,0
CUST_7283,43,1,Male,Suburban,Yearly,34.72,0,2023-05-30,7,530.36,9.20,25.75,10,0
CUST_7284,51,0,Male,Suburban,Prepaid,68.26,0,2019-08-02,52,516.06,9.86,20.83,9,0
CUST_7285,43,1,Female,Rural,Yearly,76.41,0,2021-07-07,29,548.06,10.09,23.67,9,0
CUST_7286,33,0,Male,Suburban,Prepaid,65.50,0,2019-03-30,57,456.57,10.42,21.08,6,0
CUST_7287,51,0,Male,Rural,Monthly,63.37,0,2018-06-03,66,345.01,8.06,29.67,6,0
CUST_7288,46,0,Female,Rural,Monthly,50.94,0,2023-04-19,8,432.51,8.87,27.25,8,0
CUST_7289,43,1,Female,Urban,Prepaid,39.37,0,2022-02-02,22,659.26,8.98,24.58,5,0
CUST_729,45,0,Female,Suburban,Monthly,25.72,0,2020-01-23,47,410.16,9.12,23.92,6,0
CUST_7290,43,1,Female,Suburban,Prepaid,61.12,0,2019-04-18,56,406.18,10.28,27.00,4,0
CUST_7291,36,0,Female,Suburban,Monthly,40.60,0,2021-12-21,24,463.82,8.31,24.17,1,0
CUST_7292,43,1,Male,Rural,Yearly,65.03,0,2020-01-07,47,458.81,9.58,20.58,5,0
CUST_7293,43,1,Male,Rural,Yearly,54.08,0,2021-12-12,24,579.79,8.71,21.17,2,1
CUST_7294,68,0,Female,Urban,Prepaid,27.85,0,2021-01-27,35,519.31,9.33,26.75,7,0
CUST_7295,26,0,Female,Suburban,Prepaid,50.84,0,2020-10-23,38,429.74,9.64,17.58,7,0
CUST_7296,43,1,Female,Rural,Monthly,31.35,0,2019-03-18,57,553.02,10.20,23.50,9,0
CUST_7297,59,0,Female,Suburban,Monthly,29.14,0,2023-06-06,6,544.21,9.19,28.17,7,0
CUST_7298,36,0,Male,Suburban,Yearly,16.77,0,2023-03-26,9,573.59,9.47,18.83,6,0
CUST_7299,50,0,Male,Suburban,Prepaid,29.77,0,2022-07-19,17,462.23,10.39,27.33,7,0
CUST_73,46,0,Female,Rural,Monthly,35.89,0,2021-03-20,33,407.91,10.34,26.92,7,0
CUST_730,43,1,Male,Suburban,Prepaid,44.23,0,2018-05-07,67,510.22,10.38,34.25,15,1
CUST_7300,43,1,Female,Rural,Monthly,32.16,0,2022-01-05,23,651.35,11.01,25.00,9,0
CUST_7301,33,0,Female,Suburban,Monthly,69.07,0,2018-04-26,68,546.80,9.35,23.42,7,1
CUST_7302,61,0,Male,Rural,Prepaid,58.61,0,2022-11-13,13,392.04,10.65,31.67,10,0
CUST_7303,57,0,Male,Urban,Monthly,79.99,0,2020-04-11,44,618.73,9.92,26.50,5,0
CUST_7304,35,0,Male,Urban,Prepaid,47.08,0,2020-10-18,38,357.52,9.23,29.42,8,0
CUST_7305,51,0,Male,Rural,Monthly,30.58,0,2018-08-16,64,473.80,12.17,26.08,1,0
CUST_7306,42,0,Female,Suburban,Monthly,49.87,0,2023-04-14,8,563.21,10.83,18.50,4,0
CUST_7307,43,1,Male,Urban,Prepaid,43.63,0,2021-04-10,32,405.20,10.13,26.83,2,0
CUST_7308,43,1,Male,Urban,Prepaid,56.35,0,2021-07-30,29,551.60,7.26,28.33,2,0
CUST_7309,38,0,Male,Rural,Yearly,28.64,0,2018-09-13,63,601.41,10.49,17.33,12,0
CUST_731,42,0,Female,Suburban,Monthly,28.86,0,2022-04-03,20,595.24,9.82,30.83,9,0
CUST_7310,43,1,Female,Rural,Yearly,50.72,0,2021-07-12,29,333.29,10.15,29.42,6,0
CUST_7311,49,0,Female,Rural,Yearly,70.22,0,2019-04-08,56,450.69,9.36,26.92,5,0
CUST_7312,58,0,Male,Rural,Yearly,70.45,0,2018-11-30,61,685.66,10.52,23.50,3,0
CUST_7313,65,0,Male,Rural,Prepaid,67.85,0,2019-03-29,57,477.00,8.40,23.17,9,0
CUST_7314,43,1,Female,Rural,Prepaid,58.27,0,2020-06-24,42,552.26,9.57,24.25,13,0
CUST_7315,56,0,Female,Rural,Prepaid,64.10,0,2019-03-02,57,579.62,10.10,26.92,3,0
CUST_7316,48,0,Male,Suburban,Yearly,49.42,0,2018-05-08,67,428.81,9.28,30.08,8,0
CUST_7317,59,0,Female,Suburban,Monthly,56.31,0,2021-12-17,24,631.29,9.49,20.92,8,0
CUST_7318,43,1,Male,Suburban,Monthly,48.07,0,2020-12-24,36,482.17,8.43,25.08,8,0
CUST_7319,43,1,Female,Suburban,Yearly,41.80,0,2018-11-03,61,518.85,9.84,24.33,2,0
CUST_732,50,0,Male,Suburban,Prepaid,56.11,0,2023-04-09,8,505.71,9.12,22.83,7,1
CUST_7320,69,0,Male,Urban,Monthly,53.86,0,2020-08-12,40,638.59,9.69,22.75,4,0
CUST_7321,43,1,Male,Suburban,Prepaid,75.51,0,2020-08-26,40,290.17,10.22,24.58,9,0
CUST_7322,43,1,Female,Urban,Prepaid,54.18,0,2022-08-21,16,532.76,10.21,22.25,7,0
CUST_7323,43,1,Male,Urban,Prepaid,57.25,0,2023-03-06,9,647.30,11.68,31.50,8,0
CUST_7324,26,0,Female,Urban,Prepaid,61.66,0,2022-05-31,19,562.04,10.51,30.17,3,1
CUST_7325,48,0,Female,Rural,Prepaid,54.84,0,2023-04-19,8,641.85,9.66,27.33,7,0
CUST_7326,32,0,Female,Urban,Monthly,46.70,0,2023-01-04,11,526.56,8.21,27.42,6,0
CUST_7327,21,0,Male,Urban,Prepaid,61.71,0,2022-05-06,19,337.78,11.02,33.25,4,0
CUST_7328,57,0,Male,Urban,Monthly,39.01,0,2020-04-18,44,383.50,9.96,29.58,8,0
CUST_7329,26,0,Male,Rural,Monthly,67.65,0,2021-04-01,32,518.22,11.93,24.08,9,0
CUST_733,55,0,Male,Rural,Prepaid,50.94,0,2020-10-04,38,450.05,10.58,20.92,5,0
CUST_7330,62,0,Female,Suburban,Yearly,68.90,0,2021-11-09,25,423.10,9.60,24.33,11,0
CUST_7331,43,1,Male,Suburban,Monthly,49.29,0,2020-06-07,42,479.04,9.83,24.83,7,0
CUST_7332,43,0,Male,Urban,Yearly,40.07,0,2019-04-18,56,451.11,9.68,27.08,4,0
CUST_7333,43,1,Male,Urban,Prepaid,82.01,0,2018-10-19,62,790.89,8.73,26.25,6,0
CUST_7334,34,0,Male,Suburban,Prepaid,39.47,0,2023-02-04,10,421.30,10.35,24.33,6,0
CUST_7335,33,0,Female,Suburban,Monthly,45.58,0,2020-02-25,46,379.81,9.56,16.00,7,0
CUST_7336,32,0,Male,Suburban,Prepaid,19.86,0,2022-05-31,19,441.71,10.44,21.92,8,0
CUST_7337,52,0,Female,Suburban,Monthly,70.63,0,2019-01-09,59,565.85,9.92,19.25,6,0
CUST_7338,43,1,Female,Urban,Prepaid,28.46,0,2020-02-22,46,517.66,9.97,19.17,3,0
CUST_7339,43,1,Female,Urban,Monthly,57.31,0,2021-11-11,25,611.28,11.09,21.42,7,0
CUST_734,23,0,Female,Rural,Prepaid,48.84,0,2023-06-07,6,401.89,8.38,26.92,6,0
CUST_7340,43,1,Female,Urban,Yearly,54.56,0,2019-01-22,59,442.16,10.92,24.25,7,0
CUST_7341,43,1,Male,Suburban,Prepaid,48.83,0,2020-04-28,44,650.95,11.09,22.50,5,1
CUST_7342,32,0,Male,Rural,Yearly,41.87,0,2022-06-03,18,444.98,9.80,28.08,9,0
CUST_7343,43,1,Male,Suburban,Prepaid,56.61,0,2019-01-25,59,521.00,10.10,23.17,7,0
CUST_7344,43,1,Female,Suburban,Prepaid,76.14,0,2021-10-01,26,457.89,9.02,24.33,4,0
CUST_7345,19,0,Male,Rural,Monthly,46.21,0,2022-05-10,19,536.09,9.62,23.83,8,0
CUST_7346,43,1,Female,Rural,Yearly,25.17,0,2023-03-14,9,350.78,8.91,22.00,5,0
CUST_7347,43,1,Male,Suburban,Monthly,22.83,0,2022-06-18,18,464.64,9.98,27.58,6,0
CUST_7348,21,0,Male,Rural,Monthly,47.18,0,2022-07-28,17,654.82,11.02,22.17,8,0
CUST_7349,59,0,Male,Rural,Prepaid,43.15,0,2023-01-20,11,553.25,11.61,19.33,9,0
CUST_735,61,0,Male,Urban,Prepaid,37.70,0,2021-05-29,31,551.05,9.51,24.92,11,0
CUST_7350,43,1,Female,Rural,Prepaid,47.43,0,2020-09-28,39,420.93,8.80,23.92,4,0
CUST_7351,43,1,Male,Suburban,Prepaid,54.29,0,2019-09-19,51,506.85,9.06,20.83,6,0
CUST_7352,48,0,Female,Suburban,Prepaid,42.75,0,2021-06-18,30,506.83,8.55,25.25,5,1
CUST_7353,58,0,Female,Rural,Yearly,91.40,0,2022-10-14,14,447.82,9.36,23.00,7,0
CUST_7354,25,0,Female,Urban,Yearly,55.74,0,2021-08-08,28,413.26,10.19,25.83,10,0
CUST_7355,43,1,Male,Rural,Prepaid,63.53,0,2018-10-07,62,463.47,10.35,22.08,3,1
CUST_7356,65,0,Male,Rural,Monthly,47.65,0,2019-02-05,58,369.81,10.14,23.08,5,0
CUST_7357,63,0,Female,Suburban,Monthly,47.76,0,2021-11-05,25,371.43,8.72,26.42,11,0
CUST_7358,26,0,Female,Urban,Prepaid,41.09,0,2020-03-10,45,677.01,10.21,30.42,5,0
CUST_7359,47,0,Female,Rural,Prepaid,51.13,0,2022-10-16,14,270.85,9.72,18.58,5,0
CUST_736,62,0,Male,Rural,Monthly,67.72,0,2019-04-24,56,387.36,10.98,21.42,7,0
CUST_7360,28,0,Female,Urban,Monthly,27.14,0,2019-06-06,54,540.35,10.44,25.58,5,0
CUST_7361,43,1,Female,Suburban,Monthly,25.90,0,2023-02-25,10,442.70,9.75,24.58,7,0
CUST_7362,54,0,Male,Urban,Prepaid,40.70,0,2020-01-17,47,538.70,10.16,23.58,0,0
CUST_7363,43,1,Male,Suburban,Yearly,35.80,0,2021-09-01,27,625.06,11.06,30.92,5,0
CUST_7364,43,1,Male,Rural,Monthly,40.70,0,2021-07-11,29,321.75,11.90,22.67,4,0
CUST_7365,43,1,Female,Suburban,Prepaid,44.95,0,2019-07-04,53,443.14,9.53,19.33,2,0
CUST_7366,43,1,Female,Urban,Prepaid,45.66,0,2021-07-04,29,502.26,8.56,26.08,7,0
CUST_7367,29,0,Male,Urban,Monthly,62.19,0,2023-03-05,9,388.74,10.36,23.83,9,0
CUST_7368,43,1,Male,Urban,Monthly,61.59,0,2021-11-19,25,400.21,11.94,32.25,6,0
CUST_7369,27,0,Female,Rural,Monthly,49.57,0,2022-04-08,20,561.32,9.92,26.08,4,0
CUST_737,49,0,Female,Suburban,Yearly,44.33,0,2022-11-06,13,401.80,9.35,20.92,10,0
CUST_7370,26,0,Female,Urban,Prepaid,79.78,0,2021-12-14,24,440.44,10.63,24.92,4,0
CUST_7371,43,1,Female,Urban,Prepaid,43.00,0,2021-11-28,25,276.98,10.47,23.08,9,1
CUST_7372,24,0,Male,Urban,Prepaid,62.49,0,2021-07-12,29,548.83,10.73,19.33,6,0
CUST_7373,19,0,Female,Suburban,Prepaid,57.58,0,2019-12-10,48,508.41,9.93,26.50,8,0
CUST_7374,40,0,Female,Urban,Monthly,46.74,0,2021-09-11,27,511.28,9.23,20.50,6,0
CUST_7375,56,0,Female,Suburban,Prepaid,48.05,0,2021-11-23,25,479.33,9.33,26.58,4,1
CUST_7376,57,0,Male,Urban,Prepaid,43.38,0,2018-01-10,71,377.04,11.07,21.92,10,0
CUST_7377,56,0,Female,Suburban,Prepaid,61.38,0,2021-10-26,26,422.14,10.74,28.00,2,0
CUST_7378,43,1,Male,Suburban,Monthly,68.73,0,2018-09-04,63,513.78,11.02,24.42,3,0
CUST_7379,40,0,Female,Rural,Monthly,50.55,0,2018-11-26,61,510.14,10.32,26.08,10,0
CUST_738,62,0,Male,Urban,Prepaid,27.84,0,2022-02-01,22,355.90,9.86,20.58,8,0
CUST_7380,43,1,Female,Rural,Yearly,21.99,0,2022-07-21,17,503.57,9.97,25.50,5,1
CUST_7381,31,0,Male,Suburban,Yearly,58.19,0,2022-10-19,14,600.77,11.69,24.00,2,0
CUST_7382,43,0,Female,Suburban,Monthly,47.31,0,2022-03-13,21,662.74,10.52,18.00,9,0
CUST_7383,68,0,Male,Rural,Prepaid,34.17,0,2019-03-15,57,496.63,10.06,21.67,11,0
CUST_7384,43,1,Female,Suburban,Monthly,51.13,0,2019-03-05,57,502.37,10.27,20.42,10,0
CUST_7385,48,0,Male,Rural,Prepaid,44.78,0,2018-11-29,61,446.86,11.31,25.25,7,0
CUST_7386,43,1,Female,Rural,Monthly,33.55,0,2022-10-03,14,419.25,9.36,21.92,9,0
CUST_7387,43,1,Male,Urban,Monthly,46.68,0,2018-08-13,64,528.91,10.10,26.92,7,0
CUST_7388,67,0,Male,Urban,Monthly,71.17,0,2022-03-21,21,451.07,11.78,28.92,6,1
CUST_7389,37,0,Female,Rural,Prepaid,52.13,0,2020-09-01,39,475.24,9.16,27.58,3,1
CUST_739,64,0,Female,Urban,Monthly,35.84,0,2021-02-28,34,414.71,11.24,26.00,2,0
CUST_7390,61,0,Male,Rural,Yearly,50.39,0,2019-12-16,48,443.83,8.66,24.17,6,0
CUST_7391,43,1,Female,Suburban,Monthly,56.70,0,2020-12-05,36,547.99,8.74,28.08,6,0
CUST_7392,62,0,Male,Rural,Monthly,53.53,0,2022-05-04,19,510.29,10.63,29.75,5,0
CUST_7393,19,0,Female,Rural,Prepaid,45.79,0,2018-06-14,66,664.99,9.82,27.08,6,0
CUST_7394,43,1,Female,Urban,Prepaid,52.93,0,2019-04-19,56,428.41,8.20,24.33,5,0
CUST_7395,30,0,Female,Rural,Prepaid,51.26,0,2022-03-04,21,433.66,8.90,25.33,7,0
CUST_7396,56,0,Female,Suburban,Prepaid,17.79,0,2022-11-30,13,505.08,10.25,22.75,8,0
CUST_7397,45,0,Male,Rural,Monthly,57.94,0,2019-05-23,55,540.16,8.73,27.50,9,0
CUST_7398,59,0,Female,Urban,Yearly,50.67,0,2022-02-21,22,505.28,10.14,23.42,7,0
CUST_7399,23,0,Female,Urban,Prepaid,58.12,0,2023-04-25,8,403.82,9.75,27.33,4,0
CUST_74,35,0,Female,Suburban,Prepaid,53.56,0,2022-08-31,16,560.59,8.82,27.42,4,0
CUST_740,43,1,Male,Suburban,Monthly,19.89,0,2022-07-21,17,654.83,9.65,31.92,8,0
CUST_7400,20,0,Female,Urban,Monthly,49.71,0,2018-03-09,69,619.99,10.76,25.75,10,0
CUST_7401,52,0,Female,Urban,Prepaid,44.74,0,2020-04-16,44,447.91,8.96,19.50,8,0
CUST_7402,35,0,Female,Rural,Prepaid,35.69,0,2018-09-11,63,524.84,9.38,26.50,8,0
CUST_7403,28,0,Male,Suburban,Yearly,52.42,0,2019-12-03,48,385.28,12.11,24.33,8,0
CUST_7404,37,0,Female,Suburban,Monthly,52.36,0,2023-04-27,8,351.00,9.49,22.17,13,0
CUST_7405,22,0,Male,Suburban,Monthly,70.25,0,2023-05-11,7,382.16,7.68,21.42,9,0
CUST_7406,36,0,Male,Rural,Prepaid,42.76,0,2019-04-07,56,553.02,10.99,18.50,8,0
CUST_7407,39,0,Female,Rural,Prepaid,66.15,0,2019-08-27,52,481.90,10.06,25.67,5,0
CUST_7408,36,0,Female,Rural,Prepaid,61.92,0,2023-03-20,9,635.62,9.92,24.50,7,0
CUST_7409,43,1,Male,Suburban,Prepaid,38.46,0,2019-12-09,48,395.11,7.52,28.92,7,0
CUST_741,43,1,Female,Suburban,Prepaid,40.18,0,2019-03-18,57,524.63,9.67,22.25,2,0
CUST_7410,33,0,Male,Rural,Prepaid,29.25,0,2020-06-15,42,605.45,9.24,24.67,8,0
CUST_7411,43,1,Male,Rural,Monthly,65.22,0,2019-06-16,54,349.31,10.21,30.33,9,0
CUST_7412,58,0,Female,Urban,Prepaid,56.89,0,2023-02-02,10,597.17,10.86,28.92,9,0
CUST_7413,43,1,Male,Urban,Prepaid,62.31,0,2020-07-24,41,637.08,10.42,19.83,2,0
CUST_7414,43,1,Male,Suburban,Monthly,52.23,0,2020-03-29,45,672.22,9.41,23.17,6,0
CUST_7415,42,0,Female,Urban,Yearly,34.66,0,2020-09-07,39,556.95,9.26,21.17,7,0
CUST_7416,61,0,Male,Urban,Yearly,52.70,0,2021-12-19,24,670.66,9.94,22.92,5,0
CUST_7417,52,0,Female,Urban,Yearly,59.77,0,2022-01-23,23,407.91,10.27,20.50,5,0
CUST_7418,31,0,Male,Rural,Prepaid,16.61,0,2018-05-07,67,514.40,9.45,25.75,7,0
CUST_7419,66,0,Female,Urban,Prepaid,57.20,0,2019-05-23,55,479.42,10.14,26.50,1,0
CUST_742,38,0,Female,Suburban,Prepaid,36.36,0,2021-03-04,33,441.88,10.06,21.33,4,0
CUST_7420,36,0,Male,Urban,Yearly,62.43,0,2022-12-05,12,473.69,10.00,19.33,5,1
CUST_7421,43,1,Female,Urban,Yearly,63.98,0,2019-04-23,56,333.04,8.83,27.67,7,0
CUST_7422,43,1,Female,Rural,Monthly,56.86,0,2022-05-11,19,389.54,9.30,30.33,5,0
CUST_7423,24,0,Male,Suburban,Prepaid,43.69,0,2019-09-28,51,378.93,9.37,30.83,3,0
CUST_7424,47,0,Female,Rural,Prepaid,49.02,0,2018-12-21,60,331.89,10.56,14.00,6,0
CUST_7425,36,0,Male,Rural,Yearly,27.84,0,2018-09-02,63,546.24,11.16,30.17,4,0
CUST_7426,43,1,Female,Urban,Prepaid,65.76,0,2020-02-04,46,485.93,10.30,19.83,5,0
CUST_7427,42,0,Female,Suburban,Monthly,61.88,0,2019-05-10,55,503.05,9.61,26.25,2,0
CUST_7428,33,0,Female,Urban,Yearly,44.99,0,2020-09-28,39,396.30,9.85,25.50,7,1
CUST_7429,43,1,Female,Urban,Monthly,58.95,0,2021-12-24,24,571.40,10.43,20.00,4,0
CUST_743,28,0,Female,Rural,Prepaid,60.42,0,2020-12-12,36,602.06,9.85,28.67,4,0
CUST_7430,57,0,Female,Suburban,Prepaid,59.31,0,2021-07-04,29,427.26,9.66,21.58,8,0
CUST_7431,68,0,Female,Suburban,Prepaid,33.54,0,2021-07-09,29,489.20,11.63,27.08,6,0
CUST_7432,25,0,Female,Rural,Prepaid,80.53,0,2021-12-25,24,658.48,8.36,23.42,3,0
CUST_7433,35,0,Male,Suburban,Monthly,37.41,0,2023-03-30,9,513.30,9.07,24.58,9,0
CUST_7434,45,0,Male,Rural,Monthly,18.20,0,2022-04-18,20,489.67,10.26,27.00,3,0
CUST_7435,43,1,Female,Rural,Prepaid,56.03,0,2023-02-23,10,548.66,9.34,23.08,3,0
CUST_7436,43,1,Female,Urban,Prepaid,55.05,0,2018-06-19,66,392.55,9.85,26.08,6,0
CUST_7437,43,1,Female,Urban,Prepaid,44.08,0,2022-06-21,18,603.08,9.72,27.67,5,0
CUST_7438,59,0,Male,Urban,Yearly,53.15,0,2022-06-02,18,465.94,10.17,19.75,7,0
CUST_7439,34,0,Female,Suburban,Yearly,38.23,0,2023-01-07,11,482.36,10.24,29.33,2,0
CUST_744,43,1,Female,Urban,Monthly,58.58,0,2022-01-13,23,364.62,9.34,26.83,3,0
CUST_7440,43,1,Male,Suburban,Prepaid,24.39,0,2021-10-22,26,564.78,10.50,26.08,9,0
CUST_7441,30,0,Female,Rural,Yearly,64.63,0,2020-06-01,42,384.42,9.35,27.00,7,0
CUST_7442,24,0,Female,Rural,Monthly,54.58,0,2023-05-20,7,525.17,10.64,21.33,7,0
CUST_7443,44,0,Female,Rural,Monthly,44.43,0,2022-09-22,15,471.88,10.41,20.42,3,0
CUST_7444,27,0,Female,Suburban,Monthly,76.18,0,2023-03-14,9,535.71,9.06,21.58,4,0
CUST_7445,51,0,Female,Rural,Monthly,45.58,0,2022-08-26,16,410.01,8.85,24.08,7,1
CUST_7446,43,1,Male,Rural,Prepaid,58.89,0,2022-10-25,14,499.97,9.54,30.08,8,0
CUST_7447,43,1,Female,Suburban,Monthly,35.31,0,2021-09-17,27,489.45,9.53,32.92,5,0
CUST_7448,23,0,Male,Urban,Yearly,16.90,0,2021-02-15,34,551.26,10.80,31.00,4,0
CUST_7449,41,0,Male,Suburban,Prepaid,59.22,0,2021-08-18,28,576.97,9.77,27.42,4,0
CUST_745,53,0,Male,Suburban,Prepaid,53.19,0,2018-03-29,69,499.04,10.25,23.00,5,0
CUST_7450,35,0,Female,Rural,Prepaid,58.77,0,2020-12-10,36,473.98,10.22,25.92,7,0
CUST_7451,40,0,Female,Urban,Prepaid,78.72,0,2018-06-29,66,708.24,10.78,30.08,2,0
CUST_7452,23,0,Female,Suburban,Prepaid,33.13,0,2019-04-11,56,545.07,10.40,21.17,4,1
CUST_7453,46,0,Male,Urban,Prepaid,24.84,0,2021-11-04,25,546.44,10.34,26.17,3,0
CUST_7454,43,1,Male,Urban,Monthly,40.79,0,2018-09-22,63,270.37,12.27,23.17,8,0
CUST_7455,34,0,Male,Rural,Prepaid,58.31,0,2018-08-03,64,361.06,10.96,25.67,5,1
CUST_7456,43,1,Female,Suburban,Prepaid,17.16,0,2022-07-24,17,417.27,10.37,28.33,5,0
CUST_7457,41,0,Male,Rural,Yearly,51.20,0,2021-04-28,32,267.39,10.15,25.42,7,0
CUST_7458,43,1,Male,Suburban,Monthly,43.07,0,2021-10-04,26,623.72,8.49,26.67,6,1
CUST_7459,43,0,Male,Suburban,Prepaid,44.01,0,2020-05-13,43,276.58,9.71,22.25,4,0
CUST_746,52,0,Male,Urban,Prepaid,64.21,0,2018-02-08,70,507.60,9.57,25.67,6,0
CUST_7460,68,0,Female,Suburban,Prepaid,36.84,0,2023-06-08,6,560.72,9.94,22.17,3,0
CUST_7461,51,0,Male,Urban,Monthly,66.65,0,2022-01-12,23,357.32,11.07,25.00,8,1
CUST_7462,45,0,Male,Urban,Monthly,26.08,0,2021-09-29,27,425.55,9.37,14.83,4,0
CUST_7463,20,0,Female,Rural,Prepaid,64.22,0,2019-11-19,49,420.96,11.33,19.92,6,0
CUST_7464,28,0,Female,Suburban,Yearly,57.26,0,2018-01-18,71,478.21,9.02,25.08,5,0
CUST_7465,43,1,Female,Suburban,Monthly,42.83,0,2020-01-09,47,465.77,9.04,30.92,4,0
CUST_7466,31,0,Male,Urban,Yearly,73.12,0,2023-04-13,8,401.23,9.09,21.92,4,0
CUST_7467,43,1,Male,Suburban,Prepaid,21.68,0,2019-08-11,52,424.01,10.75,26.17,3,0
CUST_7468,43,0,Male,Rural,Prepaid,64.98,0,2023-05-10,7,554.26,10.64,23.33,5,0
CUST_7469,65,0,Female,Suburban,Prepaid,33.49,0,2020-02-02,46,519.79,9.12,18.75,2,0
CUST_747,36,0,Female,Urban,Prepaid,32.32,0,2020-05-09,43,365.54,11.43,17.67,5,0
CUST_7470,38,0,Male,Suburban,Prepaid,43.13,0,2019-10-08,50,379.77,8.40,19.67,3,0
CUST_7471,56,0,Female,Urban,Prepaid,54.67,0,2022-04-01,20,418.66,9.20,29.58,13,0
CUST_7472,47,0,Female,Suburban,Prepaid,65.70,0,2018-02-25,70,528.16,10.54,30.92,7,0
CUST_7473,25,0,Male,Rural,Monthly,35.66,0,2023-04-07,8,351.94,9.41,31.08,5,0
CUST_7474,68,0,Male,Rural,Prepaid,58.56,0,2020-03-21,45,590.35,9.61,21.42,8,0
CUST_7475,43,1,Male,Rural,Prepaid,43.42,0,2020-07-05,41,574.76,9.47,27.75,7,0
CUST_7476,65,0,Female,Rural,Yearly,37.19,0,2018-07-17,65,484.77,10.09,23.92,7,0
CUST_7477,49,0,Female,Urban,Prepaid,25.33,0,2022-12-12,12,588.39,10.41,26.42,5,1
CUST_7478,39,0,Male,Suburban,Monthly,44.30,0,2019-03-29,57,386.02,9.62,24.67,11,0
CUST_7479,24,0,Female,Urban,Monthly,30.80,0,2018-06-01,66,450.73,10.24,25.17,12,0
CUST_748,37,0,Male,Rural,Monthly,54.77,0,2021-12-10,24,492.16,9.70,21.08,6,0
CUST_7480,26,0,Male,Rural,Yearly,31.66,0,2021-12-12,24,540.92,8.36,29.75,5,0
CUST_7481,43,1,Male,Suburban,Yearly,42.70,0,2020-03-07,45,595.61,9.07,19.33,4,0
CUST_7482,18,0,Male,Urban,Monthly,46.43,0,2020-06-08,42,476.18,9.46,26.67,6,0
CUST_7483,46,0,Female,Suburban,Yearly,41.77,0,2018-02-28,70,560.77,10.25,29.08,3,0
CUST_7484,25,0,Female,Rural,Monthly,51.04,0,2019-06-08,54,342.13,9.37,24.08,6,0
CUST_7485,43,1,Male,Rural,Monthly,75.28,0,2022-01-09,23,328.05,9.87,25.33,7,0
CUST_7486,52,0,Male,Suburban,Prepaid,39.94,0,2019-04-17,56,504.61,8.67,24.25,11,0
CUST_7487,20,0,Female,Suburban,Monthly,36.60,0,2021-04-16,32,490.96,9.16,22.42,3,0
CUST_7488,62,0,Male,Rural,Monthly,35.96,0,2021-01-28,35,555.31,10.77,20.33,9,0
CUST_7489,57,0,Female,Urban,Monthly,8.20,0,2018-02-16,70,461.75,8.39,16.33,5,0
CUST_749,35,0,Male,Urban,Monthly,28.43,0,2022-10-11,14,682.62,8.92,19.42,3,0
CUST_7490,24,0,Male,Rural,Monthly,40.48,0,2019-08-22,52,536.15,10.26,21.50,6,0
CUST_7491,44,0,Female,Suburban,Prepaid,76.72,0,2021-12-20,24,531.92,11.76,13.75,6,0
CUST_7492,18,0,Male,Urban,Prepaid,51.05,0,2020-08-15,40,527.64,11.14,30.33,3,0
CUST_7493,44,0,Female,Rural,Monthly,43.94,0,2018-03-30,69,509.43,8.80,20.58,8,0
CUST_7494,33,0,Male,Suburban,Prepaid,57.88,0,2020-12-13,36,530.72,8.66,19.42,7,0
CUST_7495,55,0,Female,Suburban,Prepaid,43.55,0,2019-07-21,53,444.18,9.58,30.33,6,0
CUST_7496,43,1,Female,Suburban,Monthly,68.58,0,2021-02-14,34,548.58,9.41,26.58,7,0
CUST_7497,43,1,Female,Urban,Yearly,48.12,0,2020-04-20,44,377.14,9.88,19.58,5,0
CUST_7498,40,0,Female,Urban,Prepaid,70.98,0,2018-03-23,69,370.05,8.42,29.58,4,0
CUST_7499,43,1,Male,Urban,Monthly,53.94,0,2023-04-25,8,460.92,9.87,18.08,7,1
CUST_75,43,1,Male,Urban,Monthly,62.01,0,2018-11-19,61,422.73,8.25,25.17,4,0
CUST_750,64,0,Male,Suburban,Prepaid,42.85,0,2022-10-08,14,540.09,10.00,16.42,7,0
CUST_7500,43,1,Female,Urban,Prepaid,57.94,0,2018-02-17,70,378.15,9.85,24.58,6,0
CUST_7501,59,0,Female,Suburban,Prepaid,47.72,0,2020-01-15,47,394.73,9.15,33.75,9,0
CUST_7502,50,0,Male,Suburban,Prepaid,64.54,0,2021-08-25,28,479.10,10.39,32.92,6,0
CUST_7503,43,1,Female,Urban,Monthly,75.45,0,2019-03-02,57,641.81,9.48,20.08,5,0
CUST_7504,53,0,Male,Urban,Monthly,58.05,0,2018-11-15,61,654.86,10.02,30.00,7,0
CUST_7505,43,1,Female,Suburban,Prepaid,47.28,0,2019-07-08,53,502.19,9.18,20.67,5,0
CUST_7506,58,0,Female,Rural,Monthly,64.62,0,2020-06-27,42,606.33,9.77,20.92,6,0
CUST_7507,34,0,Female,Rural,Monthly,42.94,0,2020-11-25,37,440.67,11.01,31.92,4,0
CUST_7508,52,0,Female,Suburban,Prepaid,71.25,0,2022-03-25,21,551.24,9.82,25.00,4,0
CUST_7509,65,0,Female,Urban,Monthly,42.39,0,2020-07-28,41,577.22,10.83,29.42,6,0
CUST_751,58,0,Female,Suburban,Monthly,55.12,0,2018-06-13,66,628.50,9.66,26.00,4,0
CUST_7510,22,0,Female,Urban,Prepaid,48.91,0,2018-08-06,64,428.44,10.20,23.75,5,0
CUST_7511,65,0,Male,Suburban,Prepaid,63.05,0,2018-03-11,69,506.43,10.12,27.00,8,0
CUST_7512,49,0,Male,Rural,Monthly,19.34,0,2019-08-12,52,640.17,11.72,19.92,6,0
CUST_7513,43,1,Female,Suburban,Monthly,54.72,0,2019-09-29,51,387.50,10.80,26.17,1,0
CUST_7514,69,0,Female,Suburban,Yearly,52.39,0,2018-01-21,71,435.38,10.69,24.92,7,0
CUST_7515,64,0,Male,Suburban,Prepaid,43.02,0,2019-02-21,58,482.51,10.24,27.42,9,1
CUST_7516,52,0,Male,Urban,Prepaid,45.14,0,2023-02-25,10,387.09,9.15,29.08,7,1
CUST_7517,43,1,Female,Urban,Yearly,37.32,0,2018-07-06,65,682.60,9.97,24.50,2,0
CUST_7518,31,0,Female,Urban,Prepaid,35.57,0,2020-04-29,44,416.14,7.06,29.67,8,0
CUST_7519,43,1,Female,Rural,Monthly,43.78,0,2020-10-24,38,498.87,10.15,18.33,4,0
CUST_752,43,1,Male,Urban,Monthly,42.02,0,2019-09-17,51,408.99,9.22,22.50,8,0
CUST_7520,48,0,Female,Suburban,Yearly,35.06,0,2022-06-13,18,262.45,8.06,23.67,6,0
CUST_7521,48,0,Female,Suburban,Monthly,57.65,0,2019-03-11,57,524.93,10.71,28.25,9,0
CUST_7522,43,1,Female,Rural,Prepaid,39.21,0,2020-01-14,47,539.70,11.59,32.08,6,1
CUST_7523,43,1,Male,Urban,Yearly,61.98,0,2021-08-27,28,698.18,9.33,26.42,8,0
CUST_7524,69,0,Female,Suburban,Monthly,35.80,0,2021-04-20,32,476.79,8.55,26.33,12,0
CUST_7525,40,0,Female,Rural,Monthly,30.68,0,2020-05-29,43,294.45,9.55,23.33,7,0
CUST_7526,35,0,Male,Urban,Monthly,46.71,0,2019-09-17,51,407.58,9.57,15.17,6,0
CUST_7527,67,0,Male,Urban,Prepaid,32.64,0,2019-05-08,55,458.08,10.62,27.17,4,0
CUST_7528,43,1,Male,Suburban,Prepaid,47.94,0,2018-09-04,63,705.91,8.09,27.25,8,1
CUST_7529,43,1,Male,Urban,Yearly,38.17,0,2021-08-08,28,372.73,9.93,24.50,5,0
CUST_753,43,1,Male,Urban,Prepaid,74.50,0,2021-05-07,31,430.30,9.19,23.42,4,0
CUST_7530,32,0,Female,Rural,Prepaid,31.08,0,2023-06-02,6,568.18,9.10,28.75,7,0
CUST_7531,32,0,Male,Urban,Monthly,31.28,0,2022-10-11,14,466.84,9.96,20.83,5,0
CUST_7532,23,0,Male,Suburban,Monthly,67.61,0,2022-05-17,19,340.40,10.82,27.17,5,0
CUST_7533,44,0,Female,Rural,Prepaid,60.52,0,2018-10-07,62,447.99,8.51,31.17,4,0
CUST_7534,32,0,Male,Urban,Monthly,30.34,0,2018-05-16,67,455.68,8.92,25.33,6,0
CUST_7535,43,1,Male,Urban,Yearly,38.11,0,2021-08-22,28,600.75,10.07,28.75,6,0
CUST_7536,53,0,Female,Urban,Prepaid,72.29,0,2018-02-11,70,365.35,9.86,21.67,9,0
CUST_7537,25,0,Female,Rural,Monthly,49.56,0,2019-11-23,49,461.51,10.35,26.08,7,0
CUST_7538,43,1,Female,Urban,Monthly,44.85,0,2018-09-19,63,562.95,9.14,26.50,8,0
CUST_7539,20,0,Female,Suburban,Monthly,51.61,0,2019-05-11,55,518.61,9.87,24.17,6,1
CUST_754,43,1,Female,Rural,Prepaid,44.78,0,2019-01-01,59,478.55,9.44,18.92,8,0
CUST_7540,64,0,Female,Rural,Prepaid,53.95,0,2018-04-06,68,454.37,10.13,22.08,10,0
CUST_7541,30,0,Female,Rural,Monthly,49.84,0,2020-05-03,43,464.05,10.00,19.08,6,0
CUST_7542,58,0,Female,Urban,Yearly,37.96,0,2020-09-24,39,641.64,9.87,30.25,1,1
CUST_7543,51,0,Male,Rural,Prepaid,20.17,0,2021-01-05,35,372.08,9.26,27.92,6,0
CUST_7544,41,0,Male,Suburban,Monthly,49.70,0,2023-02-26,10,576.38,10.25,31.75,2,0
CUST_7545,57,0,Female,Rural,Yearly,22.26,0,2021-06-28,30,357.58,8.57,23.33,6,0
CUST_7546,49,0,Male,Suburban,Monthly,42.67,0,2018-05-31,67,596.96,9.01,19.75,10,0
CUST_7547,43,1,Female,Urban,Monthly,40.17,0,2018-03-20,69,597.30,10.25,27.33,6,0
CUST_7548,47,0,Male,Rural,Yearly,39.13,0,2019-11-23,49,456.62,9.64,28.75,11,0
CUST_7549,69,0,Female,Suburban,Prepaid,56.37,0,2018-09-29,63,459.22,10.14,29.17,9,0
CUST_755,48,0,Male,Suburban,Monthly,62.01,0,2021-11-02,25,468.32,8.15,23.00,5,0
CUST_7550,66,0,Male,Urban,Monthly,46.80,0,2019-05-09,55,419.31,10.25,27.58,3,0
CUST_7551,30,0,Female,Suburban,Monthly,57.10,0,2018-07-09,65,616.69,9.32,24.83,3,0
CUST_7552,18,0,Male,Rural,Prepaid,23.05,0,2019-06-14,54,533.58,9.19,21.75,6,0
CUST_7553,43,1,Female,Rural,Monthly,61.35,0,2022-10-30,14,561.54,10.54,21.92,7,0
CUST_7554,43,1,Male,Suburban,Prepaid,63.80,0,2020-06-17,42,457.77,9.94,25.00,3,0
CUST_7555,61,0,Male,Urban,Prepaid,49.25,0,2022-09-30,15,351.01,10.47,22.75,7,0
CUST_7556,43,1,Female,Urban,Prepaid,79.04,0,2021-01-03,35,380.30,10.21,23.25,3,0
CUST_7557,46,0,Male,Urban,Prepaid,60.13,0,2021-12-31,24,435.53,10.09,25.33,2,0
CUST_7558,51,0,Male,Urban,Prepaid,49.49,0,2020-03-10,45,451.24,9.93,28.33,3,0
CUST_7559,35,0,Male,Suburban,Yearly,71.48,0,2021-07-07,29,344.29,10.66,25.92,6,0
CUST_756,18,0,Female,Suburban,Monthly,46.03,0,2020-06-27,42,486.45,9.48,19.67,9,0
CUST_7560,24,0,Male,Rural,Prepaid,51.26,0,2018-02-28,70,428.38,10.61,21.00,7,0
CUST_7561,46,0,Male,Suburban,Monthly,36.15,0,2021-06-14,30,386.01,10.15,31.08,5,0
CUST_7562,48,0,Female,Rural,Monthly,62.17,0,2019-01-20,59,670.89,11.10,28.58,6,0
CUST_7563,43,1,Female,Rural,Prepaid,72.70,0,2020-12-28,36,608.46,8.89,26.50,3,0
CUST_7564,55,0,Male,Suburban,Yearly,26.99,0,2018-10-16,62,597.55,10.49,25.58,4,0
CUST_7565,31,0,Female,Suburban,Yearly,43.05,0,2020-02-26,46,454.47,9.11,25.83,5,0
CUST_7566,25,0,Male,Urban,Prepaid,42.36,0,2023-06-06,6,527.05,11.59,22.58,7,0
CUST_7567,44,0,Female,Rural,Yearly,30.87,0,2018-03-28,69,469.21,9.50,30.17,5,0
CUST_7568,19,0,Male,Urban,Monthly,45.77,0,2019-05-05,55,664.52,9.41,19.42,2,1
CUST_7569,34,0,Male,Urban,Prepaid,38.26,0,2022-07-13,17,428.60,11.29,23.42,3,0
CUST_757,20,0,Female,Urban,Monthly,51.98,0,2018-03-12,69,579.48,9.69,21.92,5,0
CUST_7570,54,0,Male,Suburban,Monthly,56.31,0,2020-01-21,47,428.17,9.45,23.83,4,0
CUST_7571,31,0,Male,Urban,Monthly,57.41,0,2022-11-22,13,508.68,10.34,29.00,9,0
CUST_7572,43,1,Female,Urban,Monthly,52.08,0,2021-11-06,25,439.60,8.65,25.42,6,0
CUST_7573,47,0,Female,Urban,Monthly,53.17,0,2019-08-16,52,341.75,7.79,22.25,10,0
CUST_7574,46,0,Female,Suburban,Prepaid,72.57,0,2018-11-20,61,328.17,10.51,22.17,5,0
CUST_7575,37,0,Male,Urban,Yearly,80.23,0,2022-05-08,19,472.34,10.08,30.92,5,0
CUST_7576,43,1,Female,Urban,Yearly,59.13,0,2020-05-12,43,372.72,8.49,25.92,5,0
CUST_7577,39,0,Female,Suburban,Monthly,42.41,0,2019-12-31,48,499.49,11.10,27.75,4,0
CUST_7578,43,1,Male,Suburban,Prepaid,54.19,0,2018-01-11,71,487.16,10.07,28.42,8,1
CUST_7579,54,0,Male,Suburban,Monthly,50.46,0,2020-01-24,47,615.04,10.81,30.75,7,0
CUST_758,33,0,Female,Urban,Monthly,44.52,0,2020-04-17,44,576.20,9.99,21.00,9,0
CUST_7580,33,0,Male,Rural,Monthly,60.24,0,2019-06-04,54,394.14,9.40,28.67,4,0
CUST_7581,67,0,Female,Suburban,Yearly,36.73,0,2022-10-12,14,460.84,10.19,27.42,9,0
CUST_7582,43,1,Female,Rural,Yearly,61.18,0,2023-03-16,9,587.58,11.35,17.75,9,0
CUST_7583,43,1,Male,Suburban,Yearly,51.23,0,2019-08-11,52,511.94,10.74,29.42,9,0
CUST_7584,43,1,Female,Suburban,Monthly,48.73,0,2020-08-05,40,591.08,10.61,22.08,7,0
CUST_7585,43,1,Male,Suburban,Yearly,49.33,0,2019-04-30,56,462.38,11.02,21.75,7,0
CUST_7586,43,1,Female,Rural,Prepaid,70.22,0,2023-02-13,10,580.15,8.89,21.00,12,0
CUST_7587,43,1,Male,Urban,Prepaid,91.03,0,2022-08-06,16,421.36,10.61,25.58,6,0
CUST_7588,38,0,Female,Suburban,Prepaid,51.77,0,2018-09-06,63,393.51,8.62,21.67,9,0
CUST_7589,56,0,Female,Rural,Yearly,39.03,0,2018-05-30,67,515.93,10.24,18.92,6,0
CUST_759,43,1,Male,Urban,Prepaid,52.66,0,2019-06-05,54,499.34,10.65,28.25,8,0
CUST_7590,51,0,Female,Suburban,Yearly,49.83,0,2020-08-01,40,459.12,10.81,30.25,11,0
CUST_7591,47,0,Male,Urban,Prepaid,54.63,0,2019-07-06,53,583.34,10.35,32.75,8,1
CUST_7592,23,0,Male,Rural,Prepaid,52.42,0,2019-01-02,59,648.22,8.84,20.50,7,0
CUST_7593,34,0,Male,Suburban,Yearly,52.55,0,2022-10-27,14,348.96,10.55,31.42,6,0
CUST_7594,43,1,Female,Suburban,Monthly,47.35,0,2018-09-21,63,568.63,9.64,35.75,5,0
CUST_7595,42,0,Male,Suburban,Monthly,70.22,0,2020-06-12,42,460.23,9.37,24.42,5,0
CUST_7596,22,0,Female,Urban,Monthly,45.95,0,2019-07-04,53,531.24,9.07,21.17,11,0
CUST_7597,43,1,Male,Rural,Monthly,62.07,0,2018-11-12,61,446.26,9.08,20.42,6,1
CUST_7598,37,0,Male,Suburban,Yearly,27.35,0,2020-04-02,44,598.68,9.44,29.75,10,0
CUST_7599,33,0,Female,Suburban,Prepaid,41.50,0,2020-11-03,37,553.98,9.13,24.08,3,0
CUST_76,43,1,Male,Urban,Prepaid,76.84,0,2023-04-26,8,505.71,9.92,25.67,3,0
CUST_760,28,0,Male,Suburban,Prepaid,75.90,0,2019-08-31,52,374.94,8.94,26.33,4,1
CUST_7600,68,0,Female,Rural,Prepaid,54.40,0,2019-06-29,54,618.45,9.31,20.50,2,0
CUST_7601,58,0,Male,Urban,Prepaid,49.53,0,2020-07-27,41,498.78,9.17,24.92,8,0
CUST_7602,43,1,Male,Urban,Prepaid,68.25,0,2019-10-08,50,792.56,8.08,22.33,7,1
CUST_7603,43,1,Female,Urban,Monthly,54.04,0,2020-12-08,36,320.24,9.48,22.25,6,0
CUST_7604,26,0,Female,Urban,Yearly,69.87,0,2022-12-06,12,513.38,9.42,20.75,6,0
CUST_7605,43,1,Male,Urban,Monthly,57.30,0,2018-05-24,67,550.97,10.11,25.50,7,0
CUST_7606,59,0,Female,Suburban,Yearly,37.75,0,2022-04-09,20,497.49,8.90,31.42,7,0
CUST_7607,43,1,Male,Suburban,Yearly,47.11,0,2021-03-17,33,420.86,9.86,22.17,7,0
CUST_7608,26,0,Male,Suburban,Monthly,48.05,0,2020-01-04,47,560.45,10.37,26.58,6,0
CUST_7609,43,1,Male,Rural,Monthly,69.16,0,2021-02-22,34,498.08,10.43,34.42,4,0
CUST_761,29,0,Female,Urban,Monthly,73.15,0,2020-12-18,36,365.21,8.93,19.17,5,0
CUST_7610,53,0,Female,Urban,Monthly,46.29,0,2022-06-14,18,422.98,9.86,30.42,5,0
CUST_7611,43,1,Male,Rural,Prepaid,47.95,0,2019-10-29,50,631.71,9.92,16.08,3,0
CUST_7612,39,0,Male,Urban,Monthly,44.01,0,2020-08-26,40,559.87,9.98,18.42,10,0
CUST_7613,43,1,Female,Urban,Monthly,51.83,0,2019-09-04,51,383.36,11.29,20.42,7,0
CUST_7614,51,0,Female,Rural,Monthly,59.78,0,2023-06-05,6,716.27,9.65,28.67,9,0
CUST_7615,46,0,Female,Suburban,Monthly,60.52,0,2019-06-21,54,468.47,11.04,21.25,4,1
CUST_7616,55,0,Male,Rural,Prepaid,45.30,0,2021-11-12,25,606.60,9.65,25.83,4,0
CUST_7617,63,0,Female,Suburban,Monthly,19.98,0,2019-10-21,50,205.17,11.20,23.75,6,0
CUST_7618,50,0,Female,Urban,Prepaid,54.14,0,2020-08-07,40,541.17,9.92,19.58,0,0
CUST_7619,43,1,Male,Suburban,Prepaid,51.52,0,2019-06-03,54,726.85,11.81,26.00,4,0
CUST_762,43,1,Female,Rural,Monthly,42.69,0,2018-03-09,69,554.44,9.76,29.25,6,1
CUST_7620,24,0,Male,Urban,Monthly,52.29,0,2019-09-15,51,489.01,9.17,27.67,10,0
CUST_7621,43,1,Male,Urban,Prepaid,50.09,0,2022-08-08,16,729.15,9.93,28.92,7,0
CUST_7622,50,0,Male,Suburban,Yearly,54.58,0,2018-05-31,67,481.88,8.97,26.58,8,0
CUST_7623,18,0,Female,Urban,Prepaid,19.76,0,2018-05-26,67,438.03,10.39,31.92,5,0
CUST_7624,43,1,Male,Suburban,Monthly,52.19,0,2019-09-27,51,563.17,10.45,25.58,4,0
CUST_7625,43,1,Female,Rural,Monthly,35.09,0,2018-06-10,66,531.32,9.15,19.83,8,0
CUST_7626,43,1,Male,Urban,Prepaid,67.77,0,2018-12-16,60,525.01,10.40,22.42,8,0
CUST_7627,35,0,Male,Urban,Monthly,51.85,0,2019-03-22,57,467.17,7.27,24.00,4,0
CUST_7628,44,0,Female,Rural,Monthly,39.14,0,2019-12-13,48,348.32,10.03,16.50,6,0
CUST_7629,43,1,Female,Urban,Prepaid,32.27,0,2021-12-25,24,509.04,11.38,26.25,8,0
CUST_763,49,0,Female,Rural,Prepaid,46.56,0,2019-03-02,57,655.95,9.70,17.75,4,0
CUST_7630,49,0,Female,Rural,Prepaid,37.16,0,2022-10-10,14,516.52,9.62,22.75,7,0
CUST_7631,50,0,Male,Rural,Monthly,40.36,0,2023-04-20,8,505.62,9.31,29.50,7,0
CUST_7632,45,0,Male,Urban,Prepaid,50.60,0,2022-09-08,15,617.27,9.35,27.75,8,0
CUST_7633,43,1,Female,Rural,Monthly,32.10,0,2019-08-14,52,514.27,8.74,21.50,8,0
CUST_7634,43,1,Female,Rural,Yearly,53.63,0,2022-08-08,16,439.21,10.11,25.17,8,0
CUST_7635,53,0,Male,Rural,Prepaid,65.04,0,2019-10-16,50,386.61,9.04,21.92,9,0
CUST_7636,23,0,Female,Urban,Monthly,66.55,0,2021-02-27,34,477.30,9.38,20.42,5,0
CUST_7637,33,0,Female,Rural,Monthly,44.24,0,2020-05-21,43,566.74,9.98,23.83,2,0
CUST_7638,51,0,Male,Suburban,Monthly,49.58,0,2019-11-06,49,378.29,11.20,26.58,7,0
CUST_7639,40,0,Female,Suburban,Prepaid,40.07,0,2021-06-27,30,588.35,11.42,23.75,5,0
CUST_764,43,1,Female,Urban,Yearly,50.76,0,2023-04-03,8,385.39,10.61,21.75,4,0
CUST_7640,67,0,Male,Rural,Monthly,31.90,0,2019-12-26,48,483.15,10.01,26.67,5,0
CUST_7641,59,0,Male,Suburban,Prepaid,41.92,0,2023-06-07,6,437.34,9.06,27.92,5,0
CUST_7642,43,1,Male,Urban,Prepaid,22.92,0,2018-10-25,62,408.52,10.18,22.67,3,0
CUST_7643,66,0,Female,Rural,Monthly,20.37,0,2021-10-24,26,611.81,10.05,20.58,5,0
CUST_7644,30,0,Female,Urban,Prepaid,54.54,0,2023-06-02,6,495.44,8.69,22.75,6,0
CUST_7645,35,0,Female,Suburban,Prepaid,53.79,0,2020-03-17,45,527.06,8.53,22.42,3,0
CUST_7646,30,0,Female,Suburban,Prepaid,68.30,0,2022-11-27,13,482.14,9.82,22.83,3,0
CUST_7647,43,1,Male,Suburban,Prepaid,71.53,0,2022-02-26,22,506.49,10.56,28.17,4,0
CUST_7648,54,0,Male,Suburban,Prepaid,52.73,0,2022-12-01,12,640.66,9.88,18.58,5,0
CUST_7649,43,1,Female,Urban,Prepaid,35.85,0,2019-02-09,58,319.26,10.70,24.08,7,0
CUST_765,43,1,Female,Rural,Monthly,59.63,0,2023-05-02,7,400.17,9.80,21.17,8,0
CUST_7650,43,1,Female,Rural,Prepaid,35.80,0,2018-07-20,65,423.70,7.92,21.58,6,0
CUST_7651,43,1,Female,Urban,Monthly,34.40,0,2023-04-22,8,651.72,9.85,28.00,3,0
CUST_7652,34,0,Female,Rural,Prepaid,53.78,0,2018-10-29,62,529.74,8.93,19.08,6,0
CUST_7653,32,0,Male,Suburban,Monthly,38.73,0,2019-04-07,56,549.81,10.20,30.58,5,0
CUST_7654,43,1,Female,Suburban,Prepaid,28.92,0,2020-11-25,37,332.41,9.55,26.33,3,1
CUST_7655,43,1,Male,Suburban,Monthly,56.31,0,2019-07-19,53,439.41,10.09,29.92,4,0
CUST_7656,68,0,Female,Suburban,Prepaid,62.90,0,2018-04-28,68,541.39,10.34,24.75,11,1
CUST_7657,47,0,Female,Urban,Yearly,38.80,0,2018-04-05,68,400.08,10.61,25.42,3,0
CUST_7658,51,0,Female,Rural,Monthly,49.48,0,2020-07-01,41,508.34,9.05,23.92,4,0
CUST_7659,21,0,Male,Rural,Prepaid,71.92,0,2022-12-06,12,566.30,9.23,19.67,5,0
CUST_766,55,0,Female,Rural,Prepaid,77.82,0,2022-08-02,16,594.96,11.10,22.67,7,1
CUST_7660,20,0,Female,Suburban,Prepaid,64.00,0,2023-01-27,11,687.95,10.35,22.83,10,0
CUST_7661,43,1,Male,Urban,Monthly,36.16,0,2020-11-02,37,521.07,9.36,24.92,9,0
CUST_7662,43,1,Male,Suburban,Yearly,73.31,0,2018-12-13,60,469.92,9.84,23.33,6,0
CUST_7663,43,1,Female,Rural,Monthly,60.78,0,2022-11-15,13,360.35,9.32,28.17,4,0
CUST_7664,43,1,Male,Rural,Monthly,74.38,0,2023-03-20,9,693.61,9.44,22.25,5,1
CUST_7665,43,1,Male,Urban,Prepaid,47.30,0,2020-02-20,46,488.93,10.56,16.92,7,0
CUST_7666,43,1,Male,Rural,Prepaid,37.18,0,2019-05-15,55,378.66,10.16,22.42,7,0
CUST_7667,39,0,Female,Urban,Prepaid,49.41,0,2019-06-08,54,496.10,10.52,24.25,5,0
CUST_7668,18,0,Male,Suburban,Prepaid,28.84,0,2018-06-08,66,340.46,8.43,21.83,10,1
CUST_7669,43,1,Male,Suburban,Prepaid,62.42,0,2018-12-31,60,481.74,11.64,29.42,8,0
CUST_767,29,0,Male,Rural,Monthly,69.29,0,2021-10-10,26,374.28,9.67,23.67,4,0
CUST_7670,63,0,Female,Urban,Prepaid,41.71,0,2020-03-16,45,518.03,8.28,27.33,7,0
CUST_7671,66,0,Female,Suburban,Monthly,55.86,0,2022-01-04,23,405.56,9.71,22.17,5,0
CUST_7672,69,0,Male,Urban,Monthly,82.45,0,2021-02-11,34,643.18,9.34,26.50,3,0
CUST_7673,43,1,Male,Suburban,Prepaid,42.68,0,2020-08-27,40,416.15,9.50,18.33,8,0
CUST_7674,60,0,Male,Suburban,Yearly,50.00,0,2022-08-27,16,281.90,10.38,25.08,6,0
CUST_7675,46,0,Male,Rural,Prepaid,42.99,0,2021-07-28,29,479.29,8.58,20.00,8,0
CUST_7676,38,0,Female,Rural,Prepaid,47.82,0,2023-01-13,11,567.32,10.66,20.25,5,0
CUST_7677,43,1,Female,Urban,Monthly,46.48,0,2021-12-12,24,362.69,10.59,26.33,5,0
CUST_7678,31,0,Male,Suburban,Monthly,65.00,0,2019-04-04,56,227.31,8.46,22.50,6,0
CUST_7679,43,1,Female,Suburban,Yearly,63.33,0,2019-07-11,53,604.80,9.93,18.08,7,0
CUST_768,43,1,Female,Rural,Prepaid,46.00,0,2021-03-31,33,505.63,9.56,24.83,2,0
CUST_7680,43,1,Male,Suburban,Prepaid,46.59,0,2021-12-26,24,580.50,10.98,29.50,3,0
CUST_7681,29,0,Female,Rural,Prepaid,51.80,0,2020-01-19,47,606.86,9.63,23.58,10,0
CUST_7682,59,0,Female,Urban,Monthly,44.98,0,2023-02-03,10,386.42,10.26,22.33,8,0
CUST_7683,43,1,Male,Urban,Prepaid,71.23,0,2021-03-20,33,405.24,9.43,27.92,7,0
CUST_7684,68,0,Male,Urban,Prepaid,11.70,0,2023-05-19,7,589.03,9.49,24.83,1,0
CUST_7685,43,1,Male,Suburban,Monthly,38.23,0,2018-10-06,62,312.90,9.60,18.92,9,0
CUST_7686,37,0,Male,Urban,Prepaid,56.39,0,2018-10-20,62,445.96,10.21,25.33,6,0
CUST_7687,41,0,Female,Rural,Prepaid,62.67,0,2021-02-04,34,363.97,10.90,19.25,3,0
CUST_7688,44,0,Female,Rural,Prepaid,69.04,0,2022-08-27,16,408.85,9.28,27.58,11,0
CUST_7689,43,1,Male,Urban,Prepaid,50.00,0,2021-01-17,35,476.29,11.21,27.08,6,0
CUST_769,45,0,Female,Rural,Monthly,56.05,0,2021-03-17,33,529.06,9.97,28.00,14,0
CUST_7690,43,1,Female,Suburban,Prepaid,41.15,0,2022-11-19,13,413.36,10.71,25.50,6,1
CUST_7691,18,0,Female,Rural,Monthly,49.59,0,2021-07-23,29,566.02,9.40,32.75,3,0
CUST_7692,66,0,Male,Rural,Prepaid,64.53,0,2018-07-16,65,384.17,10.63,21.00,7,0
CUST_7693,66,0,Male,Suburban,Yearly,40.78,0,2022-08-01,16,378.04,9.06,21.83,10,0
CUST_7694,43,1,Female,Suburban,Prepaid,49.08,0,2022-12-04,12,427.23,9.76,28.17,10,1
CUST_7695,64,0,Male,Urban,Yearly,45.50,0,2021-06-28,30,465.97,10.13,24.92,5,0
CUST_7696,43,1,Male,Rural,Monthly,68.70,0,2018-09-14,63,301.76,10.14,28.42,5,0
CUST_7697,36,0,Female,Rural,Prepaid,32.57,0,2022-06-04,18,535.08,8.52,19.33,12,0
CUST_7698,43,1,Female,Urban,Prepaid,12.14,0,2020-01-26,47,572.33,9.57,24.83,4,0
CUST_7699,52,0,Male,Urban,Prepaid,48.15,0,2019-01-17,59,632.29,10.97,29.08,7,0
CUST_77,43,1,Female,Rural,Yearly,53.40,0,2019-03-21,57,418.56,10.15,26.08,6,0
CUST_770,25,0,Female,Suburban,Monthly,53.39,0,2019-10-18,50,468.82,10.45,22.25,6,0
CUST_7700,43,1,Female,Rural,Monthly,59.30,0,2020-10-08,38,489.27,10.16,21.00,2,0
CUST_7701,46,0,Male,Rural,Prepaid,42.34,0,2019-07-05,53,378.60,9.77,28.83,6,0
CUST_7702,39,0,Male,Suburban,Monthly,22.46,0,2019-03-07,57,502.94,10.52,27.42,4,0
CUST_7703,43,1,Female,Suburban,Monthly,59.74,0,2018-03-25,69,540.32,10.12,31.33,6,0
CUST_7704,37,0,Female,Rural,Monthly,43.33,0,2020-09-19,39,463.04,9.11,20.17,9,0
CUST_7705,43,1,Male,Rural,Monthly,53.38,0,2018-12-04,60,559.48,11.46,24.67,4,0
CUST_7706,68,0,Male,Suburban,Prepaid,45.58,0,2020-10-27,38,515.03,7.95,20.08,3,0
CUST_7707,43,1,Male,Urban,Yearly,16.84,0,2020-08-09,40,569.05,8.62,25.58,5,0
CUST_7708,43,1,Female,Urban,Monthly,54.87,0,2020-06-19,42,562.29,9.41,24.67,6,0
CUST_7709,51,0,Male,Rural,Yearly,58.54,0,2019-08-01,52,516.60,10.22,21.25,4,0
CUST_771,45,0,Male,Urban,Prepaid,40.91,0,2018-07-11,65,711.21,10.23,26.00,5,0
CUST_7710,18,0,Female,Rural,Prepaid,47.08,0,2021-12-26,24,408.74,8.06,25.42,9,0
CUST_7711,43,1,Male,Suburban,Yearly,33.09,0,2018-06-28,66,533.99,9.11,20.75,8,0
CUST_7712,47,0,Female,Rural,Yearly,77.59,0,2022-03-22,21,615.10,9.10,26.67,7,0
CUST_7713,43,1,Male,Urban,Monthly,55.86,0,2019-05-10,55,532.44,9.35,28.83,5,0
CUST_7714,43,1,Female,Suburban,Monthly,29.50,0,2022-01-27,23,340.78,9.54,20.92,4,0
CUST_7715,34,0,Male,Suburban,Yearly,84.50,0,2023-01-02,11,698.21,9.61,23.75,4,0
CUST_7716,55,0,Male,Urban,Yearly,40.82,0,2022-04-07,20,492.65,9.28,28.50,6,0
CUST_7717,31,0,Male,Urban,Monthly,69.98,0,2020-08-30,40,523.04,9.13,22.17,6,0
CUST_7718,40,0,Male,Suburban,Prepaid,59.83,0,2022-02-03,22,515.05,9.08,24.17,6,0
CUST_7719,42,0,Female,Rural,Yearly,55.33,0,2022-11-20,13,666.16,10.37,15.33,13,0
CUST_772,53,0,Male,Rural,Yearly,65.20,0,2021-07-13,29,518.62,10.33,21.42,8,0
CUST_7720,43,1,Female,Urban,Prepaid,70.86,0,2019-03-20,57,585.25,10.36,21.67,5,0
CUST_7721,43,1,Female,Suburban,Prepaid,22.65,0,2022-11-12,13,637.08,9.07,22.92,8,0
CUST_7722,43,1,Female,Rural,Yearly,58.59,0,2018-07-15,65,408.73,9.72,30.75,2,0
CUST_7723,20,0,Female,Rural,Yearly,44.93,0,2021-08-15,28,401.13,10.42,22.58,9,0
CUST_7724,43,1,Male,Suburban,Yearly,86.10,0,2023-03-01,9,273.52,9.46,21.25,4,0
CUST_7725,43,1,Female,Urban,Monthly,21.06,0,2022-06-09,18,686.38,10.38,15.08,6,0
CUST_7726,51,0,Female,Rural,Monthly,54.68,0,2022-02-16,22,426.23,10.16,26.17,8,0
CUST_7727,43,1,Female,Urban,Yearly,55.74,0,2020-01-09,47,596.62,8.72,26.50,2,0
CUST_7728,67,0,Female,Suburban,Prepaid,41.01,0,2021-07-14,29,527.79,9.43,30.08,7,0
CUST_7729,18,0,Male,Urban,Monthly,46.11,0,2022-04-13,20,634.75,7.92,22.33,10,0
CUST_773,43,0,Male,Urban,Monthly,12.29,0,2023-04-05,8,478.65,9.41,22.17,7,0
CUST_7730,43,1,Male,Rural,Monthly,43.06,0,2022-12-24,12,436.81,10.64,25.42,9,0
CUST_7731,38,0,Male,Suburban,Prepaid,35.42,0,2021-10-10,26,361.82,10.79,21.00,7,0
CUST_7732,46,0,Male,Rural,Prepaid,36.03,0,2022-05-28,19,662.92,10.11,25.83,5,0
CUST_7733,23,0,Female,Rural,Prepaid,47.59,0,2022-03-21,21,291.06,8.66,23.67,10,0
CUST_7734,54,0,Female,Suburban,Monthly,60.13,0,2020-04-27,44,519.45,10.02,25.08,12,0
CUST_7735,18,0,Male,Suburban,Prepaid,40.17,0,2020-10-28,38,477.85,10.28,24.08,8,0
CUST_7736,68,0,Male,Urban,Monthly,14.92,0,2022-11-23,13,589.17,9.02,27.58,5,0
CUST_7737,18,0,Female,Suburban,Monthly,48.59,0,2020-05-28,43,511.24,8.90,27.00,7,0
CUST_7738,43,1,Female,Urban,Monthly,54.26,0,2021-04-14,32,504.65,8.85,15.00,7,0
CUST_7739,38,0,Male,Suburban,Prepaid,46.34,0,2019-08-01,52,553.19,10.63,29.42,6,1
CUST_774,25,0,Male,Rural,Prepaid,65.09,0,2020-12-14,36,446.16,8.13,19.50,3,0
CUST_7740,33,0,Male,Rural,Monthly,50.64,0,2019-06-21,54,358.51,8.89,24.42,2,0
CUST_7741,61,0,Male,Urban,Prepaid,63.83,0,2018-10-08,62,619.13,9.76,23.83,7,0
CUST_7742,57,0,Male,Suburban,Prepaid,48.98,0,2021-10-07,26,525.51,10.68,20.00,3,0
CUST_7743,43,0,Female,Urban,Prepaid,62.25,0,2021-09-12,27,456.57,8.21,20.08,6,0
CUST_7744,33,0,Female,Urban,Monthly,54.65,0,2023-05-10,7,615.98,10.37,21.33,5,0
CUST_7745,45,0,Female,Urban,Prepaid,35.90,0,2018-05-15,67,485.48,11.12,28.42,4,0
CUST_7746,18,0,Male,Rural,Prepaid,66.74,0,2019-08-26,52,421.36,10.25,24.92,4,0
CUST_7747,43,1,Female,Suburban,Prepaid,29.78,0,2021-09-26,27,599.66,10.06,31.25,8,0
CUST_7748,27,0,Female,Suburban,Yearly,18.64,0,2021-11-13,25,323.05,8.50,22.08,9,0
CUST_7749,43,1,Male,Urban,Yearly,51.50,0,2018-08-19,64,414.07,11.81,21.17,8,0
CUST_775,67,0,Female,Suburban,Prepaid,56.18,0,2020-12-28,36,390.37,9.05,34.25,6,0
CUST_7750,34,0,Male,Suburban,Prepaid,58.99,0,2021-04-25,32,562.22,10.07,28.33,5,0
CUST_7751,43,1,Male,Rural,Prepaid,57.96,0,2021-02-16,34,513.21,8.44,16.08,6,0
CUST_7752,24,0,Male,Urban,Yearly,31.89,0,2022-08-14,16,479.29,10.35,27.33,7,0
CUST_7753,43,1,Male,Rural,Prepaid,52.19,0,2018-10-12,62,507.83,9.87,21.75,7,0
CUST_7754,43,1,Male,Rural,Prepaid,25.08,0,2021-03-21,33,569.70,8.61,19.50,8,0
CUST_7755,61,0,Female,Suburban,Prepaid,55.24,0,2019-07-11,53,357.11,9.21,20.75,2,0
CUST_7756,32,0,Female,Suburban,Yearly,51.33,0,2022-03-03,21,467.40,8.81,34.17,0,0
CUST_7757,51,0,Female,Urban,Monthly,58.15,0,2021-02-14,34,532.17,9.94,22.42,6,1
CUST_7758,63,0,Female,Rural,Prepaid,61.83,0,2020-03-08,45,586.55,10.10,22.50,5,0
CUST_7759,62,0,Female,Suburban,Prepaid,57.99,0,2022-11-25,13,670.51,9.44,20.08,5,0
CUST_776,45,0,Male,Suburban,Prepaid,22.90,0,2019-03-29,57,583.23,8.63,27.25,7,0
CUST_7760,43,1,Female,Urban,Yearly,30.03,0,2021-03-08,33,267.50,10.44,31.50,10,0
CUST_7761,31,0,Male,Urban,Monthly,42.36,0,2019-01-05,59,395.19,9.23,21.67,8,1
CUST_7762,43,1,Male,Suburban,Monthly,32.91,0,2022-12-16,12,297.00,9.80,20.17,5,0
CUST_7763,33,0,Male,Rural,Prepaid,11.89,0,2021-08-06,28,457.18,9.53,26.75,5,0
CUST_7764,24,0,Female,Urban,Monthly,61.16,0,2018-11-16,61,376.77,11.67,12.00,7,0
CUST_7765,43,1,Female,Suburban,Prepaid,59.55,0,2018-04-24,68,540.74,10.72,27.83,6,0
CUST_7766,36,0,Male,Urban,Monthly,36.11,0,2021-03-25,33,488.78,10.06,20.33,4,0
CUST_7767,19,0,Male,Suburban,Prepaid,38.23,0,2021-05-11,31,256.46,9.73,24.33,4,0
CUST_7768,27,0,Male,Urban,Prepaid,49.51,0,2021-04-19,32,369.37,8.39,26.50,3,0
CUST_7769,43,1,Male,Rural,Monthly,41.75,0,2018-05-25,67,589.23,10.52,23.58,6,0
CUST_777,43,1,Female,Rural,Yearly,34.37,0,2022-10-14,14,430.33,9.77,29.67,6,0
CUST_7770,43,1,Male,Urban,Yearly,66.51,0,2021-03-05,33,284.86,9.40,23.92,6,0
CUST_7771,54,0,Female,Suburban,Prepaid,44.22,0,2019-06-17,54,525.61,9.23,28.75,5,0
CUST_7772,29,0,Female,Suburban,Prepaid,37.35,0,2019-03-21,57,536.81,9.08,31.33,5,0
CUST_7773,23,0,Female,Suburban,Monthly,56.47,0,2023-01-28,11,377.00,7.65,22.58,9,0
CUST_7774,39,0,Male,Rural,Monthly,36.36,0,2018-08-17,64,645.85,11.12,30.75,10,0
CUST_7775,49,0,Female,Suburban,Monthly,60.60,0,2023-01-30,11,411.08,10.05,15.75,8,0
CUST_7776,58,0,Male,Suburban,Monthly,49.12,0,2021-09-19,27,694.09,9.71,21.83,8,0
CUST_7777,37,0,Female,Rural,Prepaid,63.66,0,2020-07-14,41,549.61,11.48,20.17,7,0
CUST_7778,43,1,Male,Suburban,Monthly,64.97,0,2021-08-26,28,702.46,11.12,20.08,7,0
CUST_7779,64,0,Male,Suburban,Prepaid,30.44,0,2020-11-26,37,565.31,9.91,33.00,3,0
CUST_778,54,0,Female,Rural,Prepaid,19.01,0,2020-09-06,39,334.21,8.66,16.50,5,0
CUST_7780,23,0,Female,Rural,Yearly,50.98,0,2018-10-12,62,605.11,10.76,20.83,6,0
CUST_7781,43,1,Female,Urban,Monthly,49.31,0,2020-05-19,43,323.06,9.52,29.83,4,0
CUST_7782,35,0,Female,Suburban,Monthly,48.28,0,2020-08-09,40,333.88,10.47,27.00,9,0
CUST_7783,43,1,Female,Urban,Prepaid,67.39,0,2022-05-23,19,538.71,9.79,20.67,8,0
CUST_7784,43,1,Female,Rural,Prepaid,49.77,0,2020-07-17,41,290.14,9.52,20.58,8,0
CUST_7785,43,1,Male,Suburban,Monthly,29.21,0,2022-03-24,21,410.02,11.40,18.75,8,0
CUST_7786,43,1,Female,Suburban,Prepaid,43.11,0,2020-04-30,44,522.43,8.92,28.50,4,1
CUST_7787,43,1,Female,Rural,Yearly,39.50,0,2021-06-09,30,595.38,11.54,25.92,14,0
CUST_7788,43,0,Male,Suburban,Monthly,43.82,0,2023-05-14,7,616.24,8.64,24.00,7,0
CUST_7789,30,0,Female,Urban,Prepaid,49.78,0,2022-06-01,18,539.58,8.74,14.75,7,0
CUST_779,43,1,Female,Rural,Monthly,75.45,0,2023-01-10,11,424.74,8.87,18.08,11,0
CUST_7790,24,0,Male,Urban,Prepaid,39.53,0,2022-01-01,23,547.97,8.41,25.17,4,0
CUST_7791,32,0,Female,Rural,Monthly,59.18,0,2020-03-30,45,427.66,10.33,28.50,6,0
CUST_7792,61,0,Female,Suburban,Prepaid,72.80,0,2023-03-18,9,546.00,9.63,26.08,5,0
CUST_7793,44,0,Male,Suburban,Monthly,52.65,0,2022-08-20,16,735.65,11.14,33.00,10,0
CUST_7794,43,0,Female,Rural,Monthly,61.82,0,2019-08-07,52,428.19,10.81,28.25,6,0
CUST_7795,50,0,Female,Urban,Prepaid,35.08,0,2022-04-26,20,459.45,10.47,26.75,8,0
CUST_7796,32,0,Female,Urban,Monthly,62.83,0,2021-12-27,24,489.96,11.22,28.50,7,0
CUST_7797,43,1,Female,Rural,Monthly,70.56,0,2021-03-18,33,412.52,10.10,25.33,2,0
CUST_7798,62,0,Male,Suburban,Yearly,68.36,0,2023-04-21,8,551.15,10.00,28.33,5,0
CUST_7799,43,1,Male,Urban,Monthly,41.25,0,2020-11-10,37,468.57,8.98,20.25,5,0
CUST_78,43,1,Male,Rural,Prepaid,70.87,0,2022-05-26,19,653.47,10.87,31.17,7,0
CUST_780,53,0,Female,Suburban,Prepaid,35.13,0,2019-12-16,48,775.66,10.65,15.58,5,0
CUST_7800,22,0,Female,Suburban,Monthly,68.58,0,2018-12-13,60,583.67,10.14,35.42,5,1
CUST_7801,19,0,Female,Urban,Prepaid,76.40,0,2021-06-02,30,566.82,9.71,19.00,7,0
CUST_7802,43,1,Male,Suburban,Prepaid,41.59,0,2019-03-30,57,419.27,10.86,18.83,5,1
CUST_7803,33,0,Male,Urban,Prepaid,60.52,0,2019-12-31,48,364.61,9.54,20.50,6,0
CUST_7804,40,0,Female,Suburban,Monthly,41.37,0,2018-03-14,69,291.03,10.28,21.17,4,0
CUST_7805,43,1,Male,Rural,Prepaid,29.66,0,2022-06-30,18,482.91,10.83,24.00,6,0
CUST_7806,43,1,Male,Urban,Monthly,46.79,0,2022-06-23,18,511.79,10.49,26.25,6,0
CUST_7807,31,0,Male,Rural,Prepaid,41.57,0,2021-08-11,28,608.69,10.53,25.83,7,0
CUST_7808,46,0,Male,Urban,Monthly,47.96,0,2023-06-22,6,421.03,8.05,19.83,10,0
CUST_7809,43,0,Female,Urban,Monthly,11.25,0,2022-12-23,12,423.45,8.88,27.08,5,0
CUST_781,44,0,Female,Suburban,Prepaid,63.65,0,2021-08-24,28,412.31,9.04,18.92,4,0
CUST_7810,52,0,Male,Urban,Monthly,55.76,0,2020-06-24,42,430.15,8.79,27.17,6,0
CUST_7811,32,0,Female,Suburban,Yearly,46.52,0,2022-07-01,17,468.63,11.23,27.58,5,0
CUST_7812,20,0,Female,Urban,Monthly,61.26,0,2018-12-25,60,637.02,7.99,18.42,7,0
CUST_7813,40,0,Male,Rural,Prepaid,43.12,0,2022-09-09,15,539.28,9.34,25.75,5,0
CUST_7814,46,0,Female,Suburban,Monthly,75.99,0,2022-11-02,13,520.29,10.26,23.00,10,0
CUST_7815,51,0,Female,Suburban,Monthly,43.44,0,2021-11-19,25,516.14,10.10,21.00,9,0
CUST_7816,50,0,Male,Urban,Monthly,51.69,0,2022-10-03,14,505.97,10.37,21.50,8,0
CUST_7817,43,1,Male,Suburban,Yearly,35.27,0,2022-01-28,23,670.68,10.57,25.00,7,0
CUST_7818,43,1,Male,Urban,Prepaid,51.45,0,2022-04-25,20,528.13,11.36,32.83,10,0
CUST_7819,40,0,Female,Rural,Yearly,54.03,0,2019-04-13,56,480.70,9.19,26.92,8,0
CUST_782,34,0,Female,Urban,Monthly,64.19,0,2023-03-02,9,437.19,10.95,22.83,3,0
CUST_7820,43,1,Female,Suburban,Prepaid,41.51,0,2018-04-10,68,518.08,11.31,21.42,6,0
CUST_7821,20,0,Female,Suburban,Monthly,61.39,0,2020-01-03,47,300.00,10.56,24.92,3,0
CUST_7822,49,0,Female,Rural,Prepaid,41.57,0,2020-03-31,45,516.13,10.62,25.00,10,0
CUST_7823,43,1,Male,Rural,Prepaid,67.01,0,2021-10-18,26,575.92,10.35,21.00,9,0
CUST_7824,35,0,Female,Urban,Yearly,29.45,0,2023-02-16,10,601.59,7.58,29.33,4,0
CUST_7825,43,1,Male,Suburban,Monthly,49.02,0,2023-04-18,8,513.13,8.52,18.58,5,0
CUST_7826,24,0,Male,Rural,Yearly,89.42,0,2018-10-26,62,417.89,9.37,24.92,8,0
CUST_7827,58,0,Male,Suburban,Prepaid,14.10,0,2021-05-31,31,496.70,10.46,27.50,13,0
CUST_7828,43,1,Male,Rural,Monthly,64.31,0,2022-08-12,16,482.03,9.74,30.42,4,0
CUST_7829,31,0,Female,Suburban,Monthly,54.75,0,2023-04-04,8,606.05,9.97,31.67,6,0
CUST_783,26,0,Male,Suburban,Monthly,48.19,0,2018-03-08,69,664.55,9.92,22.00,5,0
CUST_7830,69,0,Male,Rural,Prepaid,45.40,0,2021-07-23,29,435.77,7.49,30.58,5,1
CUST_7831,49,0,Female,Suburban,Prepaid,66.49,0,2018-12-08,60,445.19,9.58,23.42,5,0
CUST_7832,43,1,Male,Urban,Prepaid,56.41,0,2020-05-01,43,562.66,10.59,29.25,6,0
CUST_7833,43,1,Male,Suburban,Yearly,45.57,0,2018-09-02,63,497.31,9.72,25.42,5,0
CUST_7834,43,1,Male,Urban,Monthly,38.95,0,2022-05-20,19,441.80,9.38,27.75,8,0
CUST_7835,24,0,Female,Urban,Prepaid,43.65,0,2022-10-16,14,585.04,9.94,24.25,12,0
CUST_7836,43,0,Male,Urban,Prepaid,46.31,0,2018-08-19,64,319.70,7.22,20.67,6,0
CUST_7837,43,1,Male,Suburban,Prepaid,47.36,0,2022-05-13,19,294.38,8.62,25.83,2,0
CUST_7838,43,1,Male,Suburban,Monthly,38.07,0,2018-07-19,65,477.78,9.47,28.92,3,0
CUST_7839,53,0,Male,Urban,Yearly,52.24,0,2020-06-30,42,457.23,10.65,20.42,5,0
CUST_784,43,1,Male,Rural,Monthly,40.03,0,2020-01-24,47,540.72,11.19,26.83,6,0
CUST_7840,38,0,Female,Rural,Monthly,40.23,0,2020-04-18,44,496.82,9.50,19.50,12,0
CUST_7841,43,1,Female,Suburban,Prepaid,52.04,0,2023-01-29,11,500.77,10.68,26.75,4,0
CUST_7842,43,1,Male,Suburban,Monthly,78.68,0,2022-04-25,20,464.10,10.29,27.58,7,0
CUST_7843,27,0,Male,Suburban,Yearly,62.81,0,2018-05-16,67,628.33,10.34,18.58,8,1
CUST_7844,43,1,Female,Suburban,Monthly,49.42,0,2020-03-20,45,652.04,10.39,26.83,6,0
CUST_7845,43,1,Female,Urban,Yearly,32.28,0,2018-04-19,68,440.54,10.00,36.25,3,0
CUST_7846,59,0,Female,Rural,Prepaid,52.13,0,2018-10-02,62,500.82,10.15,27.75,0,0
CUST_7847,43,1,Male,Rural,Monthly,76.79,0,2022-10-11,14,456.06,9.32,24.83,8,0
CUST_7848,43,1,Female,Rural,Monthly,34.88,0,2018-06-01,66,471.53,10.28,20.83,7,0
CUST_7849,33,0,Male,Rural,Monthly,17.08,0,2023-04-15,8,568.10,8.42,23.58,10,0
CUST_785,37,0,Male,Urban,Monthly,57.69,0,2022-02-26,22,425.12,8.16,22.50,6,1
CUST_7850,43,1,Female,Urban,Monthly,54.73,0,2021-12-03,24,579.72,9.73,26.00,4,0
CUST_7851,43,1,Female,Suburban,Prepaid,73.06,0,2021-06-14,30,517.77,10.75,23.75,10,0
CUST_7852,43,1,Male,Suburban,Prepaid,68.22,0,2018-08-14,64,422.18,8.78,17.08,6,0
CUST_7853,43,1,Female,Urban,Yearly,74.83,0,2019-08-03,52,617.79,8.39,28.58,10,0
CUST_7854,43,1,Male,Suburban,Prepaid,30.68,0,2022-10-15,14,183.43,9.12,21.92,2,0
CUST_7855,34,0,Female,Urban,Yearly,44.02,0,2018-02-11,70,553.64,10.15,22.75,0,0
CUST_7856,43,1,Male,Rural,Monthly,55.53,0,2021-06-23,30,564.85,9.70,31.67,3,0
CUST_7857,67,0,Female,Urban,Monthly,15.36,0,2018-01-06,71,602.59,8.60,27.00,5,0
CUST_7858,43,1,Female,Suburban,Yearly,49.59,0,2018-09-02,63,585.53,10.66,22.50,8,0
CUST_7859,53,0,Male,Suburban,Monthly,42.02,0,2020-07-24,41,388.48,10.57,15.50,3,0
CUST_786,30,0,Male,Suburban,Monthly,53.23,0,2018-01-24,71,664.66,9.72,23.25,11,0
CUST_7860,67,0,Male,Suburban,Monthly,46.30,0,2019-04-21,56,412.08,8.68,30.50,6,0
CUST_7861,24,0,Male,Rural,Prepaid,54.01,0,2021-06-14,30,677.64,8.85,26.33,7,0
CUST_7862,30,0,Male,Urban,Yearly,44.94,0,2022-07-18,17,456.57,9.86,24.33,6,0
CUST_7863,32,0,Female,Urban,Monthly,33.65,0,2021-05-16,31,538.58,11.28,17.75,7,0
CUST_7864,42,0,Female,Suburban,Monthly,60.58,0,2020-03-05,45,443.10,9.68,19.92,8,0
CUST_7865,43,1,Female,Urban,Monthly,33.49,0,2018-03-23,69,285.39,8.39,22.42,10,0
CUST_7866,39,0,Female,Suburban,Prepaid,48.31,0,2018-04-27,68,491.87,9.54,27.75,13,0
CUST_7867,43,1,Female,Urban,Yearly,37.52,0,2019-04-29,56,583.16,11.18,17.50,4,0
CUST_7868,43,1,Female,Rural,Prepaid,60.25,0,2019-04-08,56,477.02,10.16,22.42,5,0
CUST_7869,43,1,Male,Rural,Prepaid,26.39,0,2021-03-21,33,469.45,8.91,23.75,8,0
CUST_787,43,1,Male,Suburban,Prepaid,64.04,0,2020-06-24,42,495.06,8.33,27.42,2,0
CUST_7870,27,0,Female,Urban,Prepaid,48.52,0,2021-11-26,25,477.46,7.86,21.00,3,0
CUST_7871,42,0,Female,Rural,Prepaid,54.61,0,2018-01-28,71,454.65,11.84,28.58,8,0
CUST_7872,54,0,Male,Rural,Monthly,54.16,0,2023-02-20,10,580.43,10.16,29.58,8,0
CUST_7873,65,0,Female,Rural,Prepaid,66.11,0,2022-07-05,17,480.13,10.02,21.00,4,0
CUST_7874,60,0,Female,Suburban,Prepaid,62.41,0,2021-11-19,25,606.67,10.61,26.33,9,0
CUST_7875,55,0,Female,Urban,Prepaid,56.79,0,2023-03-26,9,588.98,9.86,17.08,7,0
CUST_7876,58,0,Male,Urban,Monthly,20.12,0,2020-02-20,46,443.27,10.34,22.17,6,0
CUST_7877,62,0,Male,Suburban,Monthly,58.63,0,2023-04-16,8,451.23,9.68,28.00,8,0
CUST_7878,43,1,Female,Suburban,Monthly,68.14,0,2018-12-16,60,535.04,12.39,26.75,4,0
CUST_7879,57,0,Male,Rural,Monthly,38.35,0,2023-01-13,11,495.35,8.12,23.25,5,0
CUST_788,65,0,Female,Rural,Prepaid,32.40,0,2019-07-06,53,300.27,9.87,25.33,5,0
CUST_7880,63,0,Female,Urban,Monthly,67.43,0,2021-06-25,30,464.54,10.62,23.25,6,0
CUST_7881,43,1,Female,Suburban,Prepaid,63.57,0,2021-10-14,26,554.80,9.73,15.42,5,0
CUST_7882,34,0,Female,Rural,Yearly,39.44,0,2018-06-28,66,426.37,10.98,19.58,7,0
CUST_7883,41,0,Male,Urban,Prepaid,42.09,0,2022-08-08,16,392.01,8.99,26.75,5,0
CUST_7884,43,1,Female,Rural,Prepaid,35.57,0,2022-04-16,20,508.52,8.90,21.42,6,0
CUST_7885,43,1,Female,Urban,Monthly,65.89,0,2021-07-09,29,454.88,8.88,26.58,5,0
CUST_7886,49,0,Female,Rural,Monthly,39.73,0,2018-09-19,63,663.54,11.36,26.92,9,0
CUST_7887,41,0,Female,Urban,Yearly,40.02,0,2023-06-15,6,705.66,11.13,23.58,1,0
CUST_7888,26,0,Female,Urban,Prepaid,46.48,0,2023-03-29,9,736.00,11.02,28.92,3,0
CUST_7889,21,0,Male,Urban,Monthly,33.10,0,2022-05-18,19,401.58,10.14,25.83,10,0
CUST_789,46,0,Male,Urban,Prepaid,65.34,0,2019-08-10,52,441.43,10.43,27.67,7,0
CUST_7890,43,1,Female,Urban,Monthly,57.33,0,2019-06-28,54,531.57,9.91,22.75,11,0
CUST_7891,34,0,Male,Rural,Prepaid,45.55,0,2020-08-14,40,421.90,9.46,25.42,5,0
CUST_7892,67,0,Female,Suburban,Prepaid,66.47,0,2020-04-14,44,535.71,9.23,24.00,8,0
CUST_7893,43,1,Male,Urban,Monthly,62.77,0,2018-11-22,61,518.85,8.61,28.25,4,0
CUST_7894,43,1,Female,Urban,Prepaid,74.46,0,2020-09-06,39,535.80,9.52,23.42,5,0
CUST_7895,57,0,Female,Urban,Prepaid,26.47,0,2018-07-22,65,394.51,9.41,20.17,7,0
CUST_7896,43,1,Male,Urban,Prepaid,30.84,0,2018-09-29,63,465.92,10.55,20.58,5,0
CUST_7897,43,1,Male,Rural,Prepaid,50.05,0,2018-02-05,70,636.99,8.72,17.67,6,0
CUST_7898,43,1,Female,Suburban,Prepaid,51.76,0,2022-11-27,13,333.95,9.84,14.00,7,0
CUST_7899,35,0,Male,Suburban,Prepaid,45.66,0,2023-06-12,6,513.68,9.13,20.92,8,0
CUST_79,53,0,Male,Urban,Monthly,50.41,0,2023-05-25,7,335.46,8.98,21.83,3,0
CUST_790,30,0,Male,Suburban,Monthly,70.22,0,2018-06-11,66,421.47,9.19,23.08,1,0
CUST_7900,46,0,Male,Suburban,Prepaid,74.61,0,2018-04-23,68,440.51,8.99,28.33,13,1
CUST_7901,41,0,Female,Rural,Yearly,43.99,0,2022-12-19,12,592.63,8.22,25.58,8,0
CUST_7902,43,1,Female,Suburban,Prepaid,57.01,0,2022-05-01,19,517.56,10.51,23.67,3,0
CUST_7903,62,0,Female,Rural,Monthly,55.05,0,2018-10-28,62,509.00,10.32,30.17,6,0
CUST_7904,34,0,Female,Rural,Yearly,40.92,0,2020-02-13,46,432.02,9.63,18.75,6,0
CUST_7905,35,0,Female,Urban,Yearly,56.98,0,2023-03-08,9,497.23,9.22,16.92,7,0
CUST_7906,59,0,Male,Rural,Prepaid,49.94,0,2019-03-28,57,545.44,9.17,23.50,2,0
CUST_7907,65,0,Female,Suburban,Prepaid,68.58,0,2019-08-31,52,460.58,9.19,22.75,6,0
CUST_7908,43,1,Male,Suburban,Monthly,67.45,0,2022-07-02,17,404.30,10.70,27.58,6,0
CUST_7909,43,1,Female,Suburban,Yearly,12.19,0,2020-12-06,36,570.36,11.29,30.00,6,0
CUST_791,63,0,Male,Suburban,Yearly,46.15,0,2019-02-15,58,637.29,8.57,21.42,6,0
CUST_7910,62,0,Female,Urban,Prepaid,26.93,0,2023-04-26,8,535.32,9.38,25.42,8,0
CUST_7911,35,0,Male,Urban,Prepaid,47.82,0,2018-03-17,69,550.70,11.13,22.58,8,0
CUST_7912,43,1,Female,Urban,Yearly,62.95,0,2021-02-26,34,598.78,10.25,19.00,4,0
CUST_7913,43,1,Male,Rural,Monthly,51.85,0,2021-08-07,28,612.76,8.71,19.00,9,0
CUST_7914,43,1,Male,Suburban,Monthly,56.22,0,2021-01-23,35,567.07,9.90,27.42,8,0
CUST_7915,66,0,Male,Rural,Monthly,91.84,0,2020-04-13,44,399.32,10.91,19.75,4,0
CUST_7916,46,0,Female,Rural,Prepaid,40.66,0,2018-02-28,70,548.10,9.54,27.00,1,0
CUST_7917,43,1,Female,Suburban,Monthly,56.63,0,2020-10-01,38,438.07,9.47,20.83,3,0
CUST_7918,21,0,Female,Urban,Monthly,52.47,0,2018-01-22,71,423.56,11.69,20.75,0,0
CUST_7919,43,1,Female,Suburban,Monthly,62.88,0,2020-06-21,42,569.68,11.88,30.33,3,0
CUST_792,52,0,Female,Rural,Prepaid,35.66,0,2020-12-09,36,393.30,10.27,23.92,4,0
CUST_7920,37,0,Female,Rural,Yearly,64.25,0,2019-11-12,49,642.43,9.20,22.17,10,1
CUST_7921,64,0,Female,Rural,Monthly,58.33,0,2020-05-14,43,535.31,9.54,24.25,8,0
CUST_7922,60,0,Male,Urban,Prepaid,71.02,0,2023-02-27,10,664.51,9.35,24.75,11,0
CUST_7923,61,0,Female,Rural,Monthly,70.10,0,2019-01-15,59,339.01,9.64,23.75,5,0
CUST_7924,26,0,Female,Rural,Monthly,56.21,0,2018-02-03,70,677.99,9.91,20.83,6,0
CUST_7925,43,1,Female,Suburban,Monthly,48.42,0,2022-05-20,19,633.99,10.65,21.75,10,0
CUST_7926,32,0,Female,Urban,Prepaid,54.35,0,2020-02-22,46,751.79,9.97,23.33,7,0
CUST_7927,44,0,Male,Suburban,Monthly,25.09,0,2022-07-21,17,391.90,10.85,27.83,7,0
CUST_7928,32,0,Male,Suburban,Monthly,42.11,0,2020-05-04,43,512.17,11.45,34.67,7,0
CUST_7929,45,0,Male,Suburban,Monthly,35.51,0,2022-04-14,20,453.79,7.60,19.83,5,0
CUST_793,43,1,Female,Urban,Prepaid,42.75,0,2018-03-26,69,584.99,9.30,23.75,4,0
CUST_7930,54,0,Male,Rural,Yearly,63.35,0,2023-06-16,6,512.68,9.34,31.92,7,0
CUST_7931,36,0,Male,Rural,Prepaid,70.26,0,2019-03-30,57,499.66,10.17,30.42,10,0
CUST_7932,43,0,Female,Urban,Prepaid,59.92,0,2021-08-07,28,426.82,9.52,28.17,12,0
CUST_7933,43,1,Male,Rural,Monthly,48.06,0,2021-09-08,27,287.73,9.46,17.42,5,0
CUST_7934,43,0,Male,Urban,Yearly,38.91,0,2021-06-16,30,481.05,9.68,22.67,8,0
CUST_7935,42,0,Female,Suburban,Prepaid,63.15,0,2021-07-09,29,472.29,10.19,26.17,7,0
CUST_7936,43,0,Female,Suburban,Prepaid,65.68,0,2023-01-28,11,625.44,10.97,29.25,8,0
CUST_7937,43,0,Male,Rural,Yearly,48.57,0,2023-02-22,10,545.82,10.55,25.33,5,0
CUST_7938,43,1,Female,Rural,Yearly,50.90,0,2018-09-17,63,652.49,11.55,26.00,3,0
CUST_7939,43,1,Female,Urban,Yearly,44.74,0,2018-08-03,64,344.68,11.19,34.42,10,0
CUST_794,35,0,Female,Urban,Prepaid,40.40,0,2018-04-05,68,400.19,10.90,31.25,4,0
CUST_7940,43,1,Male,Rural,Prepaid,56.24,0,2018-08-30,64,535.07,9.33,20.75,12,1
CUST_7941,43,1,Female,Rural,Yearly,44.17,0,2021-02-18,34,325.91,10.52,31.08,5,0
CUST_7942,43,1,Male,Rural,Monthly,48.82,0,2019-01-09,59,487.85,10.38,20.42,5,0
CUST_7943,20,0,Male,Suburban,Monthly,32.44,0,2018-09-04,63,472.08,9.84,25.67,3,0
CUST_7944,19,0,Female,Rural,Prepaid,53.93,0,2022-01-19,23,481.76,10.56,20.92,14,0
CUST_7945,50,0,Male,Rural,Monthly,76.27,0,2021-05-29,31,734.57,8.55,28.42,8,0
CUST_7946,59,0,Male,Suburban,Prepaid,55.21,0,2019-04-15,56,507.72,8.98,26.17,5,0
CUST_7947,43,1,Female,Suburban,Prepaid,65.64,0,2022-11-24,13,496.69,10.70,20.83,8,0
CUST_7948,34,0,Female,Suburban,Monthly,61.45,0,2018-10-06,62,370.80,9.37,24.83,8,0
CUST_7949,61,0,Female,Suburban,Prepaid,48.17,0,2023-03-11,9,597.94,10.00,25.67,3,0
CUST_795,68,0,Male,Urban,Yearly,47.29,0,2019-08-19,52,625.95,9.25,25.00,5,0
CUST_7950,43,1,Female,Rural,Prepaid,49.79,0,2018-05-25,67,378.03,10.25,23.00,4,0
CUST_7951,43,1,Male,Rural,Prepaid,41.78,0,2020-03-10,45,492.79,11.29,23.17,5,0
CUST_7952,66,0,Female,Rural,Monthly,64.68,0,2019-05-05,55,634.03,9.19,30.08,6,0
CUST_7953,20,0,Female,Urban,Prepaid,57.02,0,2018-03-05,69,458.37,9.90,29.00,7,0
CUST_7954,60,0,Male,Suburban,Monthly,65.04,0,2018-08-09,64,497.97,9.92,22.08,5,0
CUST_7955,66,0,Male,Rural,Monthly,51.61,0,2022-03-14,21,450.56,10.17,19.17,6,0
CUST_7956,43,0,Male,Rural,Monthly,23.16,0,2019-11-16,49,501.78,10.94,31.00,7,0
CUST_7957,52,0,Male,Rural,Monthly,39.18,0,2018-07-16,65,596.47,10.04,29.33,2,0
CUST_7958,25,0,Female,Suburban,Monthly,65.02,0,2020-06-28,42,543.03,10.10,26.17,4,0
CUST_7959,69,0,Female,Suburban,Prepaid,47.05,0,2019-10-01,50,693.12,9.48,27.75,6,0
CUST_796,22,0,Male,Urban,Yearly,38.93,0,2019-05-18,55,407.39,8.42,27.33,4,0
CUST_7960,43,1,Male,Suburban,Prepaid,65.94,0,2021-10-25,26,356.20,8.28,29.67,1,0
CUST_7961,24,0,Male,Rural,Monthly,71.16,0,2021-02-11,34,546.09,11.19,27.75,3,0
CUST_7962,63,0,Male,Suburban,Yearly,63.95,0,2020-02-19,46,612.89,9.77,28.17,2,0
CUST_7963,43,1,Male,Rural,Prepaid,63.38,0,2023-05-03,7,477.68,8.21,32.17,5,0
CUST_7964,53,0,Female,Urban,Monthly,9.68,0,2022-05-05,19,367.24,8.76,28.67,3,0
CUST_7965,33,0,Male,Suburban,Yearly,46.49,0,2022-12-18,12,258.20,11.75,23.00,8,1
CUST_7966,43,1,Female,Suburban,Yearly,49.91,0,2018-03-05,69,673.95,10.69,34.83,7,0
CUST_7967,18,0,Male,Rural,Prepaid,63.42,0,2018-02-24,70,381.53,10.75,23.67,7,0
CUST_7968,66,0,Female,Suburban,Monthly,51.70,0,2022-01-26,23,474.29,7.65,26.17,7,0
CUST_7969,43,1,Female,Suburban,Prepaid,27.57,0,2020-06-10,42,395.63,8.42,24.00,9,1
CUST_797,64,0,Male,Rural,Prepaid,56.85,0,2022-04-10,20,570.58,10.15,32.00,5,0
CUST_7970,43,1,Female,Rural,Monthly,27.91,0,2021-04-01,32,365.90,10.52,26.33,9,0
CUST_7971,33,0,Female,Rural,Prepaid,42.73,0,2020-02-13,46,636.19,9.92,24.75,5,0
CUST_7972,43,1,Male,Rural,Monthly,90.32,0,2019-10-28,50,704.09,9.97,21.25,7,0
CUST_7973,43,1,Female,Urban,Yearly,54.21,0,2021-08-04,28,581.63,10.78,26.58,4,0
CUST_7974,46,0,Male,Rural,Yearly,57.68,0,2023-05-24,7,601.15,11.12,20.58,5,0
CUST_7975,43,1,Female,Suburban,Yearly,27.89,0,2022-02-28,22,379.23,8.71,19.58,6,0
CUST_7976,45,0,Female,Urban,Prepaid,66.55,0,2022-10-21,14,317.43,8.68,29.67,7,0
CUST_7977,23,0,Male,Rural,Prepaid,45.24,0,2021-11-24,25,353.84,10.72,22.83,5,0
CUST_7978,43,1,Male,Urban,Monthly,72.57,0,2022-01-28,23,572.12,9.62,24.58,4,1
CUST_7979,37,0,Female,Urban,Monthly,31.36,0,2023-04-13,8,513.67,8.82,18.75,5,0
CUST_798,43,1,Male,Suburban,Monthly,59.55,0,2023-02-21,10,501.29,9.48,31.25,6,0
CUST_7980,33,0,Female,Suburban,Prepaid,48.59,0,2020-07-19,41,489.17,8.38,27.50,5,0
CUST_7981,43,1,Male,Urban,Prepaid,42.33,0,2019-02-13,58,398.26,10.05,21.33,7,0
CUST_7982,43,1,Female,Rural,Yearly,59.53,0,2021-03-18,33,578.08,11.40,23.33,3,0
CUST_7983,43,1,Male,Urban,Yearly,64.70,0,2023-02-24,10,410.95,9.87,20.58,8,0
CUST_7984,43,1,Male,Urban,Prepaid,40.55,0,2020-12-04,36,408.87,10.36,31.33,5,0
CUST_7985,43,0,Male,Suburban,Prepaid,62.08,0,2020-08-02,40,369.76,10.37,26.08,2,0
CUST_7986,43,0,Female,Suburban,Monthly,71.28,0,2022-05-29,19,458.79,9.37,15.58,9,0
CUST_7987,43,1,Female,Rural,Yearly,64.71,0,2019-12-21,48,476.77,8.65,27.25,5,0
CUST_7988,24,0,Male,Suburban,Monthly,41.39,0,2022-07-29,17,421.26,8.77,22.17,4,0
CUST_7989,50,0,Male,Rural,Yearly,43.64,0,2023-03-06,9,704.68,10.21,30.67,4,0
CUST_799,19,0,Male,Suburban,Monthly,44.61,0,2018-10-24,62,461.75,10.79,20.67,8,0
CUST_7990,43,0,Male,Rural,Monthly,46.81,0,2023-02-15,10,454.93,8.99,25.42,8,0
CUST_7991,43,1,Male,Suburban,Yearly,64.20,0,2020-04-11,44,538.31,10.46,25.75,4,0
CUST_7992,37,0,Female,Urban,Monthly,56.44,0,2019-03-19,57,533.56,9.95,18.58,9,0
CUST_7993,43,1,Male,Suburban,Yearly,31.13,0,2019-06-18,54,481.15,10.57,22.92,6,0
CUST_7994,43,1,Female,Urban,Yearly,49.76,0,2022-10-30,14,651.12,9.54,22.83,5,1
CUST_7995,21,0,Male,Urban,Prepaid,74.53,0,2020-01-24,47,401.43,10.55,19.75,6,0
CUST_7996,43,1,Female,Rural,Prepaid,64.79,0,2020-06-08,42,452.48,9.94,22.25,5,0
CUST_7997,28,0,Female,Rural,Yearly,40.99,0,2019-04-29,56,589.28,9.28,20.92,6,0
CUST_7998,19,0,Female,Suburban,Prepaid,26.96,0,2019-04-13,56,382.49,9.67,15.75,2,0
CUST_7999,43,1,Female,Urban,Monthly,42.52,0,2019-04-16,56,491.98,9.99,20.17,10,0
CUST_8,36,0,Male,Suburban,Yearly,50.25,0,2022-12-20,12,523.32,10.61,23.67,6,0
CUST_80,31,0,Female,Urban,Prepaid,41.59,0,2021-11-01,25,527.96,8.57,20.83,8,1
CUST_800,43,1,Female,Urban,Prepaid,20.68,0,2023-04-20,8,293.91,11.01,24.42,4,0
CUST_8000,61,0,Female,Suburban,Yearly,49.95,0,2020-04-01,44,420.39,10.37,16.08,5,0
CUST_8001,47,0,Male,Rural,Yearly,43.83,0,2021-09-30,27,491.97,7.97,18.08,7,0
CUST_8002,43,1,Male,Urban,Prepaid,35.27,0,2020-09-15,39,491.16,9.58,26.25,5,0
CUST_8003,29,0,Female,Suburban,Monthly,58.79,0,2018-06-05,66,478.18,9.43,23.67,7,1
CUST_8004,43,0,Male,Suburban,Monthly,14.15,0,2021-12-05,24,595.57,9.94,26.50,7,0
CUST_8005,43,1,Male,Rural,Prepaid,66.82,0,2021-04-23,32,424.26,9.00,24.83,4,0
CUST_8006,43,1,Male,Rural,Yearly,61.32,0,2020-10-15,38,474.53,9.82,20.67,10,0
CUST_8007,30,0,Male,Rural,Monthly,56.40,0,2021-10-09,26,577.65,10.86,21.92,3,0
CUST_8008,31,0,Male,Rural,Yearly,58.94,0,2019-08-20,52,463.46,9.82,26.08,4,0
CUST_8009,43,1,Male,Suburban,Prepaid,45.74,0,2018-07-24,65,377.74,8.71,29.25,9,0
CUST_801,43,1,Male,Urban,Monthly,56.65,0,2020-12-20,36,397.50,10.83,20.50,8,0
CUST_8010,51,0,Male,Rural,Prepaid,49.59,0,2018-09-05,63,376.99,10.72,27.33,5,0
CUST_8011,43,1,Female,Rural,Yearly,72.05,0,2022-08-25,16,329.97,8.96,22.08,4,0
CUST_8012,43,1,Male,Suburban,Monthly,47.72,0,2021-01-14,35,551.20,10.57,22.42,5,0
CUST_8013,43,1,Male,Suburban,Prepaid,55.76,0,2019-10-07,50,494.97,10.58,28.83,8,0
CUST_8014,45,0,Male,Urban,Yearly,57.90,0,2021-12-13,24,362.19,8.76,26.83,6,0
CUST_8015,43,1,Female,Suburban,Yearly,51.58,0,2021-07-04,29,458.93,9.69,19.50,7,0
CUST_8016,53,0,Female,Urban,Monthly,46.79,0,2020-11-28,37,192.38,9.29,23.58,6,0
CUST_8017,43,1,Male,Rural,Monthly,23.80,0,2021-07-11,29,577.08,9.24,23.00,9,0
CUST_8018,43,1,Female,Urban,Prepaid,62.24,0,2020-09-27,39,453.41,9.20,25.08,8,1
CUST_8019,43,1,Female,Urban,Yearly,66.17,0,2019-01-23,59,546.40,10.66,21.67,5,0
CUST_802,67,0,Female,Urban,Monthly,27.87,0,2021-05-30,31,478.00,10.51,24.42,5,0
CUST_8020,26,0,Male,Rural,Yearly,51.09,0,2018-06-14,66,580.99,9.15,29.42,7,0
CUST_8021,40,0,Female,Rural,Prepaid,68.65,0,2021-01-14,35,454.99,11.55,21.92,4,0
CUST_8022,43,1,Male,Rural,Prepaid,55.70,0,2023-04-02,8,588.68,9.98,28.67,5,0
CUST_8023,30,0,Female,Urban,Yearly,20.59,0,2021-11-28,25,433.68,11.53,25.25,4,0
CUST_8024,40,0,Male,Suburban,Prepaid,34.18,0,2018-10-26,62,533.90,10.45,26.75,6,0
CUST_8025,34,0,Female,Suburban,Yearly,42.66,0,2021-12-31,24,500.61,7.42,23.83,7,0
CUST_8026,43,1,Male,Suburban,Yearly,40.85,0,2020-06-22,42,534.23,9.61,32.08,6,0
CUST_8027,43,1,Male,Rural,Yearly,51.11,0,2020-09-11,39,321.54,11.12,24.25,9,0
CUST_8028,37,0,Female,Rural,Monthly,36.23,0,2020-01-05,47,505.79,10.23,33.83,7,1
CUST_8029,37,0,Male,Suburban,Monthly,75.55,0,2019-06-24,54,568.54,9.64,19.58,3,0
CUST_803,62,0,Male,Suburban,Prepaid,53.74,0,2018-08-30,64,654.03,10.49,21.58,9,0
CUST_8030,63,0,Male,Rural,Prepaid,17.71,0,2019-05-28,55,514.70,10.76,23.75,7,0
CUST_8031,20,0,Female,Urban,Monthly,48.79,0,2022-07-16,17,372.56,8.57,27.08,6,0
CUST_8032,29,0,Male,Urban,Prepaid,38.76,0,2021-04-02,32,598.23,10.51,20.08,8,0
CUST_8033,43,1,Male,Rural,Monthly,30.45,0,2022-10-15,14,476.23,8.56,28.50,3,0
CUST_8034,19,0,Female,Suburban,Prepaid,58.85,0,2018-08-21,64,448.79,9.95,15.08,5,0
CUST_8035,53,0,Male,Suburban,Prepaid,34.83,0,2019-04-30,56,599.54,9.98,25.58,5,0
CUST_8036,31,0,Female,Urban,Prepaid,50.61,0,2018-03-22,69,402.81,10.57,24.50,7,0
CUST_8037,33,0,Male,Rural,Yearly,35.73,0,2021-02-03,34,596.05,10.82,16.42,9,0
CUST_8038,36,0,Female,Suburban,Monthly,21.43,0,2018-12-31,60,354.79,8.81,25.75,4,0
CUST_8039,43,1,Female,Suburban,Prepaid,46.66,0,2020-06-16,42,497.56,10.02,25.25,6,0
CUST_804,22,0,Female,Suburban,Monthly,51.08,0,2019-11-09,49,321.93,7.72,29.75,5,0
CUST_8040,61,0,Male,Rural,Monthly,54.59,0,2018-11-30,61,406.43,10.20,19.67,5,0
CUST_8041,63,0,Female,Rural,Prepaid,41.03,0,2018-12-27,60,496.01,9.48,24.75,9,0
CUST_8042,23,0,Male,Suburban,Yearly,69.75,0,2021-08-21,28,192.46,9.77,25.17,2,0
CUST_8043,30,0,Male,Rural,Monthly,54.44,0,2022-09-28,15,535.95,10.78,22.67,8,0
CUST_8044,53,0,Female,Rural,Prepaid,60.87,0,2021-02-24,34,314.82,9.49,19.17,5,0
CUST_8045,39,0,Male,Rural,Prepaid,40.14,0,2019-10-07,50,484.17,8.63,21.75,8,0
CUST_8046,35,0,Male,Suburban,Yearly,40.53,0,2020-03-01,45,409.49,9.96,23.08,3,0
CUST_8047,29,0,Female,Urban,Monthly,44.91,0,2018-03-08,69,435.63,9.68,28.25,6,0
CUST_8048,69,0,Male,Rural,Prepaid,44.70,0,2020-09-22,39,615.11,9.80,18.42,6,0
CUST_8049,43,1,Male,Suburban,Monthly,43.07,0,2020-07-25,41,607.65,10.12,27.00,2,0
CUST_805,43,1,Female,Urban,Prepaid,45.07,0,2018-10-12,62,375.30,9.70,28.50,6,0
CUST_8050,68,0,Female,Urban,Prepaid,33.36,0,2019-06-04,54,444.64,9.08,22.25,7,0
CUST_8051,57,0,Male,Suburban,Prepaid,61.86,0,2019-07-04,53,547.81,9.25,31.33,7,0
CUST_8052,24,0,Male,Suburban,Yearly,27.99,0,2018-02-06,70,556.34,8.76,24.00,6,0
CUST_8053,49,0,Female,Suburban,Prepaid,59.39,0,2020-03-26,45,617.16,10.34,22.92,3,0
CUST_8054,65,0,Male,Urban,Yearly,62.45,0,2021-04-03,32,557.04,11.86,23.25,6,1
CUST_8055,36,0,Male,Suburban,Monthly,45.70,0,2021-01-29,35,438.73,9.08,23.75,11,0
CUST_8056,43,1,Female,Urban,Prepaid,88.03,0,2019-02-14,58,407.32,10.60,26.67,1,0
CUST_8057,37,0,Male,Rural,Yearly,50.14,0,2020-01-20,47,484.02,9.39,25.33,6,0
CUST_8058,44,0,Male,Urban,Prepaid,45.61,0,2021-05-27,31,460.61,9.97,24.33,4,0
CUST_8059,60,0,Female,Suburban,Monthly,46.30,0,2018-09-15,63,610.10,10.51,20.92,6,0
CUST_806,18,0,Female,Rural,Monthly,59.67,0,2018-01-25,71,318.89,8.95,25.75,12,0
CUST_8060,54,0,Female,Urban,Yearly,66.29,0,2022-04-29,20,576.94,10.77,28.50,9,0
CUST_8061,65,0,Male,Suburban,Yearly,46.02,0,2022-03-04,21,345.08,11.65,24.83,5,0
CUST_8062,43,1,Male,Rural,Prepaid,59.53,0,2023-06-04,6,575.37,10.48,26.42,4,0
CUST_8063,22,0,Female,Urban,Prepaid,29.72,0,2022-09-11,15,556.43,9.80,27.17,5,0
CUST_8064,28,0,Male,Rural,Monthly,52.20,0,2018-05-26,67,540.37,8.05,16.25,5,0
CUST_8065,32,0,Male,Urban,Prepaid,64.80,0,2021-06-07,30,423.65,11.10,23.17,4,0
CUST_8066,20,0,Male,Suburban,Monthly,49.39,0,2018-10-30,62,609.57,7.90,13.33,7,0
CUST_8067,22,0,Female,Urban,Prepaid,38.66,0,2020-07-01,41,458.04,11.04,29.75,6,0
CUST_8068,40,0,Male,Rural,Monthly,45.72,0,2019-09-11,51,313.13,8.66,20.50,10,0
CUST_8069,43,1,Male,Urban,Prepaid,28.63,0,2022-07-13,17,380.43,8.72,24.17,3,0
CUST_807,43,1,Female,Suburban,Yearly,55.45,0,2019-05-01,55,293.57,8.82,24.50,8,0
CUST_8070,26,0,Female,Rural,Yearly,63.68,0,2018-03-04,69,602.49,10.39,26.50,9,0
CUST_8071,32,0,Female,Rural,Monthly,68.31,0,2020-03-15,45,344.42,10.51,27.67,11,0
CUST_8072,20,0,Female,Suburban,Prepaid,48.10,0,2022-06-23,18,509.87,9.07,26.42,8,0
CUST_8073,43,1,Male,Urban,Yearly,72.70,0,2023-02-06,10,525.95,10.08,27.83,7,0
CUST_8074,23,0,Male,Rural,Prepaid,61.12,0,2021-09-03,27,402.81,9.62,28.67,6,0
CUST_8075,34,0,Female,Suburban,Prepaid,50.28,0,2022-12-25,12,542.97,8.73,26.42,4,0
CUST_8076,43,0,Male,Suburban,Prepaid,70.18,0,2022-09-28,15,441.73,10.53,26.25,7,0
CUST_8077,38,0,Male,Suburban,Yearly,60.69,0,2020-05-24,43,488.83,9.27,19.92,4,1
CUST_8078,25,0,Male,Rural,Monthly,67.83,0,2022-05-07,19,577.67,11.06,33.50,6,0
CUST_8079,43,1,Male,Urban,Prepaid,70.88,0,2019-03-11,57,560.29,11.28,30.50,5,0
CUST_808,49,0,Male,Suburban,Monthly,55.82,0,2019-02-04,58,510.67,9.50,21.50,8,0
CUST_8080,28,0,Female,Rural,Yearly,46.41,0,2022-04-01,20,646.73,9.59,33.25,6,0
CUST_8081,55,0,Female,Suburban,Prepaid,60.34,0,2019-01-07,59,441.87,8.06,22.50,6,0
CUST_8082,43,1,Male,Rural,Yearly,21.02,0,2022-04-16,20,445.69,9.29,24.67,7,0
CUST_8083,59,0,Female,Rural,Prepaid,32.57,0,2020-04-05,44,404.84,10.69,20.92,6,0
CUST_8084,41,0,Male,Suburban,Yearly,57.57,0,2020-09-11,39,585.09,11.47,28.67,7,0
CUST_8085,52,0,Male,Urban,Monthly,55.45,0,2020-07-19,41,547.38,10.07,34.25,7,0
CUST_8086,43,1,Female,Suburban,Yearly,35.75,0,2023-06-03,6,448.23,10.41,23.08,7,0
CUST_8087,31,0,Female,Suburban,Yearly,44.32,0,2019-09-07,51,598.81,11.29,29.33,3,0
CUST_8088,27,0,Male,Rural,Yearly,55.35,0,2021-06-18,30,462.29,8.94,20.17,6,0
CUST_8089,43,1,Male,Suburban,Monthly,49.93,0,2019-08-10,52,543.03,8.72,32.58,5,0
CUST_809,43,1,Male,Urban,Prepaid,62.32,0,2018-02-21,70,574.31,11.88,27.92,4,0
CUST_8090,43,1,Male,Rural,Yearly,46.57,0,2020-10-29,38,657.79,10.95,26.25,4,0
CUST_8091,61,0,Male,Suburban,Monthly,28.85,0,2018-01-19,71,572.60,9.63,25.25,5,0
CUST_8092,63,0,Female,Suburban,Prepaid,55.26,0,2022-08-22,16,220.25,9.77,21.92,6,0
CUST_8093,51,0,Female,Urban,Yearly,47.16,0,2021-03-24,33,471.10,8.58,26.00,7,0
CUST_8094,58,0,Male,Suburban,Monthly,82.59,0,2018-10-22,62,622.55,8.40,21.33,2,0
CUST_8095,43,1,Male,Urban,Prepaid,71.07,0,2020-02-14,46,625.32,8.91,25.58,6,0
CUST_8096,34,0,Female,Suburban,Monthly,52.02,0,2022-06-26,18,426.01,9.00,31.83,4,0
CUST_8097,34,0,Male,Suburban,Monthly,20.89,0,2023-03-18,9,309.73,8.81,30.08,7,0
CUST_8098,20,0,Female,Suburban,Monthly,86.37,0,2019-07-13,53,306.35,9.48,26.58,12,0
CUST_8099,43,1,Male,Urban,Monthly,62.25,0,2018-10-25,62,681.92,9.87,21.00,6,0
CUST_81,48,0,Female,Suburban,Prepaid,91.50,0,2020-08-12,40,379.16,9.36,25.83,5,0
CUST_810,66,0,Male,Rural,Prepaid,43.81,0,2019-08-07,52,513.22,9.95,26.00,9,1
CUST_8100,43,1,Female,Rural,Prepaid,41.74,0,2019-09-25,51,491.72,10.47,21.92,3,0
CUST_8101,18,0,Male,Urban,Monthly,63.29,0,2020-01-02,47,478.48,10.34,30.00,7,0
CUST_8102,43,1,Male,Suburban,Yearly,61.93,0,2022-05-10,19,497.88,10.14,19.92,5,0
CUST_8103,56,0,Male,Rural,Prepaid,40.16,0,2021-10-30,26,569.65,9.68,21.08,6,0
CUST_8104,21,0,Female,Suburban,Monthly,36.04,0,2023-01-22,11,510.96,9.78,19.50,10,0
CUST_8105,59,0,Female,Urban,Prepaid,61.13,0,2022-11-02,13,317.34,8.70,32.08,4,0
CUST_8106,30,0,Male,Urban,Prepaid,66.13,0,2020-07-30,41,720.07,11.30,16.92,9,0
CUST_8107,51,0,Male,Rural,Monthly,54.82,0,2018-02-26,70,557.90,8.24,23.33,5,0
CUST_8108,59,0,Male,Urban,Prepaid,53.84,0,2019-01-17,59,361.24,7.40,18.67,6,0
CUST_8109,43,1,Male,Suburban,Monthly,70.31,0,2019-05-11,55,548.99,10.54,20.75,4,0
CUST_811,28,0,Female,Urban,Monthly,43.60,0,2021-11-28,25,398.26,8.95,31.67,5,0
CUST_8110,43,1,Female,Rural,Monthly,47.75,0,2019-01-06,59,461.49,11.14,22.33,4,0
CUST_8111,43,1,Female,Suburban,Prepaid,6.67,0,2020-06-22,42,421.72,10.43,27.67,5,0
CUST_8112,43,1,Female,Rural,Monthly,58.02,0,2018-01-12,71,307.45,9.00,28.83,10,1
CUST_8113,22,0,Male,Rural,Yearly,67.29,0,2018-09-30,63,529.34,11.41,29.67,4,0
CUST_8114,43,1,Male,Suburban,Prepaid,57.13,0,2021-01-25,35,442.27,8.93,22.67,5,1
CUST_8115,19,0,Female,Urban,Monthly,30.82,0,2023-06-17,6,571.29,11.23,28.17,8,0
CUST_8116,29,0,Male,Suburban,Yearly,40.38,0,2020-05-22,43,512.49,10.14,24.42,5,0
CUST_8117,43,1,Female,Urban,Yearly,47.91,0,2023-04-13,8,537.42,10.01,22.75,1,1
CUST_8118,43,1,Female,Urban,Monthly,30.16,0,2021-06-17,30,704.01,10.84,26.67,10,0
CUST_8119,51,0,Female,Suburban,Prepaid,41.35,0,2022-12-16,12,515.63,9.86,30.33,5,0
CUST_812,38,0,Male,Urban,Prepaid,66.16,0,2019-09-10,51,538.24,9.49,23.50,7,0
CUST_8120,43,1,Female,Rural,Prepaid,70.92,0,2018-07-28,65,405.33,10.20,21.00,7,0
CUST_8121,25,0,Male,Suburban,Prepaid,35.08,0,2023-04-25,8,695.70,9.18,24.25,4,0
CUST_8122,68,0,Female,Rural,Monthly,45.55,0,2018-01-15,71,589.10,9.34,25.00,6,0
CUST_8123,28,0,Male,Urban,Prepaid,60.75,0,2023-06-20,6,472.82,10.82,28.08,6,0
CUST_8124,29,0,Female,Rural,Yearly,25.86,0,2022-09-22,15,457.54,10.44,19.33,3,0
CUST_8125,26,0,Female,Suburban,Monthly,70.34,0,2021-07-20,29,561.11,9.95,24.92,12,0
CUST_8126,19,0,Female,Rural,Prepaid,40.73,0,2018-11-14,61,716.76,10.60,27.33,5,0
CUST_8127,43,1,Female,Urban,Prepaid,34.20,0,2019-09-18,51,336.34,8.46,20.17,8,0
CUST_8128,28,0,Male,Urban,Monthly,70.82,0,2018-03-26,69,461.94,8.66,25.75,3,0
CUST_8129,53,0,Male,Rural,Prepaid,63.08,0,2022-07-11,17,501.31,8.95,25.67,6,0
CUST_813,43,0,Male,Rural,Monthly,59.63,0,2021-03-13,33,600.47,9.43,24.58,7,0
CUST_8130,27,0,Male,Urban,Monthly,34.63,0,2023-05-05,7,233.56,9.78,21.42,4,0
CUST_8131,38,0,Male,Urban,Yearly,44.28,0,2019-11-25,49,502.99,11.02,24.08,10,1
CUST_8132,37,0,Female,Rural,Yearly,54.25,0,2021-06-04,30,341.74,9.08,25.50,9,1
CUST_8133,65,0,Male,Urban,Monthly,45.10,0,2022-12-22,12,493.56,9.96,29.25,5,0
CUST_8134,25,0,Male,Rural,Yearly,69.27,0,2018-07-10,65,587.45,10.52,30.33,7,0
CUST_8135,53,0,Female,Rural,Monthly,62.95,0,2021-10-13,26,584.67,9.70,29.75,6,0
CUST_8136,46,0,Male,Urban,Monthly,4.96,0,2019-03-02,57,511.12,9.03,21.50,6,0
CUST_8137,59,0,Male,Rural,Monthly,37.61,0,2022-08-23,16,316.04,8.68,30.25,5,0
CUST_8138,29,0,Male,Urban,Prepaid,41.90,0,2019-02-01,58,526.20,10.35,27.50,6,0
CUST_8139,31,0,Male,Urban,Prepaid,42.94,0,2018-11-29,61,453.88,9.64,28.75,6,0
CUST_814,42,0,Male,Rural,Prepaid,42.95,0,2022-03-24,21,348.08,9.03,26.83,6,0
CUST_8140,65,0,Female,Urban,Monthly,56.69,0,2022-07-06,17,587.43,9.53,18.92,4,0
CUST_8141,67,0,Female,Suburban,Yearly,67.02,0,2022-02-24,22,522.13,9.33,27.08,9,0
CUST_8142,43,1,Male,Urban,Monthly,40.39,0,2021-04-01,32,561.48,9.50,26.00,7,0
CUST_8143,43,1,Female,Rural,Monthly,33.10,0,2019-01-30,59,532.61,11.06,24.33,10,1
CUST_8144,43,1,Male,Rural,Monthly,45.14,0,2018-06-07,66,463.18,9.44,23.58,5,0
CUST_8145,43,1,Male,Rural,Monthly,17.52,0,2022-07-03,17,384.48,8.48,24.42,10,0
CUST_8146,67,0,Male,Suburban,Monthly,60.45,0,2020-05-02,43,652.64,9.15,24.67,4,0
CUST_8147,47,0,Female,Suburban,Yearly,48.12,0,2022-10-05,14,530.94,8.94,25.67,11,0
CUST_8148,56,0,Female,Rural,Monthly,43.78,0,2021-06-07,30,379.19,10.53,26.58,3,0
CUST_8149,43,1,Female,Rural,Prepaid,53.28,0,2018-08-30,64,540.11,10.54,23.08,6,0
CUST_815,43,1,Male,Rural,Monthly,19.94,0,2019-03-13,57,427.75,11.33,20.50,8,0
CUST_8150,41,0,Female,Suburban,Monthly,36.23,0,2021-10-04,26,411.96,10.58,21.83,8,0
CUST_8151,40,0,Female,Rural,Prepaid,44.75,0,2020-07-06,41,495.18,10.30,29.17,6,1
CUST_8152,24,0,Female,Urban,Monthly,39.82,0,2018-02-18,70,345.38,9.42,21.33,6,0
CUST_8153,26,0,Male,Urban,Monthly,21.59,0,2019-04-13,56,429.76,9.74,30.25,6,0
CUST_8154,18,0,Female,Rural,Monthly,49.90,0,2023-05-19,7,434.40,9.31,23.83,4,0
CUST_8155,43,0,Male,Urban,Prepaid,87.77,0,2023-03-01,9,457.53,10.54,20.33,11,0
CUST_8156,55,0,Male,Rural,Prepaid,50.42,0,2018-06-21,66,330.71,11.26,19.75,3,0
CUST_8157,55,0,Female,Suburban,Prepaid,38.40,0,2019-07-08,53,544.31,10.42,15.67,5,0
CUST_8158,43,1,Male,Rural,Monthly,50.85,0,2022-09-12,15,655.62,9.22,23.50,9,0
CUST_8159,39,0,Male,Suburban,Prepaid,33.58,0,2018-01-19,71,632.91,9.51,21.92,13,0
CUST_816,43,1,Female,Suburban,Yearly,55.88,0,2022-10-16,14,666.93,9.74,19.67,9,0
CUST_8160,61,0,Male,Urban,Monthly,41.05,0,2019-08-07,52,381.38,9.90,29.08,2,1
CUST_8161,27,0,Female,Urban,Yearly,43.61,0,2022-06-24,18,500.03,8.99,25.08,10,0
CUST_8162,43,1,Female,Urban,Prepaid,41.68,0,2020-12-09,36,670.53,11.15,31.67,4,0
CUST_8163,34,0,Male,Rural,Yearly,45.59,0,2020-07-07,41,591.21,10.47,23.08,5,0
CUST_8164,68,0,Female,Suburban,Yearly,60.36,0,2020-09-06,39,591.97,10.72,22.83,13,0
CUST_8165,67,0,Male,Suburban,Yearly,43.90,0,2021-09-03,27,524.73,10.14,28.92,10,0
CUST_8166,43,1,Female,Urban,Yearly,45.56,0,2020-10-26,38,501.80,9.40,28.92,3,0
CUST_8167,41,0,Male,Urban,Monthly,21.24,0,2019-04-15,56,437.92,8.67,23.42,11,0
CUST_8168,68,0,Male,Suburban,Monthly,30.16,0,2018-02-26,70,745.63,10.42,19.08,7,0
CUST_8169,27,0,Female,Rural,Monthly,51.22,0,2019-08-16,52,527.16,7.57,18.42,6,0
CUST_817,43,1,Female,Urban,Yearly,57.29,0,2022-07-07,17,585.33,10.36,27.33,9,0
CUST_8170,43,1,Female,Urban,Prepaid,67.13,0,2021-01-14,35,518.69,11.26,18.08,7,0
CUST_8171,43,1,Female,Rural,Prepaid,47.18,0,2022-07-26,17,470.58,9.98,29.25,6,0
CUST_8172,23,0,Female,Urban,Prepaid,48.89,0,2019-12-15,48,585.18,9.34,13.17,6,0
CUST_8173,38,0,Female,Urban,Prepaid,28.72,0,2021-02-20,34,634.21,9.18,21.25,6,0
CUST_8174,56,0,Male,Rural,Monthly,37.69,0,2019-03-28,57,611.87,8.86,22.25,9,0
CUST_8175,41,0,Male,Rural,Yearly,53.57,0,2022-05-30,19,683.69,10.79,26.83,4,0
CUST_8176,50,0,Male,Rural,Yearly,68.04,0,2023-06-11,6,405.45,10.80,27.42,8,0
CUST_8177,35,0,Female,Rural,Prepaid,53.02,0,2023-05-28,7,584.25,7.94,25.08,5,0
CUST_8178,43,1,Female,Suburban,Prepaid,48.03,0,2018-05-19,67,571.04,9.51,23.00,13,0
CUST_8179,69,0,Male,Suburban,Monthly,53.88,0,2023-04-10,8,454.97,10.52,25.33,6,0
CUST_818,43,1,Male,Suburban,Prepaid,31.81,0,2022-01-22,23,439.43,7.09,19.42,6,0
CUST_8180,43,1,Male,Urban,Prepaid,34.84,0,2022-11-21,13,729.21,9.33,17.67,2,0
CUST_8181,29,0,Male,Urban,Yearly,36.03,0,2022-09-05,15,539.84,9.87,21.25,4,0
CUST_8182,65,0,Male,Urban,Monthly,46.54,0,2019-06-05,54,448.12,11.66,35.00,6,1
CUST_8183,59,0,Female,Suburban,Monthly,32.67,0,2020-02-28,46,579.15,10.20,16.75,5,0
CUST_8184,44,0,Male,Rural,Prepaid,60.50,0,2019-08-22,52,483.48,10.21,20.33,4,0
CUST_8185,27,0,Female,Urban,Prepaid,64.09,0,2018-08-03,64,638.53,11.37,22.67,5,0
CUST_8186,43,1,Male,Suburban,Prepaid,45.92,0,2022-10-03,14,527.85,11.00,31.92,4,0
CUST_8187,69,0,Female,Urban,Monthly,61.34,0,2021-09-11,27,573.76,10.82,26.00,8,0
CUST_8188,59,0,Female,Suburban,Yearly,72.31,0,2019-11-17,49,589.51,9.43,24.83,3,0
CUST_8189,43,1,Female,Rural,Prepaid,56.05,0,2020-01-02,47,662.30,10.59,23.92,9,0
CUST_819,43,1,Male,Rural,Monthly,37.27,0,2022-03-30,21,588.60,10.86,22.92,2,0
CUST_8190,43,1,Female,Suburban,Prepaid,63.45,0,2021-07-21,29,447.89,9.96,25.58,4,0
CUST_8191,43,1,Male,Rural,Monthly,48.86,0,2020-09-20,39,619.28,8.85,27.25,7,0
CUST_8192,42,0,Male,Urban,Prepaid,63.50,0,2021-10-24,26,532.11,10.35,21.58,7,0
CUST_8193,43,1,Male,Rural,Yearly,48.12,0,2019-12-18,48,523.10,8.18,26.00,6,1
CUST_8194,40,0,Female,Suburban,Prepaid,39.55,0,2020-10-17,38,433.37,9.96,25.17,7,0
CUST_8195,51,0,Male,Urban,Yearly,60.40,0,2021-06-24,30,487.25,10.69,24.00,5,0
CUST_8196,69,0,Male,Urban,Yearly,53.30,0,2020-10-09,38,497.31,10.71,22.42,9,0
CUST_8197,57,0,Male,Suburban,Yearly,61.70,0,2022-04-11,20,191.79,7.99,21.92,2,0
CUST_8198,40,0,Female,Rural,Prepaid,38.88,0,2019-09-18,51,461.31,8.67,28.00,11,0
CUST_8199,43,1,Female,Suburban,Prepaid,54.76,0,2021-06-01,30,405.96,7.71,26.83,3,0
CUST_82,65,0,Female,Rural,Monthly,31.73,0,2018-04-07,68,541.13,9.95,16.92,4,0
CUST_820,43,1,Male,Suburban,Prepaid,43.88,0,2021-01-11,35,398.58,10.31,26.67,7,0
CUST_8200,48,0,Female,Rural,Yearly,64.13,0,2022-07-02,17,479.30,9.10,23.83,7,0
CUST_8201,43,1,Male,Rural,Yearly,43.31,0,2022-04-29,20,518.27,9.20,22.42,10,0
CUST_8202,43,1,Male,Urban,Monthly,62.02,0,2018-01-26,71,443.99,10.88,20.58,5,0
CUST_8203,50,0,Male,Rural,Monthly,73.59,0,2023-03-23,9,481.43,8.31,28.33,7,0
CUST_8204,43,1,Female,Urban,Prepaid,41.17,0,2018-05-28,67,406.50,9.96,27.00,5,0
CUST_8205,43,1,Male,Suburban,Yearly,53.98,0,2019-02-04,58,411.77,9.91,21.92,4,0
CUST_8206,35,0,Female,Suburban,Prepaid,76.32,0,2022-06-01,18,593.96,8.85,21.83,6,0
CUST_8207,43,1,Female,Urban,Prepaid,28.47,0,2020-12-10,36,402.16,7.58,25.33,5,0
CUST_8208,43,1,Female,Urban,Prepaid,56.07,0,2019-12-18,48,401.56,9.26,22.42,8,0
CUST_8209,43,1,Female,Rural,Monthly,60.39,0,2020-03-03,45,352.43,9.65,24.92,7,0
CUST_821,43,1,Female,Rural,Monthly,56.78,0,2020-05-14,43,592.86,9.15,25.33,6,0
CUST_8210,51,0,Male,Urban,Prepaid,50.31,0,2018-11-26,61,583.85,9.77,16.50,7,0
CUST_8211,37,0,Male,Suburban,Monthly,83.56,0,2018-06-09,66,277.91,9.32,29.25,3,0
CUST_8212,43,1,Female,Urban,Prepaid,57.36,0,2020-05-15,43,462.12,10.46,19.42,11,1
CUST_8213,68,0,Male,Urban,Prepaid,70.17,0,2021-05-22,31,499.81,8.80,20.42,9,0
CUST_8214,67,0,Female,Urban,Monthly,62.50,0,2019-08-21,52,338.20,9.78,21.42,7,0
CUST_8215,43,1,Male,Rural,Prepaid,72.42,0,2020-02-03,46,332.49,8.17,24.75,4,0
CUST_8216,63,0,Male,Urban,Prepaid,52.64,0,2022-12-14,12,412.11,10.28,28.42,8,0
CUST_8217,41,0,Female,Rural,Monthly,30.42,0,2018-11-28,61,558.69,9.00,19.25,5,0
CUST_8218,25,0,Female,Rural,Monthly,58.20,0,2018-02-25,70,616.27,10.49,29.17,7,0
CUST_8219,47,0,Female,Urban,Prepaid,24.71,0,2023-03-14,9,510.54,8.82,20.75,10,0
CUST_822,52,0,Female,Rural,Prepaid,87.25,0,2021-03-02,33,512.44,10.94,23.92,5,0
CUST_8220,43,1,Female,Rural,Yearly,44.99,0,2022-08-04,16,583.88,10.44,21.67,6,0
CUST_8221,43,1,Male,Urban,Yearly,43.00,0,2018-02-01,70,574.17,10.10,19.00,8,0
CUST_8222,43,1,Female,Suburban,Monthly,44.18,0,2021-07-25,29,462.82,10.29,27.75,4,0
CUST_8223,43,1,Male,Suburban,Prepaid,68.96,0,2018-10-28,62,311.45,10.80,27.25,5,0
CUST_8224,66,0,Female,Rural,Prepaid,49.62,0,2019-01-20,59,464.77,11.18,20.50,5,0
CUST_8225,28,0,Male,Suburban,Yearly,80.84,0,2022-02-26,22,560.45,9.77,33.00,1,0
CUST_8226,19,0,Female,Urban,Monthly,49.03,0,2021-11-08,25,626.93,11.02,24.83,6,0
CUST_8227,43,1,Male,Rural,Prepaid,17.94,0,2018-08-15,64,562.39,12.28,28.58,6,0
CUST_8228,53,0,Male,Urban,Yearly,41.12,0,2019-06-21,54,485.07,10.96,26.58,6,0
CUST_8229,50,0,Male,Rural,Monthly,62.76,0,2021-10-06,26,695.46,11.32,26.42,3,0
CUST_823,43,1,Female,Urban,Monthly,66.77,0,2020-06-25,42,509.40,9.93,29.25,8,0
CUST_8230,43,1,Female,Rural,Monthly,29.78,0,2020-04-01,44,744.05,10.83,22.83,6,0
CUST_8231,30,0,Female,Rural,Prepaid,44.66,0,2018-11-15,61,386.54,9.53,30.75,9,0
CUST_8232,43,1,Female,Rural,Prepaid,62.25,0,2020-05-05,43,464.46,8.77,24.67,6,0
CUST_8233,42,0,Female,Suburban,Yearly,45.27,0,2021-03-17,33,446.70,11.06,20.83,4,0
CUST_8234,21,0,Male,Suburban,Monthly,41.68,0,2018-11-04,61,531.61,10.59,28.42,5,1
CUST_8235,59,0,Male,Suburban,Prepaid,68.81,0,2021-02-06,34,492.71,11.58,33.00,5,0
CUST_8236,36,0,Male,Rural,Monthly,46.60,0,2022-04-05,20,682.67,8.96,24.50,8,0
CUST_8237,35,0,Female,Suburban,Monthly,34.37,0,2021-07-31,29,464.92,10.10,23.58,5,0
CUST_8238,54,0,Male,Rural,Prepaid,62.50,0,2018-06-20,66,568.30,9.34,23.08,4,0
CUST_8239,47,0,Male,Suburban,Monthly,67.05,0,2019-07-09,53,569.32,11.10,19.50,8,0
CUST_824,38,0,Male,Urban,Monthly,27.37,0,2020-03-06,45,379.61,9.96,36.17,9,0
CUST_8240,43,1,Female,Rural,Monthly,52.71,0,2022-11-15,13,629.25,9.13,25.67,5,0
CUST_8241,43,1,Female,Suburban,Prepaid,41.31,0,2020-03-10,45,551.66,10.31,32.50,7,0
CUST_8242,33,0,Male,Suburban,Prepaid,36.69,0,2022-06-28,18,517.46,11.22,32.42,8,0
CUST_8243,18,0,Female,Suburban,Prepaid,41.70,0,2019-05-26,55,529.70,8.73,28.92,6,0
CUST_8244,29,0,Female,Rural,Monthly,31.09,0,2021-07-25,29,552.36,9.79,25.25,5,0
CUST_8245,43,1,Female,Rural,Monthly,42.61,0,2020-09-10,39,407.01,9.66,25.42,9,0
CUST_8246,51,0,Female,Suburban,Prepaid,58.24,0,2020-07-21,41,443.88,9.42,25.75,5,0
CUST_8247,25,0,Male,Rural,Monthly,61.05,0,2019-09-24,51,423.90,10.38,23.67,4,0
CUST_8248,35,0,Male,Urban,Prepaid,50.41,0,2018-01-08,71,590.66,9.60,22.17,6,0
CUST_8249,65,0,Male,Suburban,Monthly,55.74,0,2021-02-09,34,620.35,8.50,28.17,6,0
CUST_825,43,1,Female,Urban,Yearly,43.46,0,2022-09-14,15,435.20,9.80,26.42,6,0
CUST_8250,22,0,Male,Suburban,Prepaid,46.47,0,2020-07-04,41,452.44,10.54,23.83,3,0
CUST_8251,43,0,Male,Urban,Monthly,39.04,0,2021-10-17,26,471.39,10.26,16.17,7,0
CUST_8252,43,1,Female,Rural,Monthly,44.86,0,2023-03-31,9,622.31,7.72,30.42,4,0
CUST_8253,30,0,Male,Rural,Monthly,66.86,0,2019-03-15,57,450.40,10.69,28.75,5,0
CUST_8254,36,0,Male,Rural,Monthly,15.85,0,2020-10-27,38,692.82,10.69,23.92,3,0
CUST_8255,46,0,Female,Suburban,Prepaid,32.81,0,2022-06-04,18,607.98,11.06,22.67,4,0
CUST_8256,43,1,Female,Suburban,Yearly,42.90,0,2019-11-11,49,657.92,10.08,23.67,3,0
CUST_8257,43,1,Female,Suburban,Yearly,33.33,0,2019-10-03,50,385.29,10.33,26.75,6,0
CUST_8258,57,0,Male,Suburban,Monthly,56.57,0,2019-03-15,57,510.85,9.73,23.17,6,0
CUST_8259,29,0,Female,Suburban,Yearly,27.00,0,2021-10-12,26,409.92,9.13,26.00,8,1
CUST_826,23,0,Female,Suburban,Monthly,48.58,0,2020-04-22,44,518.24,9.61,25.17,10,0
CUST_8260,43,1,Female,Rural,Prepaid,68.05,0,2018-03-24,69,554.09,9.70,21.50,6,0
CUST_8261,43,1,Female,Urban,Prepaid,79.34,0,2020-03-09,45,487.88,8.72,22.08,5,0
CUST_8262,61,0,Male,Rural,Monthly,53.73,0,2018-10-24,62,706.94,10.47,22.08,6,0
CUST_8263,45,0,Female,Rural,Yearly,40.72,0,2021-10-31,26,473.83,10.18,22.17,7,0
CUST_8264,43,1,Female,Suburban,Prepaid,63.90,0,2019-05-18,55,434.24,8.91,29.25,14,0
CUST_8265,43,1,Male,Urban,Monthly,45.76,0,2022-06-19,18,454.54,10.79,22.08,8,0
CUST_8266,43,1,Female,Urban,Yearly,37.18,0,2019-06-14,54,372.11,9.88,19.67,3,0
CUST_8267,39,0,Male,Rural,Yearly,50.79,0,2020-08-05,40,568.58,9.25,17.83,4,0
CUST_8268,43,1,Male,Urban,Prepaid,26.35,0,2022-09-27,15,544.50,9.55,28.75,9,1
CUST_8269,19,0,Female,Rural,Prepaid,38.90,0,2019-06-14,54,356.85,10.31,17.83,9,0
CUST_827,45,0,Female,Urban,Prepaid,57.54,0,2021-07-05,29,440.97,9.43,21.50,10,0
CUST_8270,43,1,Male,Rural,Prepaid,38.51,0,2019-12-07,48,465.05,9.19,25.67,9,0
CUST_8271,24,0,Female,Rural,Monthly,48.58,0,2019-11-10,49,425.31,10.06,21.58,6,0
CUST_8272,43,1,Female,Rural,Yearly,26.16,0,2019-01-31,59,521.59,8.92,24.75,1,1
CUST_8273,43,0,Female,Suburban,Monthly,36.10,0,2021-12-12,24,344.98,10.16,26.83,7,0
CUST_8274,43,1,Female,Urban,Yearly,42.30,0,2021-04-07,32,515.53,10.38,20.17,8,0
CUST_8275,43,1,Male,Suburban,Monthly,57.11,0,2020-09-01,39,377.12,11.30,21.42,4,0
CUST_8276,33,0,Female,Suburban,Monthly,50.04,0,2020-07-16,41,583.14,7.74,26.08,7,0
CUST_8277,40,0,Female,Suburban,Prepaid,74.52,0,2022-04-24,20,481.29,8.33,26.92,9,0
CUST_8278,57,0,Female,Rural,Prepaid,36.43,0,2019-02-19,58,659.45,10.33,28.42,5,0
CUST_8279,26,0,Male,Rural,Prepaid,63.25,0,2023-02-04,10,517.64,9.52,24.08,6,0
CUST_828,34,0,Female,Rural,Yearly,37.81,0,2020-09-11,39,484.14,9.29,27.42,3,0
CUST_8280,49,0,Male,Suburban,Prepaid,63.24,0,2019-10-21,50,409.65,11.16,27.58,6,0
CUST_8281,43,1,Female,Suburban,Prepaid,52.71,0,2019-08-13,52,429.06,8.31,18.08,11,0
CUST_8282,43,1,Male,Urban,Prepaid,52.12,0,2020-04-03,44,528.67,11.11,23.08,6,0
CUST_8283,30,0,Male,Suburban,Monthly,53.96,0,2021-03-24,33,566.13,10.97,22.33,3,0
CUST_8284,22,0,Female,Rural,Monthly,35.91,0,2022-08-06,16,401.12,10.28,24.33,11,0
CUST_8285,28,0,Female,Suburban,Prepaid,64.41,0,2023-01-14,11,419.60,10.37,25.75,7,0
CUST_8286,27,0,Female,Urban,Monthly,51.12,0,2020-10-25,38,513.07,10.19,19.17,7,0
CUST_8287,69,0,Female,Urban,Monthly,31.96,0,2018-01-15,71,615.23,10.63,30.08,7,0
CUST_8288,30,0,Female,Suburban,Monthly,67.87,0,2019-09-01,51,454.48,11.46,18.33,2,0
CUST_8289,43,1,Male,Urban,Monthly,48.37,0,2019-10-02,50,509.78,9.91,19.50,6,0
CUST_829,22,0,Female,Urban,Prepaid,58.77,0,2018-12-15,60,532.91,9.22,24.75,4,0
CUST_8290,63,0,Female,Urban,Monthly,50.79,0,2019-12-05,48,481.13,9.06,29.83,4,0
CUST_8291,67,0,Female,Rural,Yearly,12.34,0,2023-03-18,9,484.42,10.26,24.42,5,0
CUST_8292,43,1,Female,Urban,Prepaid,48.76,0,2023-05-31,7,690.92,9.37,30.92,3,0
CUST_8293,59,0,Female,Urban,Prepaid,69.04,0,2019-05-12,55,538.37,10.22,23.58,5,0
CUST_8294,43,1,Female,Suburban,Prepaid,40.59,0,2018-01-10,71,457.79,9.49,23.92,7,0
CUST_8295,43,1,Male,Rural,Monthly,30.68,0,2022-10-23,14,489.90,12.36,18.83,9,0
CUST_8296,45,0,Female,Urban,Prepaid,56.84,0,2021-11-12,25,388.85,10.03,20.25,6,0
CUST_8297,43,1,Male,Suburban,Monthly,23.86,0,2021-06-10,30,463.09,9.59,24.58,8,0
CUST_8298,52,0,Female,Suburban,Prepaid,59.02,0,2021-04-17,32,424.49,10.82,19.67,13,0
CUST_8299,43,1,Female,Suburban,Monthly,46.95,0,2019-11-28,49,671.53,11.91,25.08,9,1
CUST_83,43,1,Male,Urban,Monthly,93.82,0,2021-08-15,28,556.94,10.32,31.33,4,1
CUST_830,48,0,Male,Suburban,Yearly,42.30,0,2018-04-17,68,553.66,9.99,25.17,4,0
CUST_8300,65,0,Female,Suburban,Monthly,51.22,0,2020-01-22,47,610.15,9.98,19.83,6,0
CUST_8301,43,1,Male,Suburban,Prepaid,85.47,0,2018-10-03,62,410.50,9.65,22.67,4,0
CUST_8302,38,0,Female,Suburban,Monthly,53.76,0,2019-05-06,55,638.29,10.26,18.92,10,0
CUST_8303,23,0,Female,Urban,Yearly,29.92,0,2018-10-20,62,372.89,10.50,12.42,5,0
CUST_8304,43,1,Female,Rural,Monthly,51.72,0,2022-05-19,19,602.07,8.88,21.92,7,0
CUST_8305,43,1,Female,Rural,Prepaid,305.75,0,2022-05-15,19,538.03,10.87,28.00,5,0
CUST_8306,43,1,Female,Suburban,Yearly,19.71,0,2018-07-19,65,496.69,8.85,14.42,8,0
CUST_8307,61,0,Female,Suburban,Prepaid,49.81,0,2020-08-09,40,506.96,11.11,19.50,5,0
CUST_8308,43,0,Female,Rural,Monthly,24.03,0,2019-05-21,55,416.99,10.23,27.75,8,0
CUST_8309,54,0,Male,Urban,Prepaid,50.37,0,2021-02-15,34,499.90,8.60,24.58,2,0
CUST_831,22,0,Male,Urban,Monthly,58.74,0,2021-09-16,27,449.45,11.02,27.17,6,0
CUST_8310,43,1,Female,Suburban,Yearly,73.17,0,2021-05-20,31,376.61,8.20,22.00,4,0
CUST_8311,46,0,Female,Rural,Prepaid,43.48,0,2020-05-26,43,479.83,10.44,24.58,3,0
CUST_8312,43,1,Female,Rural,Prepaid,51.18,0,2020-06-18,42,398.63,9.64,25.00,8,0
CUST_8313,65,0,Male,Suburban,Yearly,54.20,0,2021-12-09,24,535.87,11.26,26.92,9,0
CUST_8314,62,0,Male,Rural,Monthly,55.14,0,2020-01-10,47,230.65,11.63,16.58,7,0
CUST_8315,43,1,Female,Urban,Monthly,52.22,0,2018-01-04,71,435.09,10.30,28.83,4,0
CUST_8316,66,0,Male,Rural,Prepaid,19.87,0,2022-06-11,18,648.58,9.04,15.83,7,0
CUST_8317,43,1,Female,Suburban,Monthly,52.77,0,2023-04-12,8,441.32,8.46,19.58,6,0
CUST_8318,43,1,Female,Suburban,Yearly,40.48,0,2021-06-14,30,601.29,9.60,22.58,7,0
CUST_8319,57,0,Male,Rural,Monthly,32.89,0,2020-08-16,40,528.51,8.91,19.17,5,0
CUST_832,43,1,Male,Urban,Yearly,51.14,0,2020-04-27,44,477.87,9.02,20.67,8,0
CUST_8320,30,0,Female,Rural,Yearly,52.99,0,2020-03-15,45,396.17,9.79,19.25,7,0
CUST_8321,43,1,Male,Suburban,Yearly,52.09,0,2022-11-14,13,597.66,9.15,30.67,7,0
CUST_8322,33,0,Male,Urban,Monthly,23.43,0,2021-09-13,27,516.59,9.68,31.67,4,0
CUST_8323,43,1,Male,Rural,Prepaid,44.01,0,2020-07-02,41,498.48,9.10,18.42,5,0
CUST_8324,43,1,Female,Urban,Prepaid,70.13,0,2018-09-10,63,498.48,10.87,22.33,4,0
CUST_8325,57,0,Female,Urban,Prepaid,31.13,0,2018-07-06,65,570.69,11.35,20.83,5,0
CUST_8326,33,0,Female,Suburban,Monthly,52.51,0,2022-02-28,22,576.86,9.18,28.42,5,0
CUST_8327,48,0,Female,Suburban,Yearly,31.92,0,2020-08-09,40,383.08,8.63,24.83,9,0
CUST_8328,59,0,Female,Suburban,Monthly,74.61,0,2019-10-20,50,486.13,10.62,25.83,8,0
CUST_8329,42,0,Female,Urban,Yearly,60.47,0,2022-07-30,17,498.78,9.89,18.50,8,0
CUST_833,43,1,Male,Urban,Prepaid,80.68,0,2018-07-29,65,406.33,9.46,18.83,5,0
CUST_8330,43,1,Female,Suburban,Yearly,37.56,0,2021-05-18,31,643.89,9.82,28.42,5,0
CUST_8331,29,0,Male,Suburban,Yearly,53.21,0,2019-12-31,48,400.01,8.77,19.58,6,0
CUST_8332,43,0,Female,Urban,Yearly,29.44,0,2020-09-03,39,526.44,10.14,30.17,6,0
CUST_8333,54,0,Female,Urban,Monthly,22.81,0,2019-09-08,51,450.76,9.97,25.08,8,1
CUST_8334,65,0,Female,Urban,Yearly,48.58,0,2018-06-09,66,510.70,8.90,22.83,5,0
CUST_8335,50,0,Male,Urban,Monthly,38.64,0,2019-10-10,50,489.51,10.50,20.42,3,0
CUST_8336,43,1,Male,Rural,Monthly,52.97,0,2019-06-30,54,269.58,10.40,26.17,6,0
CUST_8337,26,0,Male,Suburban,Monthly,24.86,0,2021-10-12,26,366.45,8.78,22.58,6,0
CUST_8338,43,1,Female,Rural,Monthly,41.66,0,2020-06-19,42,563.69,8.74,22.17,10,0
CUST_8339,43,1,Male,Urban,Prepaid,72.96,0,2019-05-24,55,393.87,10.64,28.08,4,0
CUST_834,40,0,Female,Suburban,Prepaid,64.68,0,2020-03-25,45,516.59,9.68,23.58,1,0
CUST_8340,43,1,Male,Urban,Monthly,71.46,0,2021-06-07,30,471.86,11.44,28.25,3,0
CUST_8341,45,0,Female,Urban,Prepaid,75.09,0,2020-10-09,38,592.60,9.82,36.67,6,0
CUST_8342,43,1,Female,Urban,Prepaid,83.90,0,2022-05-25,19,473.54,11.23,24.17,6,0
CUST_8343,22,0,Female,Urban,Monthly,43.94,0,2022-02-21,22,527.70,8.21,22.33,1,0
CUST_8344,43,1,Male,Suburban,Yearly,8.31,0,2020-09-17,39,658.32,10.68,26.75,5,0
CUST_8345,43,1,Female,Rural,Monthly,66.56,0,2018-12-29,60,544.72,9.59,26.58,7,0
CUST_8346,51,0,Female,Rural,Prepaid,33.25,0,2018-01-05,71,388.36,10.17,18.08,4,0
CUST_8347,43,1,Female,Suburban,Yearly,80.89,0,2020-07-28,41,527.11,10.86,18.58,7,0
CUST_8348,56,0,Female,Suburban,Yearly,51.24,0,2020-03-01,45,245.20,9.91,30.00,5,0
CUST_8349,59,0,Female,Suburban,Yearly,74.53,0,2019-12-21,48,406.96,10.28,27.33,4,0
CUST_835,54,0,Male,Rural,Monthly,69.71,0,2019-05-07,55,480.64,10.53,29.42,14,0
CUST_8350,43,1,Female,Rural,Monthly,47.68,0,2019-11-06,49,592.29,9.16,28.25,4,0
CUST_8351,65,0,Male,Rural,Prepaid,39.81,0,2021-06-07,30,363.56,10.68,18.50,2,0
CUST_8352,31,0,Female,Urban,Prepaid,60.91,0,2020-02-15,46,453.09,9.98,22.00,6,0
CUST_8353,28,0,Male,Rural,Monthly,57.34,0,2018-11-18,61,380.24,9.70,25.58,8,0
CUST_8354,43,1,Male,Rural,Prepaid,32.82,0,2019-07-22,53,613.77,9.51,33.33,5,0
CUST_8355,43,1,Female,Suburban,Prepaid,49.48,0,2022-11-27,13,491.41,8.92,21.83,5,0
CUST_8356,43,1,Male,Rural,Yearly,41.36,0,2022-11-02,13,543.02,10.30,25.00,7,0
CUST_8357,50,0,Male,Urban,Monthly,53.06,0,2018-06-11,66,512.39,11.39,24.42,2,0
CUST_8358,43,1,Male,Rural,Prepaid,49.48,0,2018-09-24,63,345.93,12.22,18.25,5,0
CUST_8359,43,1,Female,Suburban,Prepaid,52.05,0,2019-08-10,52,577.64,8.85,24.42,7,0
CUST_836,43,1,Male,Rural,Yearly,34.14,0,2020-10-28,38,575.92,9.94,17.67,7,0
CUST_8360,25,0,Male,Suburban,Prepaid,50.23,0,2022-07-22,17,362.54,11.19,25.67,9,1
CUST_8361,43,1,Male,Urban,Prepaid,44.71,0,2019-09-04,51,663.82,9.41,23.58,6,0
CUST_8362,68,0,Male,Urban,Monthly,55.39,0,2023-02-06,10,350.99,11.98,26.50,6,0
CUST_8363,43,1,Male,Rural,Prepaid,38.62,0,2018-09-01,63,436.29,9.72,29.92,3,0
CUST_8364,60,0,Female,Urban,Yearly,74.73,0,2020-05-31,43,533.73,8.99,26.75,3,0
CUST_8365,43,1,Female,Urban,Yearly,49.76,0,2019-09-25,51,449.86,9.50,18.08,7,0
CUST_8366,55,0,Male,Suburban,Monthly,62.63,0,2022-06-18,18,551.51,7.76,24.17,4,0
CUST_8367,32,0,Female,Suburban,Monthly,41.98,0,2021-06-23,30,595.60,9.89,17.83,6,0
CUST_8368,43,1,Female,Rural,Prepaid,43.63,0,2019-05-26,55,655.15,8.65,22.25,7,1
CUST_8369,46,0,Male,Rural,Monthly,63.83,0,2019-06-20,54,484.49,9.51,27.50,7,0
CUST_837,27,0,Male,Rural,Prepaid,42.02,0,2019-06-05,54,361.39,9.39,23.50,9,0
CUST_8370,36,0,Female,Rural,Monthly,61.40,0,2023-03-09,9,583.68,9.18,20.00,7,0
CUST_8371,68,0,Female,Rural,Monthly,48.16,0,2019-07-31,53,693.60,10.02,27.17,3,0
CUST_8372,43,1,Male,Suburban,Prepaid,23.23,0,2021-05-02,31,450.52,10.89,22.92,4,1
CUST_8373,43,1,Male,Rural,Prepaid,42.14,0,2019-11-24,49,344.64,10.22,23.25,3,0
CUST_8374,21,0,Female,Rural,Prepaid,48.67,0,2019-02-01,58,428.10,10.83,19.92,9,0
CUST_8375,48,0,Female,Urban,Monthly,39.76,0,2021-08-06,28,459.20,8.76,23.50,4,0
CUST_8376,35,0,Female,Rural,Monthly,30.92,0,2020-02-13,46,468.52,8.69,28.42,8,0
CUST_8377,33,0,Female,Urban,Monthly,62.81,0,2018-05-21,67,402.07,10.52,26.42,4,0
CUST_8378,57,0,Male,Suburban,Monthly,47.29,0,2018-08-09,64,660.22,8.03,31.67,4,1
CUST_8379,53,0,Male,Rural,Prepaid,77.13,0,2020-01-01,47,475.57,10.16,29.67,5,0
CUST_838,27,0,Female,Urban,Prepaid,54.91,0,2021-03-08,33,467.85,9.35,23.00,5,0
CUST_8380,42,0,Male,Urban,Yearly,47.49,0,2022-10-16,14,350.68,8.96,21.17,8,0
CUST_8381,40,0,Male,Rural,Monthly,52.66,0,2020-10-30,38,468.16,11.36,23.67,3,1
CUST_8382,29,0,Male,Urban,Prepaid,41.17,0,2022-10-24,14,503.64,9.94,23.08,5,1
CUST_8383,51,0,Female,Rural,Monthly,72.67,0,2021-01-01,35,643.21,9.03,25.00,6,0
CUST_8384,43,1,Female,Suburban,Monthly,45.46,0,2019-03-28,57,483.58,8.32,26.58,3,0
CUST_8385,54,0,Male,Suburban,Prepaid,46.96,0,2022-07-12,17,459.64,10.99,26.25,8,1
CUST_8386,20,0,Male,Urban,Monthly,35.72,0,2021-09-10,27,566.84,10.34,19.92,9,0
CUST_8387,43,1,Male,Urban,Yearly,55.69,0,2021-04-18,32,423.97,10.84,16.83,5,0
CUST_8388,43,1,Female,Suburban,Prepaid,45.05,0,2023-02-07,10,565.03,9.16,27.17,8,0
CUST_8389,60,0,Female,Rural,Monthly,35.46,0,2020-06-16,42,382.71,9.90,24.92,7,0
CUST_839,36,0,Male,Urban,Prepaid,31.50,0,2018-08-08,64,551.02,10.57,24.58,6,0
CUST_8390,52,0,Female,Urban,Prepaid,49.27,0,2020-12-18,36,465.86,10.60,25.08,9,0
CUST_8391,51,0,Male,Suburban,Yearly,60.87,0,2021-06-15,30,508.36,10.36,31.00,11,0
CUST_8392,58,0,Male,Urban,Prepaid,74.72,0,2018-06-30,66,642.76,10.21,26.33,9,0
CUST_8393,31,0,Male,Suburban,Prepaid,53.54,0,2019-04-29,56,626.32,9.07,24.50,3,0
CUST_8394,21,0,Male,Suburban,Monthly,41.74,0,2019-08-18,52,449.95,10.99,24.17,7,0
CUST_8395,46,0,Male,Urban,Prepaid,56.85,0,2021-06-20,30,676.84,9.84,28.33,5,0
CUST_8396,58,0,Female,Urban,Prepaid,47.89,0,2018-05-01,67,570.29,9.27,22.33,10,1
CUST_8397,62,0,Male,Suburban,Prepaid,50.84,0,2022-12-28,12,686.86,9.72,29.92,2,0
CUST_8398,67,0,Female,Rural,Prepaid,49.97,0,2021-05-02,31,391.14,9.65,27.08,12,0
CUST_8399,32,0,Female,Suburban,Prepaid,56.92,0,2021-08-03,28,421.93,10.43,16.50,6,0
CUST_84,43,1,Female,Urban,Monthly,74.43,0,2022-03-10,21,509.88,9.94,24.08,4,0
CUST_840,34,0,Female,Suburban,Yearly,65.68,0,2022-08-07,16,467.75,12.14,27.00,7,0
CUST_8400,43,1,Female,Rural,Yearly,58.93,0,2018-12-21,60,398.30,10.41,20.00,6,0
CUST_8401,43,1,Female,Rural,Yearly,49.26,0,2019-08-02,52,374.95,10.47,31.33,6,0
CUST_8402,33,0,Female,Rural,Monthly,102.77,0,2021-10-13,26,285.50,8.81,20.92,5,0
CUST_8403,29,0,Male,Urban,Monthly,63.78,0,2018-10-04,62,403.65,8.47,24.33,4,0
CUST_8404,69,0,Male,Suburban,Monthly,18.81,0,2022-01-18,23,607.18,11.16,24.75,4,0
CUST_8405,22,0,Male,Suburban,Prepaid,44.80,0,2021-07-19,29,377.82,9.92,21.50,6,0
CUST_8406,51,0,Female,Rural,Prepaid,49.71,0,2019-10-22,50,523.07,9.87,28.67,6,0
CUST_8407,59,0,Female,Rural,Monthly,59.14,0,2021-04-12,32,369.67,8.17,25.17,4,0
CUST_8408,43,1,Female,Rural,Prepaid,77.51,0,2022-07-24,17,394.08,10.19,24.58,2,0
CUST_8409,56,0,Female,Suburban,Monthly,39.21,0,2022-08-22,16,471.38,9.30,26.67,7,0
CUST_841,43,1,Female,Rural,Monthly,51.96,0,2022-03-03,21,445.54,9.79,23.92,4,0
CUST_8410,43,1,Female,Rural,Monthly,67.26,0,2018-03-14,69,318.65,9.82,30.83,6,0
CUST_8411,43,0,Female,Suburban,Monthly,53.05,0,2019-07-11,53,270.79,10.79,24.50,4,0
CUST_8412,34,0,Male,Suburban,Yearly,54.94,0,2021-03-11,33,509.34,9.94,20.42,4,0
CUST_8413,65,0,Female,Urban,Monthly,67.91,0,2019-02-06,58,512.02,10.36,18.67,11,1
CUST_8414,44,0,Female,Rural,Yearly,25.04,0,2019-03-01,57,431.65,9.75,19.08,7,0
CUST_8415,43,1,Male,Rural,Monthly,58.02,0,2018-03-12,69,493.70,9.39,28.25,4,0
CUST_8416,43,1,Female,Rural,Prepaid,74.79,0,2021-07-02,29,404.37,8.97,25.00,7,0
CUST_8417,63,0,Male,Urban,Monthly,34.13,0,2018-11-18,61,589.90,9.23,19.67,3,0
CUST_8418,59,0,Male,Rural,Monthly,50.03,0,2018-02-12,70,544.53,9.33,22.25,7,0
CUST_8419,56,0,Male,Suburban,Monthly,60.18,0,2022-10-08,14,294.64,8.80,20.25,5,1
CUST_842,43,1,Female,Urban,Prepaid,66.50,0,2021-08-25,28,408.41,8.92,26.50,4,0
CUST_8420,43,0,Female,Rural,Monthly,20.65,0,2023-05-11,7,484.20,11.22,27.33,9,0
CUST_8421,66,0,Male,Suburban,Prepaid,55.04,0,2022-12-11,12,436.37,9.74,25.17,9,0
CUST_8422,55,0,Male,Suburban,Yearly,46.09,0,2020-05-28,43,521.00,10.16,24.50,6,0
CUST_8423,40,0,Female,Suburban,Yearly,71.03,0,2022-08-17,16,372.26,9.77,25.58,6,0
CUST_8424,39,0,Male,Suburban,Monthly,38.91,0,2021-11-20,25,487.81,9.04,27.00,3,0
CUST_8425,43,1,Female,Rural,Prepaid,49.37,0,2018-02-17,70,558.51,12.08,24.67,7,0
CUST_8426,43,1,Female,Urban,Yearly,37.93,0,2020-11-08,37,457.03,9.57,20.67,7,0
CUST_8427,43,1,Male,Urban,Monthly,48.21,0,2022-10-28,14,467.34,10.38,23.00,10,0
CUST_8428,21,0,Female,Suburban,Prepaid,39.23,0,2018-11-30,61,593.94,10.33,24.92,5,0
CUST_8429,24,0,Female,Rural,Monthly,44.22,0,2021-07-24,29,509.78,11.50,22.58,7,0
CUST_843,26,0,Male,Urban,Prepaid,57.23,0,2018-02-02,70,620.97,9.72,23.08,3,0
CUST_8430,40,0,Male,Urban,Monthly,32.80,0,2018-04-08,68,367.05,10.00,23.75,4,0
CUST_8431,19,0,Male,Rural,Prepaid,39.56,0,2020-09-06,39,494.58,8.85,24.83,5,0
CUST_8432,66,0,Male,Urban,Monthly,38.74,0,2019-02-02,58,359.23,9.98,24.67,5,0
CUST_8433,41,0,Male,Suburban,Monthly,43.12,0,2020-04-23,44,459.88,7.87,28.25,3,0
CUST_8434,43,1,Female,Suburban,Monthly,48.25,0,2018-11-30,61,319.90,8.13,22.33,5,0
CUST_8435,48,0,Male,Suburban,Prepaid,6.43,0,2018-08-31,64,486.58,9.93,25.25,7,0
CUST_8436,64,0,Male,Urban,Prepaid,52.14,0,2021-07-05,29,460.69,10.82,20.92,4,0
CUST_8437,43,1,Male,Rural,Prepaid,68.59,0,2020-01-28,47,456.12,9.02,22.17,4,0
CUST_8438,43,1,Female,Suburban,Prepaid,61.31,0,2021-06-11,30,378.52,9.67,28.50,4,0
CUST_8439,57,0,Female,Rural,Prepaid,37.00,0,2022-03-29,21,407.01,9.35,16.83,3,0
CUST_844,63,0,Female,Urban,Monthly,50.67,0,2021-05-13,31,522.51,11.13,24.67,8,0
CUST_8440,65,0,Female,Rural,Monthly,65.34,0,2018-07-18,65,439.44,10.79,24.42,4,0
CUST_8441,68,0,Female,Suburban,Prepaid,37.87,0,2023-03-05,9,335.73,11.00,21.83,7,0
CUST_8442,60,0,Female,Urban,Prepaid,54.39,0,2019-01-16,59,430.22,10.05,23.67,9,0
CUST_8443,51,0,Male,Suburban,Prepaid,13.75,0,2018-06-19,66,575.39,9.87,24.25,7,0
CUST_8444,43,1,Female,Suburban,Prepaid,59.14,0,2019-08-09,52,563.58,9.32,31.42,12,0
CUST_8445,43,1,Female,Urban,Monthly,50.08,0,2018-12-21,60,484.41,9.34,24.58,6,0
CUST_8446,43,1,Female,Rural,Monthly,52.08,0,2018-12-13,60,356.44,9.12,23.17,5,0
CUST_8447,33,0,Male,Urban,Prepaid,50.26,0,2023-01-05,11,491.56,9.99,17.50,3,1
CUST_8448,64,0,Male,Urban,Prepaid,78.02,0,2022-02-03,22,481.54,10.34,18.42,7,0
CUST_8449,30,0,Female,Suburban,Monthly,63.11,0,2023-05-27,7,757.87,10.49,26.25,8,1
CUST_845,18,0,Male,Suburban,Prepaid,48.16,0,2022-09-27,15,513.48,11.44,31.17,6,1
CUST_8450,32,0,Male,Urban,Prepaid,60.74,0,2022-11-08,13,480.68,9.10,25.83,7,1
CUST_8451,43,1,Female,Urban,Yearly,58.33,0,2020-03-01,45,636.18,9.08,21.25,7,1
CUST_8452,21,0,Male,Urban,Monthly,80.09,0,2018-11-07,61,609.73,9.91,26.58,8,0
CUST_8453,43,1,Male,Rural,Prepaid,46.22,0,2021-08-13,28,420.37,8.06,37.58,6,1
CUST_8454,47,0,Female,Rural,Monthly,29.17,0,2022-07-26,17,485.88,9.87,18.25,11,0
CUST_8455,61,0,Male,Suburban,Monthly,75.75,0,2023-02-07,10,554.55,11.16,29.33,5,0
CUST_8456,47,0,Female,Suburban,Prepaid,42.87,0,2019-12-02,48,508.92,9.39,31.25,6,0
CUST_8457,53,0,Female,Rural,Prepaid,57.43,0,2020-05-13,43,212.86,7.76,27.17,5,0
CUST_8458,20,0,Female,Urban,Monthly,57.82,0,2021-01-20,35,483.73,9.58,28.67,8,0
CUST_8459,39,0,Male,Suburban,Yearly,38.99,0,2021-10-08,26,415.10,9.64,22.75,7,1
CUST_846,68,0,Male,Rural,Monthly,38.47,0,2018-03-23,69,501.92,10.53,21.67,3,0
CUST_8460,66,0,Male,Suburban,Prepaid,28.79,0,2023-03-23,9,616.17,8.91,29.00,7,0
CUST_8461,43,1,Female,Urban,Monthly,65.99,0,2018-05-03,67,541.20,10.81,26.33,4,0
CUST_8462,67,0,Female,Urban,Prepaid,69.03,0,2020-06-30,42,425.98,11.26,29.83,4,0
CUST_8463,67,0,Male,Urban,Monthly,59.50,0,2021-03-25,33,598.38,9.68,25.25,3,0
CUST_8464,43,1,Female,Urban,Monthly,56.03,0,2021-09-24,27,447.06,7.86,24.08,3,0
CUST_8465,29,0,Male,Urban,Monthly,29.02,0,2019-09-10,51,593.28,9.56,30.83,4,0
CUST_8466,43,1,Male,Rural,Monthly,45.02,0,2022-12-22,12,296.07,9.58,23.33,4,0
CUST_8467,21,0,Male,Urban,Prepaid,68.20,0,2023-01-23,11,589.03,9.96,28.92,9,0
CUST_8468,43,1,Female,Suburban,Monthly,38.30,0,2021-07-16,29,320.70,9.09,31.75,7,0
CUST_8469,61,0,Female,Rural,Prepaid,51.99,0,2019-02-02,58,626.83,10.65,30.00,7,0
CUST_847,62,0,Male,Suburban,Monthly,37.57,0,2018-04-23,68,414.24,9.64,24.00,6,0
CUST_8470,48,0,Male,Suburban,Monthly,56.92,0,2018-04-20,68,589.76,10.42,28.83,9,0
CUST_8471,40,0,Female,Urban,Yearly,57.72,0,2020-11-12,37,378.52,11.23,24.00,7,0
CUST_8472,43,1,Female,Suburban,Monthly,34.63,0,2021-09-21,27,527.17,9.77,20.33,6,0
CUST_8473,32,0,Male,Urban,Prepaid,48.23,0,2019-03-12,57,402.76,10.93,30.92,4,0
CUST_8474,43,1,Male,Suburban,Monthly,62.69,0,2019-03-22,57,288.98,9.88,31.08,5,0
CUST_8475,45,0,Female,Suburban,Monthly,77.89,0,2021-02-20,34,444.60,10.91,23.00,7,0
CUST_8476,33,0,Male,Urban,Yearly,46.76,0,2022-05-13,19,522.23,9.63,33.92,3,0
CUST_8477,54,0,Female,Suburban,Prepaid,56.17,0,2018-10-02,62,444.20,11.23,31.75,13,0
CUST_8478,38,0,Male,Rural,Monthly,32.60,0,2019-02-12,58,382.02,8.91,30.50,5,0
CUST_8479,32,0,Male,Suburban,Prepaid,46.36,0,2019-09-29,51,541.35,9.66,20.00,7,0
CUST_848,30,0,Female,Rural,Monthly,63.33,0,2022-01-01,23,499.56,10.20,29.42,8,0
CUST_8480,43,1,Female,Rural,Prepaid,42.50,0,2019-06-23,54,403.22,9.39,22.33,6,0
CUST_8481,67,0,Female,Rural,Prepaid,79.07,0,2022-08-23,16,595.94,9.56,22.83,10,0
CUST_8482,43,1,Female,Suburban,Prepaid,61.00,0,2019-03-14,57,221.16,10.79,27.50,5,0
CUST_8483,30,0,Female,Rural,Prepaid,51.40,0,2019-07-21,53,382.42,8.61,16.17,8,0
CUST_8484,36,0,Female,Rural,Prepaid,21.44,0,2021-09-02,27,565.98,10.09,23.50,4,0
CUST_8485,47,0,Male,Suburban,Prepaid,54.63,0,2021-01-25,35,614.18,10.44,21.50,9,0
CUST_8486,43,1,Male,Urban,Monthly,54.78,0,2021-10-09,26,444.53,9.78,21.33,7,0
CUST_8487,35,0,Female,Urban,Monthly,46.60,0,2022-02-27,22,508.29,9.86,22.42,3,0
CUST_8488,43,1,Male,Rural,Yearly,50.70,0,2019-08-12,52,520.21,9.33,14.25,7,0
CUST_8489,53,0,Female,Rural,Monthly,77.02,0,2021-01-22,35,368.31,11.55,26.50,8,0
CUST_849,43,1,Female,Rural,Yearly,60.02,0,2023-02-05,10,413.90,10.05,18.17,9,1
CUST_8490,53,0,Male,Urban,Yearly,64.23,0,2021-10-21,26,425.55,9.32,29.33,3,0
CUST_8491,43,1,Male,Rural,Monthly,36.72,0,2018-12-26,60,459.40,9.38,25.75,5,0
CUST_8492,69,0,Female,Urban,Prepaid,79.29,0,2020-09-15,39,631.42,9.52,29.33,5,0
CUST_8493,36,0,Female,Suburban,Monthly,38.09,0,2019-08-25,52,461.53,10.25,29.17,7,0
CUST_8494,43,1,Female,Rural,Monthly,74.24,0,2021-04-07,32,608.25,9.75,21.92,9,0
CUST_8495,61,0,Male,Suburban,Monthly,39.14,0,2018-01-28,71,545.08,10.22,17.25,10,0
CUST_8496,43,1,Female,Urban,Yearly,47.73,0,2019-07-20,53,402.71,9.03,25.08,6,0
CUST_8497,43,1,Female,Urban,Monthly,18.31,0,2019-09-07,51,503.09,8.88,24.33,6,0
CUST_8498,21,0,Female,Suburban,Monthly,57.91,0,2019-01-07,59,433.40,9.97,30.33,3,0
CUST_8499,51,0,Female,Rural,Yearly,20.56,0,2023-01-25,11,509.13,9.82,23.92,5,0
CUST_85,31,0,Female,Rural,Monthly,41.38,0,2019-07-16,53,394.24,11.70,28.00,1,0
CUST_850,18,0,Male,Urban,Monthly,68.51,0,2021-06-04,30,508.03,11.24,24.58,6,0
CUST_8500,19,0,Female,Suburban,Monthly,53.11,0,2019-10-26,50,523.52,9.63,16.58,6,0
CUST_8501,22,0,Female,Suburban,Prepaid,43.48,0,2021-11-06,25,339.08,11.86,26.17,4,0
CUST_8502,43,1,Male,Rural,Monthly,43.65,0,2019-06-25,54,471.73,10.82,26.75,6,0
CUST_8503,43,1,Male,Urban,Monthly,55.91,0,2023-01-29,11,358.13,11.65,19.25,10,0
CUST_8504,59,0,Male,Suburban,Monthly,62.29,0,2018-03-31,69,602.02,12.11,24.00,6,0
CUST_8505,58,0,Male,Suburban,Yearly,69.63,0,2022-02-16,22,470.11,10.23,22.08,4,0
CUST_8506,30,0,Female,Urban,Prepaid,32.45,0,2021-08-24,28,499.36,9.67,21.08,7,0
CUST_8507,43,1,Female,Suburban,Monthly,45.33,0,2019-01-31,59,666.26,9.16,31.42,8,0
CUST_8508,43,1,Male,Urban,Yearly,49.28,0,2023-03-17,9,644.99,10.27,21.25,8,0
CUST_8509,43,1,Male,Rural,Monthly,59.04,0,2022-09-04,15,625.38,10.88,22.25,9,0
CUST_851,66,0,Female,Urban,Prepaid,41.81,0,2021-11-06,25,470.94,9.62,27.67,4,0
CUST_8510,27,0,Male,Urban,Prepaid,58.74,0,2022-10-05,14,307.48,9.55,22.67,6,0
CUST_8511,43,1,Female,Urban,Prepaid,37.33,0,2022-06-19,18,456.93,9.57,27.00,5,0
CUST_8512,44,0,Female,Suburban,Monthly,68.03,0,2019-10-23,50,408.90,10.23,33.50,6,0
CUST_8513,68,0,Female,Urban,Prepaid,56.15,0,2023-01-23,11,489.88,11.68,21.83,9,0
CUST_8514,38,0,Male,Urban,Yearly,76.83,0,2019-02-28,58,273.17,10.13,17.25,8,0
CUST_8515,43,1,Male,Suburban,Prepaid,54.76,0,2022-04-24,20,644.76,9.70,16.33,5,0
CUST_8516,18,0,Male,Urban,Monthly,19.96,0,2018-06-13,66,613.92,9.25,25.08,4,0
CUST_8517,45,0,Male,Suburban,Prepaid,37.65,0,2021-04-26,32,463.89,9.92,23.58,4,0
CUST_8518,66,0,Male,Rural,Monthly,47.58,0,2021-10-10,26,471.59,9.98,21.25,3,0
CUST_8519,56,0,Female,Urban,Monthly,37.34,0,2018-12-02,60,361.91,8.65,29.83,6,0
CUST_852,43,1,Female,Urban,Monthly,66.84,0,2018-04-30,68,517.08,10.48,28.92,7,1
CUST_8520,31,0,Female,Rural,Prepaid,36.78,0,2019-09-21,51,494.40,11.32,26.92,4,0
CUST_8521,38,0,Female,Urban,Monthly,78.57,0,2022-09-10,15,429.37,11.20,23.42,5,0
CUST_8522,47,0,Female,Urban,Prepaid,31.26,0,2018-09-29,63,416.37,11.51,19.67,7,0
CUST_8523,38,0,Female,Rural,Monthly,42.06,0,2021-06-16,30,580.93,8.55,12.58,7,0
CUST_8524,43,1,Male,Rural,Monthly,50.99,0,2022-08-19,16,423.29,9.24,18.92,7,0
CUST_8525,26,0,Female,Suburban,Prepaid,30.27,0,2023-03-13,9,565.06,8.84,22.17,5,0
CUST_8526,34,0,Male,Suburban,Prepaid,47.55,0,2018-02-24,70,339.92,10.76,18.17,5,0
CUST_8527,22,0,Female,Rural,Monthly,14.54,0,2019-07-14,53,561.14,10.55,26.00,9,0
CUST_8528,48,0,Male,Urban,Prepaid,41.73,0,2021-05-07,31,562.44,9.70,20.33,9,1
CUST_8529,69,0,Male,Suburban,Prepaid,33.22,0,2019-07-20,53,360.97,9.41,23.00,6,0
CUST_853,49,0,Female,Urban,Prepaid,47.35,0,2020-09-07,39,448.36,9.59,19.00,8,0
CUST_8530,57,0,Male,Urban,Monthly,45.40,0,2023-03-02,9,483.87,9.81,22.00,5,0
CUST_8531,55,0,Male,Suburban,Prepaid,49.16,0,2021-07-21,29,316.74,7.59,21.00,10,1
CUST_8532,60,0,Male,Suburban,Monthly,70.23,0,2023-05-09,7,428.05,10.14,22.67,4,0
CUST_8533,43,1,Male,Suburban,Monthly,40.85,0,2019-12-05,48,520.10,10.00,19.25,5,0
CUST_8534,53,0,Female,Rural,Prepaid,82.06,0,2021-03-20,33,358.06,9.22,22.33,7,0
CUST_8535,67,0,Male,Urban,Prepaid,53.18,0,2018-08-08,64,617.44,9.13,22.50,6,0
CUST_8536,50,0,Male,Rural,Monthly,35.86,0,2019-04-24,56,453.33,9.69,13.58,8,0
CUST_8537,43,1,Female,Suburban,Prepaid,52.03,0,2021-04-22,32,569.78,8.50,29.58,10,0
CUST_8538,43,1,Male,Rural,Prepaid,68.53,0,2023-06-13,6,417.25,10.35,22.17,11,0
CUST_8539,50,0,Female,Rural,Monthly,33.98,0,2020-09-18,39,666.18,9.83,28.83,7,0
CUST_854,51,0,Male,Urban,Yearly,58.70,0,2019-03-02,57,587.05,9.35,25.42,5,0
CUST_8540,43,1,Female,Rural,Monthly,79.13,0,2020-02-21,46,474.05,10.01,23.58,9,0
CUST_8541,60,0,Male,Urban,Prepaid,57.98,0,2020-09-12,39,513.99,9.57,26.92,11,0
CUST_8542,66,0,Male,Rural,Monthly,32.84,0,2022-09-27,15,532.04,10.28,14.42,7,0
CUST_8543,43,1,Female,Rural,Monthly,42.17,0,2019-09-16,51,609.00,9.20,22.42,7,0
CUST_8544,61,0,Male,Rural,Monthly,43.76,0,2022-09-30,15,565.37,10.21,23.25,2,0
CUST_8545,43,1,Female,Rural,Monthly,66.62,0,2019-01-23,59,461.21,9.02,25.08,5,0
CUST_8546,43,1,Male,Rural,Yearly,32.31,0,2021-12-01,24,620.52,9.56,29.17,7,0
CUST_8547,23,0,Female,Rural,Prepaid,73.09,0,2023-06-01,6,486.96,9.94,22.17,4,0
CUST_8548,43,1,Male,Rural,Prepaid,67.12,0,2022-08-08,16,478.82,9.65,18.17,7,0
CUST_8549,24,0,Male,Suburban,Prepaid,74.97,0,2020-06-10,42,691.25,10.51,21.50,3,0
CUST_855,45,0,Female,Rural,Prepaid,69.37,0,2022-01-16,23,488.99,8.64,26.42,5,0
CUST_8550,43,1,Female,Rural,Prepaid,50.88,0,2021-11-27,25,509.06,9.60,13.08,1,0
CUST_8551,38,0,Female,Rural,Prepaid,68.52,0,2019-03-05,57,480.94,9.16,28.75,9,0
CUST_8552,43,1,Female,Urban,Prepaid,46.39,0,2022-04-21,20,349.66,8.19,19.75,9,0
CUST_8553,33,0,Female,Suburban,Monthly,65.32,0,2020-05-03,43,594.01,9.72,20.83,3,1
CUST_8554,63,0,Male,Rural,Prepaid,51.31,0,2022-06-06,18,661.57,10.37,26.67,8,0
CUST_8555,43,1,Female,Urban,Monthly,77.02,0,2018-05-22,67,425.83,8.95,24.33,5,0
CUST_8556,69,0,Female,Rural,Prepaid,54.02,0,2019-06-26,54,588.02,10.49,24.75,4,0
CUST_8557,43,1,Male,Rural,Yearly,37.33,0,2022-12-09,12,519.78,8.50,24.25,6,0
CUST_8558,55,0,Male,Rural,Monthly,72.69,0,2020-09-19,39,622.26,10.30,25.33,5,0
CUST_8559,42,0,Female,Rural,Monthly,53.13,0,2021-10-08,26,604.48,8.31,22.17,2,1
CUST_856,43,1,Female,Urban,Yearly,81.07,0,2023-01-19,11,548.66,10.12,24.92,1,0
CUST_8560,45,0,Male,Rural,Yearly,41.95,0,2022-12-27,12,613.26,9.55,27.17,11,0
CUST_8561,22,0,Female,Urban,Yearly,41.24,0,2022-08-10,16,393.00,8.49,27.83,6,0
CUST_8562,38,0,Male,Rural,Monthly,36.65,0,2020-07-20,41,479.90,10.17,21.33,6,1
CUST_8563,35,0,Female,Urban,Prepaid,28.51,0,2023-02-02,10,458.77,9.26,29.42,8,0
CUST_8564,43,1,Male,Rural,Monthly,43.67,0,2022-08-12,16,495.02,10.39,19.83,6,0
CUST_8565,23,0,Female,Urban,Monthly,53.07,0,2022-07-28,17,640.26,9.16,15.17,5,0
CUST_8566,46,0,Female,Suburban,Prepaid,44.28,0,2022-01-20,23,418.54,9.89,30.08,5,0
CUST_8567,36,0,Male,Rural,Prepaid,-6.72,1,2018-04-17,68,432.23,9.44,20.67,15,0
CUST_8568,43,1,Male,Suburban,Prepaid,26.94,0,2023-02-13,10,453.71,10.81,27.50,6,0
CUST_8569,43,1,Female,Suburban,Prepaid,64.10,0,2021-04-13,32,474.08,8.05,26.75,6,0
CUST_857,43,1,Male,Urban,Prepaid,66.09,0,2020-12-27,36,540.33,11.16,23.33,11,0
CUST_8570,62,0,Female,Suburban,Prepaid,48.28,0,2019-09-16,51,644.83,10.28,34.75,7,0
CUST_8571,20,0,Male,Rural,Monthly,24.41,0,2023-04-16,8,576.32,10.30,23.67,7,0
CUST_8572,59,0,Male,Suburban,Prepaid,44.67,0,2018-06-01,66,461.10,8.56,28.42,9,1
CUST_8573,43,1,Male,Urban,Monthly,51.87,0,2020-12-30,36,515.33,8.99,20.00,4,0
CUST_8574,52,0,Male,Rural,Monthly,64.33,0,2023-05-22,7,561.23,9.64,22.67,5,0
CUST_8575,58,0,Male,Suburban,Monthly,39.70,0,2022-12-23,12,617.86,12.38,26.17,2,0
CUST_8576,57,0,Male,Rural,Yearly,59.51,0,2022-05-23,19,412.10,10.51,19.08,8,0
CUST_8577,20,0,Male,Suburban,Prepaid,49.67,0,2018-09-04,63,276.49,7.15,19.42,5,0
CUST_8578,42,0,Male,Urban,Yearly,44.44,0,2018-03-20,69,421.43,9.73,24.42,4,0
CUST_8579,62,0,Male,Rural,Prepaid,63.10,0,2020-09-26,39,606.60,10.50,24.42,8,0
CUST_858,43,1,Female,Suburban,Prepaid,53.04,0,2019-11-15,49,341.77,9.73,19.00,6,0
CUST_8580,55,0,Female,Rural,Yearly,35.83,0,2022-09-12,15,510.90,10.20,27.25,3,0
CUST_8581,62,0,Male,Suburban,Prepaid,64.21,0,2020-12-25,36,422.14,10.53,32.42,4,0
CUST_8582,37,0,Male,Urban,Monthly,32.88,0,2021-08-03,28,397.00,7.99,21.83,7,0
CUST_8583,43,1,Female,Rural,Prepaid,41.36,0,2020-08-21,40,532.63,9.58,23.83,4,1
CUST_8584,61,0,Female,Suburban,Monthly,44.23,0,2022-08-30,16,482.66,9.47,26.42,1,0
CUST_8585,62,0,Female,Urban,Prepaid,48.34,0,2022-11-23,13,395.63,8.01,27.17,7,0
CUST_8586,43,1,Female,Urban,Monthly,11.84,0,2022-01-27,23,544.69,9.23,29.25,8,0
CUST_8587,38,0,Female,Urban,Monthly,51.58,0,2020-07-09,41,421.08,11.23,21.83,4,0
CUST_8588,65,0,Female,Urban,Yearly,22.59,0,2021-04-06,32,453.33,9.26,33.83,6,0
CUST_8589,40,0,Male,Rural,Monthly,52.51,0,2020-05-07,43,675.87,9.63,13.83,7,1
CUST_859,43,0,Male,Suburban,Prepaid,58.41,0,2022-05-10,19,354.73,7.78,29.83,8,0
CUST_8590,23,0,Female,Rural,Monthly,54.11,0,2018-10-15,62,461.85,10.54,21.67,6,0
CUST_8591,68,0,Female,Urban,Prepaid,64.65,0,2022-10-29,14,523.46,9.35,25.50,6,0
CUST_8592,30,0,Female,Suburban,Monthly,29.97,0,2023-03-02,9,483.11,10.54,22.25,6,0
CUST_8593,66,0,Male,Suburban,Prepaid,53.44,0,2021-07-08,29,419.99,8.21,18.33,4,0
CUST_8594,43,1,Female,Urban,Yearly,49.28,0,2018-10-18,62,562.98,10.54,26.33,6,0
CUST_8595,26,0,Male,Urban,Prepaid,41.48,0,2019-06-09,54,577.82,9.93,24.33,5,0
CUST_8596,34,0,Female,Suburban,Monthly,33.88,0,2019-07-16,53,524.95,9.77,14.08,4,0
CUST_8597,43,1,Female,Urban,Monthly,51.21,0,2018-10-30,62,447.47,6.78,23.58,8,1
CUST_8598,36,0,Male,Urban,Prepaid,70.05,0,2021-08-03,28,514.37,9.60,23.00,4,0
CUST_8599,36,0,Male,Rural,Monthly,46.39,0,2018-12-29,60,578.10,9.14,28.33,8,0
CUST_86,40,0,Male,Suburban,Prepaid,59.75,0,2018-07-04,65,363.54,10.62,27.00,4,0
CUST_860,43,1,Female,Rural,Yearly,68.74,0,2023-01-04,11,531.14,10.03,22.58,5,0
CUST_8600,24,0,Female,Rural,Prepaid,68.81,0,2021-07-17,29,513.52,11.04,24.25,4,0
CUST_8601,43,1,Male,Urban,Prepaid,67.19,0,2022-01-08,23,480.02,8.93,28.92,9,0
CUST_8602,43,1,Male,Urban,Yearly,17.91,0,2023-03-17,9,401.93,11.12,26.33,10,0
CUST_8603,37,0,Female,Rural,Prepaid,37.11,0,2018-01-11,71,519.81,10.55,22.75,5,0
CUST_8604,26,0,Female,Urban,Monthly,41.77,0,2019-03-03,57,562.52,10.37,21.08,7,0
CUST_8605,34,0,Female,Rural,Monthly,69.86,0,2019-10-24,50,286.06,9.69,32.75,7,1
CUST_8606,44,0,Male,Rural,Monthly,49.70,0,2018-06-08,66,583.94,10.39,23.83,8,0
CUST_8607,64,0,Female,Suburban,Prepaid,69.36,0,2021-09-03,27,674.13,9.62,29.67,3,0
CUST_8608,19,0,Female,Rural,Monthly,47.95,0,2019-03-12,57,517.29,9.54,23.50,7,0
CUST_8609,43,1,Male,Suburban,Prepaid,69.78,0,2022-07-30,17,468.60,10.31,28.25,6,0
CUST_861,43,1,Female,Rural,Yearly,60.65,0,2023-02-13,10,606.27,11.91,17.83,3,0
CUST_8610,43,1,Male,Suburban,Monthly,56.79,0,2019-01-29,59,664.64,9.55,21.75,6,0
CUST_8611,43,1,Female,Rural,Yearly,48.56,0,2022-10-27,14,396.84,10.08,24.08,13,0
CUST_8612,22,0,Male,Urban,Prepaid,338.10,0,2018-01-24,71,495.64,10.61,20.42,8,0
CUST_8613,56,0,Female,Rural,Monthly,42.43,0,2022-08-07,16,453.10,8.45,23.92,4,0
CUST_8614,43,1,Male,Suburban,Prepaid,80.31,0,2022-12-20,12,514.25,8.98,33.00,6,0
CUST_8615,24,0,Female,Rural,Prepaid,28.08,0,2021-11-15,25,389.27,10.61,17.67,4,0
CUST_8616,34,0,Male,Rural,Prepaid,43.54,0,2019-04-23,56,442.13,9.27,17.58,4,0
CUST_8617,43,1,Male,Suburban,Prepaid,51.51,0,2021-12-10,24,414.76,10.13,21.92,7,0
CUST_8618,53,0,Male,Rural,Prepaid,38.87,0,2022-09-29,15,518.64,11.38,28.08,4,0
CUST_8619,57,0,Male,Rural,Prepaid,55.92,0,2018-02-20,70,447.38,9.75,23.58,7,0
CUST_862,43,1,Female,Suburban,Prepaid,44.01,0,2018-09-21,63,418.74,9.10,29.33,4,0
CUST_8620,62,0,Female,Suburban,Monthly,48.19,0,2020-08-24,40,510.86,9.96,21.92,3,0
CUST_8621,21,0,Male,Urban,Prepaid,54.95,0,2021-07-10,29,489.73,10.83,19.67,6,0
CUST_8622,43,1,Female,Suburban,Prepaid,36.66,0,2021-03-17,33,363.09,10.03,24.75,2,0
CUST_8623,42,0,Male,Suburban,Prepaid,34.76,0,2019-11-16,49,417.93,10.32,25.92,6,0
CUST_8624,22,0,Male,Rural,Monthly,49.57,0,2022-12-24,12,471.23,8.93,17.58,8,0
CUST_8625,43,1,Female,Suburban,Prepaid,60.94,0,2021-11-19,25,327.10,10.87,16.08,6,0
CUST_8626,29,0,Male,Rural,Yearly,77.65,0,2019-07-27,53,485.91,9.89,25.25,6,0
CUST_8627,43,1,Male,Rural,Prepaid,22.59,0,2018-12-03,60,599.92,10.18,19.83,3,0
CUST_8628,41,0,Female,Rural,Prepaid,47.04,0,2021-02-02,34,534.21,9.73,26.17,3,0
CUST_8629,46,0,Male,Suburban,Prepaid,56.64,0,2019-03-26,57,401.18,9.98,24.58,4,0
CUST_863,29,0,Female,Suburban,Prepaid,59.22,0,2019-01-17,59,519.78,10.85,26.33,6,0
CUST_8630,26,0,Female,Suburban,Prepaid,55.48,0,2020-07-14,41,464.44,9.22,22.83,6,0
CUST_8631,43,1,Male,Rural,Monthly,31.69,0,2018-09-02,63,445.46,9.34,33.67,5,1
CUST_8632,43,1,Male,Urban,Monthly,39.10,0,2019-03-11,57,559.79,8.34,20.50,4,0
CUST_8633,41,0,Male,Urban,Prepaid,49.79,0,2019-05-07,55,562.68,10.09,24.08,9,0
CUST_8634,31,0,Female,Suburban,Prepaid,90.25,0,2023-06-17,6,520.25,8.89,20.75,4,0
CUST_8635,43,1,Male,Rural,Prepaid,64.15,0,2022-11-17,13,618.87,10.79,24.17,6,0
CUST_8636,43,1,Male,Rural,Yearly,55.26,0,2018-07-15,65,615.77,10.99,23.25,3,0
CUST_8637,59,0,Male,Suburban,Yearly,9.60,0,2018-05-01,67,654.11,10.75,20.33,3,0
CUST_8638,36,0,Male,Urban,Monthly,30.24,0,2021-12-20,24,584.23,10.46,32.42,5,0
CUST_8639,29,0,Male,Suburban,Monthly,31.57,0,2021-07-09,29,423.85,11.06,22.75,5,0
CUST_864,18,0,Female,Urban,Prepaid,69.55,0,2021-12-09,24,358.46,9.65,19.50,6,0
CUST_8640,35,0,Male,Suburban,Yearly,55.37,0,2021-09-22,27,330.43,9.67,24.75,7,0
CUST_8641,34,0,Male,Rural,Monthly,47.96,0,2020-10-28,38,398.00,9.36,26.08,5,0
CUST_8642,47,0,Male,Suburban,Yearly,40.47,0,2020-12-24,36,486.64,9.83,20.58,4,0
CUST_8643,41,0,Male,Urban,Monthly,55.02,0,2023-05-30,7,427.85,10.08,28.25,5,0
CUST_8644,43,1,Female,Suburban,Prepaid,27.34,0,2021-02-24,34,418.33,9.28,14.92,3,0
CUST_8645,52,0,Male,Rural,Monthly,37.78,0,2018-06-24,66,474.73,10.76,28.50,5,0
CUST_8646,40,0,Female,Urban,Monthly,49.01,0,2018-10-25,62,428.24,10.30,17.33,11,0
CUST_8647,34,0,Female,Rural,Monthly,78.04,0,2023-01-30,11,529.38,9.22,29.83,5,0
CUST_8648,18,0,Female,Suburban,Prepaid,63.43,0,2022-10-10,14,561.03,11.37,16.25,2,0
CUST_8649,32,0,Male,Suburban,Monthly,56.47,0,2018-10-07,62,522.74,10.44,22.75,8,0
CUST_865,43,1,Female,Urban,Prepaid,77.19,0,2022-01-25,23,487.21,9.12,39.08,6,0
CUST_8650,43,1,Female,Suburban,Prepaid,43.99,0,2023-01-28,11,633.92,10.29,25.00,2,1
CUST_8651,43,1,Female,Rural,Prepaid,49.73,0,2021-02-28,34,458.91,9.60,29.00,7,0
CUST_8652,32,0,Female,Suburban,Monthly,68.24,0,2020-09-02,39,544.10,10.43,24.67,3,0
CUST_8653,45,0,Male,Urban,Monthly,77.39,0,2018-07-05,65,337.90,9.49,21.83,8,0
CUST_8654,41,0,Female,Urban,Monthly,46.40,0,2020-08-02,40,385.06,8.79,25.83,4,0
CUST_8655,43,1,Male,Rural,Yearly,56.76,0,2019-11-13,49,338.00,8.72,29.75,4,0
CUST_8656,43,1,Female,Rural,Monthly,63.71,0,2019-12-10,48,651.17,9.95,32.75,5,0
CUST_8657,44,0,Female,Rural,Monthly,56.13,0,2020-05-14,43,503.38,11.66,23.42,1,0
CUST_8658,43,1,Male,Suburban,Monthly,30.36,0,2021-03-30,33,419.45,10.19,25.50,4,0
CUST_8659,43,1,Male,Urban,Prepaid,38.83,0,2022-05-04,19,527.26,9.32,26.83,3,0
CUST_866,22,0,Male,Rural,Monthly,50.93,0,2020-01-23,47,399.13,9.74,29.00,4,0
CUST_8660,29,0,Female,Urban,Yearly,61.11,0,2019-08-05,52,450.02,8.76,18.42,7,0
CUST_8661,43,1,Female,Urban,Prepaid,41.55,0,2021-02-01,34,495.54,10.19,19.92,7,1
CUST_8662,43,1,Female,Rural,Monthly,76.90,0,2022-04-23,20,441.58,10.46,20.92,10,0
CUST_8663,43,1,Male,Rural,Prepaid,45.39,0,2020-05-23,43,745.09,8.98,33.25,4,0
CUST_8664,66,0,Male,Suburban,Prepaid,29.99,0,2019-07-24,53,360.49,10.07,27.33,13,0
CUST_8665,43,1,Female,Rural,Prepaid,65.52,0,2022-08-22,16,468.96,10.34,20.17,6,0
CUST_8666,43,1,Female,Urban,Monthly,44.60,0,2022-09-05,15,491.27,8.53,20.67,6,0
CUST_8667,43,1,Male,Suburban,Prepaid,45.79,0,2018-09-30,63,432.58,8.44,30.25,4,0
CUST_8668,64,0,Male,Rural,Prepaid,63.02,0,2021-07-05,29,495.40,11.65,30.25,9,0
CUST_8669,49,0,Female,Rural,Monthly,35.14,0,2023-03-30,9,391.24,8.74,24.00,4,1
CUST_867,47,0,Female,Suburban,Monthly,33.25,0,2020-07-23,41,462.59,9.76,23.83,3,0
CUST_8670,43,1,Male,Urban,Prepaid,51.23,0,2022-04-16,20,539.59,8.69,28.00,8,0
CUST_8671,43,1,Female,Suburban,Prepaid,31.83,0,2020-02-18,46,659.36,10.44,27.83,8,0
CUST_8672,35,0,Male,Rural,Prepaid,51.14,0,2019-05-05,55,634.32,10.89,24.00,6,0
CUST_8673,43,1,Female,Rural,Monthly,25.42,0,2018-08-23,64,453.05,10.66,31.50,4,0
CUST_8674,63,0,Female,Suburban,Monthly,37.39,0,2018-12-04,60,492.31,9.19,22.33,6,0
CUST_8675,49,0,Female,Suburban,Yearly,63.47,0,2021-10-01,26,549.93,9.48,22.42,7,0
CUST_8676,44,0,Male,Rural,Prepaid,69.46,0,2018-04-18,68,671.48,8.39,27.75,3,1
CUST_8677,45,0,Female,Rural,Prepaid,183.65,0,2019-10-25,50,635.89,11.35,23.75,5,0
CUST_8678,35,0,Female,Urban,Prepaid,36.57,0,2022-01-15,23,526.14,11.26,21.00,8,0
CUST_8679,43,1,Male,Suburban,Yearly,51.54,0,2020-02-14,46,453.04,9.61,27.00,2,0
CUST_868,43,1,Female,Rural,Monthly,23.30,0,2018-05-05,67,486.23,8.50,25.83,4,0
CUST_8680,43,1,Female,Rural,Monthly,37.87,0,2021-09-13,27,615.91,9.68,21.75,5,0
CUST_8681,43,1,Female,Rural,Monthly,64.06,0,2020-04-05,44,593.50,10.00,22.50,5,0
CUST_8682,43,1,Female,Rural,Yearly,145.75,0,2023-05-21,7,334.77,9.78,21.17,4,0
CUST_8683,43,1,Male,Rural,Prepaid,40.59,0,2018-06-21,66,576.56,8.99,18.67,5,0
CUST_8684,25,0,Male,Urban,Prepaid,77.18,0,2021-09-13,27,422.24,8.91,27.75,5,0
CUST_8685,48,0,Male,Suburban,Monthly,55.67,0,2020-11-05,37,531.07,10.14,22.50,8,0
CUST_8686,43,1,Male,Rural,Monthly,58.77,0,2019-12-03,48,542.34,8.56,29.67,5,0
CUST_8687,24,0,Female,Suburban,Monthly,47.15,0,2020-05-10,43,518.54,9.41,25.08,5,0
CUST_8688,53,0,Male,Suburban,Monthly,28.07,0,2020-02-18,46,574.86,10.48,28.92,9,0
CUST_8689,35,0,Male,Rural,Monthly,73.23,0,2018-11-16,61,459.73,9.70,22.50,6,0
CUST_869,43,1,Female,Urban,Monthly,61.93,0,2018-04-09,68,526.49,10.14,19.00,5,0
CUST_8690,43,1,Male,Rural,Yearly,52.93,0,2020-10-22,38,461.45,10.66,19.92,4,0
CUST_8691,43,1,Female,Rural,Monthly,64.24,0,2022-05-30,19,488.49,8.95,28.25,6,0
CUST_8692,26,0,Female,Urban,Prepaid,45.89,0,2020-05-04,43,502.69,10.10,27.08,11,1
CUST_8693,43,1,Female,Rural,Monthly,49.62,0,2020-04-04,44,568.73,8.97,21.42,3,0
CUST_8694,43,1,Male,Suburban,Monthly,44.00,0,2019-05-23,55,510.70,12.04,22.00,6,0
CUST_8695,43,1,Female,Suburban,Monthly,53.09,0,2018-05-27,67,577.90,9.09,23.92,9,0
CUST_8696,52,0,Female,Urban,Prepaid,42.94,0,2022-01-16,23,544.78,11.38,26.33,8,0
CUST_8697,35,0,Male,Rural,Prepaid,37.07,0,2019-04-14,56,455.69,9.82,24.08,9,0
CUST_8698,22,0,Female,Rural,Prepaid,47.03,0,2023-06-16,6,507.23,10.86,18.58,4,0
CUST_8699,43,1,Male,Urban,Yearly,57.92,0,2023-01-05,11,461.59,9.44,25.83,7,0
CUST_87,57,0,Female,Suburban,Monthly,29.03,0,2020-04-18,44,413.44,9.53,18.83,7,0
CUST_870,65,0,Male,Rural,Monthly,27.00,0,2022-01-19,23,528.48,9.35,27.42,5,0
CUST_8700,43,1,Male,Urban,Prepaid,67.45,0,2022-12-16,12,321.64,9.24,24.67,0,0
CUST_8701,47,0,Female,Rural,Monthly,29.79,0,2018-05-02,67,336.93,10.51,26.17,6,0
CUST_8702,43,1,Male,Rural,Monthly,63.30,0,2019-11-02,49,510.58,8.69,18.58,3,0
CUST_8703,56,0,Male,Suburban,Yearly,39.53,0,2021-09-04,27,611.34,9.75,25.92,10,0
CUST_8704,43,1,Male,Rural,Monthly,34.88,0,2019-01-14,59,583.20,9.30,10.75,3,0
CUST_8705,42,0,Male,Rural,Yearly,35.71,0,2021-12-10,24,485.65,10.54,29.50,1,0
CUST_8706,45,0,Male,Suburban,Monthly,89.06,0,2020-09-02,39,360.07,9.85,21.58,4,1
CUST_8707,29,0,Male,Suburban,Yearly,61.17,0,2021-12-18,24,525.79,11.13,27.67,6,0
CUST_8708,19,0,Female,Suburban,Prepaid,32.73,0,2020-03-18,45,295.81,9.52,21.42,7,0
CUST_8709,60,0,Male,Suburban,Monthly,41.71,0,2018-02-17,70,328.33,9.91,26.42,7,0
CUST_871,43,1,Male,Rural,Yearly,54.80,0,2020-06-20,42,449.49,9.68,25.08,5,1
CUST_8710,31,0,Male,Urban,Yearly,29.64,0,2018-11-14,61,587.31,10.68,28.17,9,0
CUST_8711,39,0,Male,Suburban,Prepaid,30.14,0,2023-05-24,7,346.63,8.73,18.00,11,0
CUST_8712,43,1,Male,Urban,Yearly,29.58,0,2019-11-22,49,554.92,9.47,30.58,9,0
CUST_8713,43,1,Female,Suburban,Prepaid,34.37,0,2022-04-08,20,409.03,10.82,31.17,10,0
CUST_8714,43,1,Female,Suburban,Prepaid,61.49,0,2018-06-21,66,510.63,9.32,27.75,9,0
CUST_8715,43,1,Male,Suburban,Prepaid,329.95,0,2023-05-30,7,560.48,9.13,20.75,6,0
CUST_8716,55,0,Female,Rural,Monthly,36.18,0,2019-03-29,57,671.83,9.95,29.42,7,0
CUST_8717,43,1,Male,Urban,Prepaid,43.80,0,2022-04-18,20,566.60,10.24,21.58,7,0
CUST_8718,32,0,Male,Suburban,Prepaid,62.58,0,2021-12-18,24,471.58,12.18,27.17,7,0
CUST_8719,43,1,Male,Rural,Yearly,50.55,0,2019-12-13,48,563.67,11.01,28.58,6,1
CUST_872,40,0,Male,Rural,Prepaid,66.17,0,2020-06-09,42,553.08,9.28,26.92,5,0
CUST_8720,42,0,Male,Urban,Yearly,55.22,0,2023-05-27,7,424.64,11.23,25.42,6,0
CUST_8721,18,0,Female,Urban,Prepaid,42.23,0,2022-05-28,19,572.42,10.42,19.50,7,0
CUST_8722,24,0,Female,Rural,Monthly,72.96,0,2021-10-14,26,555.94,9.47,24.50,0,0
CUST_8723,48,0,Male,Urban,Monthly,75.76,0,2021-06-16,30,320.00,10.63,23.67,9,0
CUST_8724,29,0,Male,Rural,Prepaid,60.84,0,2020-12-25,36,551.05,8.95,27.67,7,0
CUST_8725,59,0,Female,Suburban,Monthly,41.00,0,2019-09-18,51,635.86,9.48,27.00,4,0
CUST_8726,22,0,Female,Rural,Monthly,30.25,0,2018-12-27,60,318.98,8.62,27.42,7,0
CUST_8727,43,1,Male,Urban,Monthly,76.18,0,2021-09-01,27,530.77,9.22,20.17,4,1
CUST_8728,43,1,Female,Urban,Monthly,54.90,0,2020-12-23,36,478.88,10.84,28.17,5,0
CUST_8729,59,0,Male,Suburban,Monthly,51.78,0,2019-11-02,49,574.86,10.33,29.00,4,0
CUST_873,32,0,Female,Urban,Prepaid,47.55,0,2019-08-09,52,481.91,7.06,29.00,2,1
CUST_8730,55,0,Female,Rural,Prepaid,60.68,0,2021-06-03,30,592.75,11.67,24.75,5,0
CUST_8731,29,0,Female,Suburban,Monthly,50.41,0,2022-02-12,22,330.09,9.77,26.17,6,0
CUST_8732,56,0,Female,Rural,Monthly,46.02,0,2023-05-17,7,569.10,7.92,27.75,4,0
CUST_8733,35,0,Female,Rural,Monthly,83.24,0,2023-03-11,9,614.44,8.55,21.58,7,0
CUST_8734,19,0,Male,Rural,Monthly,67.72,0,2018-09-16,63,407.22,7.55,25.42,7,0
CUST_8735,27,0,Male,Suburban,Monthly,74.92,0,2022-07-07,17,656.62,10.39,25.42,5,0
CUST_8736,32,0,Female,Suburban,Prepaid,73.72,0,2022-05-17,19,435.76,10.25,22.08,8,0
CUST_8737,47,0,Male,Urban,Monthly,20.26,0,2021-11-08,25,643.42,8.75,32.00,6,0
CUST_8738,61,0,Female,Suburban,Monthly,62.48,0,2019-02-24,58,430.58,10.44,23.67,5,0
CUST_8739,43,1,Female,Rural,Monthly,57.49,0,2020-01-26,47,685.12,8.83,35.75,12,0
CUST_874,54,0,Female,Rural,Monthly,27.56,0,2023-01-28,11,376.33,11.35,27.33,3,0
CUST_8740,21,0,Male,Rural,Monthly,40.77,0,2020-04-13,44,409.09,8.33,22.42,2,0
CUST_8741,43,1,Male,Rural,Prepaid,94.12,0,2018-05-29,67,376.47,11.41,28.50,9,0
CUST_8742,43,1,Male,Suburban,Monthly,52.30,0,2022-01-29,23,323.75,8.40,33.17,7,0
CUST_8743,43,1,Female,Urban,Prepaid,42.26,0,2021-11-03,25,289.83,10.14,23.08,7,0
CUST_8744,43,1,Male,Suburban,Prepaid,47.94,0,2020-03-17,45,461.97,10.26,28.33,7,0
CUST_8745,56,0,Male,Urban,Monthly,59.30,0,2022-03-29,21,561.75,8.97,20.25,2,0
CUST_8746,51,0,Male,Suburban,Prepaid,56.70,0,2022-03-18,21,403.79,8.97,23.58,4,0
CUST_8747,23,0,Male,Rural,Prepaid,42.10,0,2019-08-19,52,407.69,9.60,18.75,7,0
CUST_8748,43,1,Female,Urban,Prepaid,62.61,0,2020-07-01,41,638.63,10.03,23.42,7,0
CUST_8749,55,0,Female,Suburban,Monthly,50.50,0,2020-10-30,38,519.57,9.45,21.92,7,0
CUST_875,43,1,Male,Urban,Prepaid,31.10,0,2018-09-08,63,592.09,9.55,22.25,9,0
CUST_8750,43,1,Female,Rural,Prepaid,231.15,0,2020-09-26,39,468.87,10.00,21.75,4,0
CUST_8751,68,0,Female,Urban,Monthly,46.88,0,2020-03-06,45,485.79,10.36,16.08,5,0
CUST_8752,51,0,Female,Urban,Monthly,32.52,0,2019-01-15,59,340.58,9.93,25.50,4,0
CUST_8753,61,0,Female,Rural,Monthly,177.50,0,2018-07-29,65,535.28,8.54,17.25,4,0
CUST_8754,32,0,Female,Rural,Prepaid,34.20,0,2021-12-30,24,618.03,11.69,24.75,7,0
CUST_8755,31,0,Male,Suburban,Monthly,14.25,0,2020-07-09,41,418.13,8.82,21.42,5,0
CUST_8756,23,0,Female,Suburban,Prepaid,55.13,0,2020-06-29,42,437.04,10.84,18.25,8,0
CUST_8757,43,1,Female,Rural,Prepaid,34.73,0,2022-08-05,16,272.64,8.89,18.50,3,0
CUST_8758,54,0,Female,Suburban,Prepaid,43.81,0,2019-04-09,56,551.47,10.00,20.58,3,0
CUST_8759,67,0,Female,Rural,Prepaid,45.47,0,2019-07-04,53,401.23,9.20,27.08,5,0
CUST_876,43,1,Male,Suburban,Prepaid,36.20,0,2018-07-17,65,442.57,9.48,24.75,5,0
CUST_8760,49,0,Male,Rural,Yearly,35.20,0,2020-02-15,46,562.00,10.41,24.50,3,0
CUST_8761,20,0,Female,Suburban,Monthly,44.52,0,2021-09-12,27,570.25,9.29,26.08,1,0
CUST_8762,20,0,Female,Suburban,Prepaid,51.20,0,2018-07-16,65,494.32,9.17,23.00,5,0
CUST_8763,39,0,Male,Urban,Yearly,39.57,0,2019-09-05,51,312.66,10.21,30.08,4,0
CUST_8764,39,0,Female,Urban,Prepaid,36.26,0,2022-01-04,23,476.42,10.34,26.17,6,0
CUST_8765,27,0,Female,Suburban,Monthly,40.85,0,2019-01-17,59,413.88,9.83,19.67,9,0
CUST_8766,68,0,Female,Suburban,Yearly,64.27,0,2019-06-14,54,478.41,10.11,30.33,5,0
CUST_8767,43,1,Female,Suburban,Yearly,41.48,0,2020-01-25,47,594.49,9.39,20.00,1,0
CUST_8768,43,1,Female,Urban,Prepaid,52.52,0,2019-08-30,52,478.61,9.77,26.92,2,0
CUST_8769,43,1,Female,Suburban,Monthly,42.49,0,2021-10-11,26,580.66,8.53,20.17,8,0
CUST_877,19,0,Male,Rural,Yearly,48.14,0,2018-12-04,60,446.19,10.09,20.00,6,0
CUST_8770,65,0,Female,Urban,Prepaid,48.40,0,2018-10-31,62,510.31,10.27,25.08,3,0
CUST_8771,43,1,Male,Urban,Prepaid,62.71,0,2022-10-25,14,580.56,9.69,20.67,10,0
CUST_8772,24,0,Male,Urban,Monthly,36.53,0,2021-02-22,34,550.95,10.03,28.50,11,0
CUST_8773,30,0,Female,Urban,Monthly,83.42,0,2022-10-29,14,581.09,9.53,24.83,8,0
CUST_8774,19,0,Male,Rural,Prepaid,55.36,0,2023-02-25,10,441.15,9.27,19.42,5,0
CUST_8775,43,1,Female,Suburban,Prepaid,53.06,0,2018-03-30,69,564.98,9.87,28.33,9,0
CUST_8776,27,0,Male,Suburban,Prepaid,34.27,0,2018-11-08,61,426.57,9.47,32.92,6,0
CUST_8777,56,0,Female,Rural,Prepaid,59.75,0,2022-10-21,14,514.61,10.66,25.83,8,1
CUST_8778,43,1,Male,Suburban,Prepaid,74.96,0,2022-12-30,12,682.70,10.58,23.50,7,0
CUST_8779,34,0,Female,Urban,Yearly,38.67,0,2023-05-08,7,378.25,8.71,23.50,3,0
CUST_878,43,1,Female,Rural,Monthly,68.06,0,2019-09-19,51,426.86,9.84,20.33,8,0
CUST_8780,43,1,Male,Rural,Prepaid,34.94,0,2018-03-02,69,588.24,11.80,19.67,4,0
CUST_8781,23,0,Male,Urban,Prepaid,50.71,0,2022-03-04,21,259.36,10.49,27.75,5,0
CUST_8782,43,1,Female,Rural,Monthly,34.85,0,2018-02-13,70,545.82,10.87,27.17,10,0
CUST_8783,22,0,Female,Urban,Monthly,43.23,0,2022-07-21,17,380.67,7.78,21.50,5,0
CUST_8784,43,1,Male,Suburban,Monthly,62.55,0,2019-02-20,58,652.37,10.68,23.92,5,0
CUST_8785,43,1,Male,Suburban,Monthly,76.53,0,2020-05-01,43,563.06,8.85,26.67,4,0
CUST_8786,26,0,Female,Suburban,Prepaid,63.21,0,2021-10-26,26,579.19,10.39,22.50,10,0
CUST_8787,43,1,Male,Rural,Monthly,37.10,0,2020-04-30,44,530.58,8.39,17.58,5,0
CUST_8788,43,1,Female,Suburban,Monthly,45.86,0,2022-05-06,19,408.49,9.86,26.50,3,1
CUST_8789,43,1,Male,Rural,Monthly,44.76,0,2018-01-28,71,615.26,8.55,22.33,11,0
CUST_879,43,1,Male,Urban,Monthly,50.18,0,2021-04-01,32,504.59,9.50,27.58,6,0
CUST_8790,38,0,Male,Urban,Yearly,51.50,0,2023-03-08,9,625.68,9.15,23.17,9,0
CUST_8791,43,1,Female,Suburban,Yearly,63.26,0,2021-04-15,32,453.73,10.59,20.92,6,0
CUST_8792,43,1,Female,Urban,Yearly,37.99,0,2019-04-26,56,545.28,10.00,27.17,2,0
CUST_8793,21,0,Female,Suburban,Prepaid,82.82,0,2020-09-01,39,444.92,10.34,21.92,6,0
CUST_8794,41,0,Male,Urban,Monthly,34.39,0,2019-10-10,50,590.52,9.85,24.75,7,0
CUST_8795,52,0,Male,Rural,Yearly,37.54,0,2023-02-15,10,445.47,9.67,26.75,8,0
CUST_8796,20,0,Male,Suburban,Monthly,38.00,0,2021-05-25,31,411.70,10.97,28.92,7,0
CUST_8797,21,0,Female,Rural,Prepaid,86.90,0,2022-09-24,15,375.47,10.77,20.50,5,0
CUST_8798,54,0,Male,Rural,Monthly,74.51,0,2020-01-23,47,526.16,9.47,30.75,6,0
CUST_8799,57,0,Male,Urban,Prepaid,37.77,0,2018-09-23,63,601.13,8.25,24.08,4,0
CUST_88,43,1,Male,Suburban,Prepaid,58.90,0,2022-11-25,13,510.93,9.30,24.25,7,0
CUST_880,43,1,Female,Rural,Monthly,82.30,0,2019-04-03,56,507.15,9.46,24.58,5,0
CUST_8800,65,0,Female,Suburban,Monthly,43.09,0,2020-07-10,41,477.53,11.22,23.25,7,0
CUST_8801,43,1,Male,Rural,Yearly,48.57,0,2018-09-23,63,443.66,10.52,25.50,8,1
CUST_8802,48,0,Male,Urban,Monthly,42.77,0,2020-09-29,39,700.05,10.36,21.50,6,0
CUST_8803,61,0,Female,Urban,Monthly,63.51,0,2021-05-22,31,467.59,10.86,22.58,8,0
CUST_8804,43,1,Female,Urban,Prepaid,57.35,0,2021-03-27,33,552.59,10.07,26.42,5,0
CUST_8805,57,0,Female,Suburban,Yearly,53.04,0,2021-09-17,27,521.27,9.98,24.42,10,0
CUST_8806,43,1,Female,Suburban,Monthly,62.30,0,2021-05-14,31,509.11,9.68,35.50,7,0
CUST_8807,21,0,Female,Urban,Monthly,56.58,0,2020-12-08,36,484.29,8.26,19.58,9,0
CUST_8808,63,0,Female,Suburban,Monthly,60.09,0,2018-12-06,60,442.44,9.33,17.83,3,0
CUST_8809,31,0,Female,Urban,Prepaid,52.60,0,2022-03-14,21,428.00,10.41,18.83,4,0
CUST_881,55,0,Female,Urban,Prepaid,65.61,0,2021-07-27,29,517.25,8.93,33.75,4,0
CUST_8810,43,1,Female,Suburban,Monthly,75.83,0,2018-09-29,63,434.39,9.31,20.50,9,0
CUST_8811,43,1,Female,Suburban,Monthly,51.97,0,2018-02-01,70,665.34,9.72,25.25,6,0
CUST_8812,23,0,Male,Urban,Yearly,47.77,0,2023-04-05,8,342.22,8.62,23.50,6,1
CUST_8813,43,1,Female,Urban,Prepaid,61.97,0,2023-01-16,11,542.37,10.26,21.67,3,0
CUST_8814,43,1,Female,Suburban,Prepaid,58.52,0,2021-09-06,27,515.53,11.28,25.25,8,0
CUST_8815,57,0,Male,Urban,Monthly,49.69,0,2020-08-29,40,636.61,9.97,28.08,4,0
CUST_8816,43,1,Female,Urban,Monthly,25.43,0,2020-02-21,46,464.95,10.18,23.67,6,0
CUST_8817,52,0,Male,Urban,Prepaid,71.15,0,2019-03-03,57,355.83,9.33,19.08,8,0
CUST_8818,43,1,Male,Urban,Yearly,68.64,0,2021-01-31,35,475.53,10.04,30.83,7,0
CUST_8819,43,1,Female,Suburban,Prepaid,37.25,0,2019-10-16,50,500.39,11.18,27.33,5,0
CUST_882,51,0,Female,Rural,Yearly,54.43,0,2022-04-13,20,527.07,10.55,18.17,13,0
CUST_8820,19,0,Male,Rural,Prepaid,56.24,0,2019-12-06,48,379.53,11.18,19.67,7,0
CUST_8821,30,0,Female,Suburban,Prepaid,42.16,0,2022-10-26,14,275.77,9.82,28.00,5,0
CUST_8822,69,0,Female,Urban,Yearly,57.93,0,2022-12-05,12,439.80,10.60,30.50,9,0
CUST_8823,19,0,Male,Urban,Prepaid,66.73,0,2020-07-17,41,407.59,9.19,21.92,6,0
CUST_8824,69,0,Male,Suburban,Monthly,48.04,0,2020-06-11,42,448.02,9.33,22.08,4,0
CUST_8825,43,1,Male,Urban,Monthly,60.67,0,2022-08-10,16,517.41,9.88,34.58,3,0
CUST_8826,60,0,Female,Suburban,Monthly,28.86,0,2020-06-23,42,518.82,9.04,20.67,3,0
CUST_8827,43,1,Female,Rural,Prepaid,37.09,0,2022-09-27,15,662.13,9.75,26.67,11,0
CUST_8828,39,0,Male,Urban,Monthly,63.51,0,2021-10-13,26,582.84,8.40,20.33,4,0
CUST_8829,43,1,Female,Rural,Prepaid,40.42,0,2022-06-06,18,409.37,10.00,17.67,9,0
CUST_883,55,0,Male,Suburban,Prepaid,48.93,0,2021-11-16,25,427.79,10.64,29.33,8,0
CUST_8830,43,1,Female,Rural,Yearly,37.60,0,2021-02-19,34,370.24,8.34,29.83,1,0
CUST_8831,43,1,Male,Urban,Yearly,195.60,0,2023-03-03,9,584.31,10.67,24.17,6,0
CUST_8832,52,0,Male,Urban,Prepaid,33.83,0,2019-08-08,52,486.80,12.17,20.17,4,0
CUST_8833,29,0,Male,Suburban,Yearly,65.07,0,2018-06-16,66,480.80,9.57,28.33,7,0
CUST_8834,43,1,Male,Suburban,Prepaid,66.18,0,2021-11-02,25,380.29,10.24,25.83,5,0
CUST_8835,43,1,Male,Urban,Monthly,38.59,0,2019-07-04,53,513.26,11.25,25.33,5,0
CUST_8836,43,1,Male,Suburban,Monthly,33.39,0,2020-06-12,42,502.52,10.67,19.50,6,1
CUST_8837,56,0,Male,Rural,Monthly,48.59,0,2020-04-04,44,603.70,9.09,24.42,6,0
CUST_8838,43,1,Male,Rural,Prepaid,32.45,0,2018-06-17,66,399.71,11.31,22.67,4,0
CUST_8839,30,0,Male,Urban,Monthly,60.59,0,2018-01-06,71,376.82,11.74,20.42,4,0
CUST_884,43,1,Female,Suburban,Monthly,42.53,0,2018-05-19,67,505.24,8.86,17.08,7,0
CUST_8840,43,1,Male,Suburban,Prepaid,50.15,0,2021-04-02,32,378.92,7.82,26.58,9,0
CUST_8841,43,1,Female,Urban,Monthly,44.56,0,2021-12-10,24,442.37,7.76,35.17,6,0
CUST_8842,29,0,Female,Rural,Prepaid,65.32,0,2021-10-31,26,450.94,7.40,19.92,8,0
CUST_8843,43,1,Male,Urban,Monthly,35.85,0,2022-07-05,17,563.81,8.95,20.33,8,0
CUST_8844,43,1,Female,Urban,Monthly,43.60,0,2021-02-08,34,619.98,9.79,23.83,9,0
CUST_8845,50,0,Female,Urban,Monthly,32.05,0,2018-08-14,64,476.79,9.46,22.33,4,0
CUST_8846,57,0,Female,Urban,Monthly,29.31,0,2020-02-07,46,507.01,9.48,25.67,3,0
CUST_8847,43,1,Female,Rural,Prepaid,36.40,0,2020-09-25,39,309.85,9.59,20.17,5,0
CUST_8848,62,0,Female,Urban,Prepaid,37.85,0,2022-10-22,14,562.70,10.02,26.75,6,0
CUST_8849,52,0,Female,Urban,Prepaid,36.47,0,2019-04-04,56,586.24,10.14,25.83,5,0
CUST_885,51,0,Male,Suburban,Monthly,52.24,0,2020-06-26,42,463.99,11.55,25.08,3,0
CUST_8850,43,1,Male,Suburban,Yearly,48.63,0,2019-07-25,53,343.35,8.68,24.92,3,1
CUST_8851,22,0,Male,Urban,Monthly,48.51,0,2018-09-11,63,448.53,11.59,15.92,12,0
CUST_8852,43,1,Female,Suburban,Monthly,26.72,0,2022-08-15,16,720.93,10.14,17.67,5,0
CUST_8853,43,1,Female,Urban,Yearly,61.96,0,2022-05-06,19,629.25,10.07,29.50,5,0
CUST_8854,43,1,Male,Suburban,Yearly,27.26,0,2021-06-27,30,356.10,10.79,33.00,5,1
CUST_8855,27,0,Female,Urban,Monthly,24.09,0,2018-12-11,60,505.43,10.94,21.92,8,0
CUST_8856,43,1,Female,Suburban,Monthly,65.54,0,2018-10-15,62,654.43,9.72,19.00,9,0
CUST_8857,69,0,Female,Urban,Yearly,33.46,0,2020-11-12,37,373.51,10.47,27.75,5,0
CUST_8858,51,0,Female,Urban,Yearly,55.36,0,2020-06-25,42,791.19,10.26,23.00,4,0
CUST_8859,20,0,Female,Suburban,Monthly,41.24,0,2022-06-18,18,379.59,8.02,27.83,3,0
CUST_886,35,0,Male,Rural,Monthly,58.14,0,2020-02-08,46,451.91,9.20,20.75,5,0
CUST_8860,25,0,Male,Urban,Monthly,34.92,0,2023-02-03,10,499.79,10.36,29.67,6,0
CUST_8861,48,0,Male,Urban,Monthly,32.22,0,2022-05-30,19,456.66,10.51,28.17,8,0
CUST_8862,28,0,Female,Urban,Prepaid,55.71,0,2020-12-30,36,428.76,8.58,19.67,5,0
CUST_8863,62,0,Male,Urban,Yearly,36.00,0,2022-09-01,15,559.51,9.79,26.17,5,0
CUST_8864,43,1,Female,Rural,Monthly,66.43,0,2023-05-13,7,560.88,8.94,31.00,5,0
CUST_8865,62,0,Female,Urban,Prepaid,27.16,0,2018-03-09,69,564.93,8.85,21.92,10,0
CUST_8866,43,1,Female,Rural,Prepaid,71.23,0,2022-05-31,19,443.32,10.86,25.17,4,0
CUST_8867,43,1,Female,Rural,Yearly,18.81,0,2020-04-13,44,525.82,10.97,25.50,2,1
CUST_8868,43,1,Female,Urban,Monthly,54.28,0,2022-10-25,14,586.65,9.31,31.50,9,0
CUST_8869,49,0,Female,Suburban,Prepaid,32.37,0,2018-02-27,70,397.02,9.47,25.00,4,0
CUST_887,47,0,Male,Rural,Monthly,54.82,0,2022-10-14,14,567.33,9.75,22.75,8,0
CUST_8870,37,0,Female,Suburban,Prepaid,26.13,0,2022-08-24,16,758.89,9.43,21.58,11,1
CUST_8871,51,0,Female,Urban,Monthly,48.50,0,2020-10-26,38,456.62,10.13,29.58,6,0
CUST_8872,67,0,Female,Rural,Prepaid,60.14,0,2020-12-29,36,619.37,9.06,17.83,5,0
CUST_8873,33,0,Male,Suburban,Monthly,47.07,0,2019-06-09,54,406.66,11.39,20.67,2,0
CUST_8874,43,1,Female,Urban,Monthly,49.34,0,2020-03-26,45,543.39,9.97,20.25,5,0
CUST_8875,43,1,Male,Urban,Monthly,53.06,0,2022-08-30,16,685.67,11.87,20.75,5,0
CUST_8876,24,0,Male,Rural,Yearly,59.26,0,2023-04-08,8,427.30,10.33,20.25,5,0
CUST_8877,56,0,Female,Suburban,Prepaid,74.69,0,2020-07-18,41,370.93,8.38,27.75,8,0
CUST_8878,43,1,Male,Urban,Prepaid,38.83,0,2021-03-02,33,331.63,11.30,26.75,4,0
CUST_8879,43,1,Female,Suburban,Prepaid,57.18,0,2023-05-18,7,549.74,10.41,24.67,10,0
CUST_888,43,1,Male,Suburban,Yearly,42.52,0,2018-08-27,64,663.33,10.26,20.25,7,0
CUST_8880,43,1,Female,Urban,Prepaid,41.40,0,2021-08-16,28,549.09,10.53,17.33,5,0
CUST_8881,23,0,Female,Urban,Prepaid,47.38,0,2021-01-26,35,625.14,11.31,19.83,7,0
CUST_8882,40,0,Female,Urban,Monthly,60.23,0,2019-03-28,57,397.60,9.61,24.92,4,0
CUST_8883,44,0,Male,Rural,Prepaid,52.71,0,2022-05-04,19,397.87,11.27,25.42,5,0
CUST_8884,63,0,Male,Rural,Yearly,38.81,0,2022-02-11,22,542.03,7.90,30.50,4,0
CUST_8885,23,0,Female,Rural,Prepaid,51.57,0,2020-04-14,44,671.65,10.10,22.75,6,0
CUST_8886,55,0,Male,Suburban,Monthly,55.29,0,2018-03-29,69,512.44,9.83,18.33,5,0
CUST_8887,43,1,Male,Rural,Yearly,59.46,0,2019-10-13,50,334.76,11.47,20.42,6,1
CUST_8888,39,0,Male,Rural,Prepaid,67.12,0,2021-06-24,30,640.57,10.55,22.08,7,0
CUST_8889,37,0,Female,Suburban,Monthly,76.89,0,2020-12-03,36,626.21,10.28,25.75,5,0
CUST_889,44,0,Female,Suburban,Monthly,34.52,0,2020-11-11,37,657.41,8.92,30.75,2,0
CUST_8890,43,1,Male,Suburban,Monthly,50.04,0,2018-03-27,69,503.49,11.00,29.00,8,0
CUST_8891,32,0,Male,Suburban,Monthly,33.45,0,2018-01-24,71,396.18,11.09,21.33,5,0
CUST_8892,43,1,Male,Suburban,Monthly,54.75,0,2021-10-18,26,623.67,8.53,25.25,8,0
CUST_8893,43,1,Female,Rural,Prepaid,29.93,0,2018-09-07,63,538.61,8.73,22.08,9,0
CUST_8894,25,0,Male,Rural,Monthly,78.53,0,2023-01-05,11,507.64,11.75,25.08,4,0
CUST_8895,54,0,Male,Suburban,Monthly,41.64,0,2021-03-03,33,357.63,10.76,22.92,3,0
CUST_8896,66,0,Female,Rural,Prepaid,64.78,0,2020-08-19,40,485.30,9.07,29.00,5,0
CUST_8897,43,1,Male,Urban,Yearly,54.73,0,2019-04-29,56,441.39,9.62,13.25,12,0
CUST_8898,43,1,Female,Rural,Monthly,53.67,0,2023-03-20,9,483.40,7.55,23.67,4,0
CUST_8899,39,0,Female,Urban,Monthly,26.28,0,2020-03-08,45,434.08,10.42,16.58,4,0
CUST_89,33,0,Male,Suburban,Prepaid,54.83,0,2023-02-06,10,465.06,10.62,28.83,4,0
CUST_890,43,1,Female,Urban,Prepaid,77.94,0,2021-09-27,27,649.76,11.07,24.83,6,0
CUST_8900,43,1,Female,Suburban,Yearly,38.18,0,2018-01-18,71,272.28,8.06,19.50,1,0
CUST_8901,64,0,Female,Suburban,Monthly,44.09,0,2018-04-07,68,475.24,9.57,20.83,9,0
CUST_8902,22,0,Female,Rural,Prepaid,44.39,0,2023-04-14,8,547.75,9.48,26.00,7,1
CUST_8903,56,0,Female,Suburban,Monthly,51.39,0,2020-09-29,39,460.04,10.28,22.75,5,0
CUST_8904,35,0,Male,Rural,Monthly,40.08,0,2023-02-14,10,412.26,9.20,19.67,4,0
CUST_8905,43,1,Female,Rural,Monthly,57.35,0,2022-05-31,19,641.27,10.64,32.25,4,0
CUST_8906,43,1,Male,Rural,Yearly,242.80,0,2018-07-30,65,391.21,9.35,20.58,7,0
CUST_8907,43,1,Male,Rural,Prepaid,59.86,0,2021-05-02,31,425.56,9.83,27.67,10,0
CUST_8908,68,0,Female,Urban,Prepaid,27.72,0,2022-09-05,15,471.56,10.88,22.42,8,0
CUST_8909,48,0,Male,Urban,Monthly,61.71,0,2021-12-24,24,600.64,10.51,22.67,7,0
CUST_891,43,1,Female,Urban,Monthly,59.51,0,2022-10-17,14,541.55,9.49,28.83,8,0
CUST_8910,27,0,Male,Suburban,Monthly,74.44,0,2022-11-21,13,392.51,9.32,27.17,8,0
CUST_8911,32,0,Male,Urban,Prepaid,47.61,0,2020-08-15,40,552.95,10.61,18.75,6,0
CUST_8912,59,0,Female,Suburban,Yearly,68.11,0,2021-02-23,34,515.17,10.30,21.67,4,0
CUST_8913,43,1,Male,Suburban,Prepaid,49.58,0,2021-09-24,27,551.87,8.76,22.00,4,0
CUST_8914,43,1,Male,Rural,Prepaid,43.72,0,2018-02-08,70,434.06,10.93,29.00,5,0
CUST_8915,35,0,Female,Rural,Yearly,53.16,0,2018-07-20,65,426.99,9.32,22.67,5,0
CUST_8916,40,0,Male,Rural,Prepaid,73.54,0,2022-09-02,15,570.82,11.45,22.17,5,0
CUST_8917,50,0,Male,Rural,Yearly,72.33,0,2021-11-04,25,455.90,9.13,21.67,8,0
CUST_8918,33,0,Male,Rural,Prepaid,27.03,0,2022-02-20,22,464.96,9.84,25.75,6,0
CUST_8919,55,0,Female,Rural,Prepaid,34.57,0,2019-03-11,57,481.68,9.22,23.58,5,0
CUST_892,69,0,Female,Suburban,Yearly,55.33,0,2021-07-11,29,456.95,11.56,17.33,2,0
CUST_8920,52,0,Male,Urban,Monthly,48.69,0,2022-02-11,22,568.59,8.50,21.08,8,0
CUST_8921,43,1,Male,Suburban,Yearly,39.39,0,2020-09-01,39,421.81,9.57,29.00,10,0
CUST_8922,43,1,Female,Suburban,Monthly,55.74,0,2022-07-08,17,377.06,9.81,30.67,2,0
CUST_8923,43,1,Female,Rural,Prepaid,47.92,0,2021-03-20,33,583.61,10.33,26.33,7,0
CUST_8924,47,0,Female,Urban,Monthly,43.20,0,2018-10-14,62,545.36,10.87,16.67,3,0
CUST_8925,30,0,Male,Rural,Prepaid,79.66,0,2018-12-09,60,516.12,10.70,25.17,5,0
CUST_8926,58,0,Female,Urban,Yearly,61.74,0,2022-06-22,18,230.08,9.32,30.25,4,0
CUST_8927,33,0,Female,Urban,Prepaid,60.72,0,2018-10-09,62,330.32,8.68,22.08,8,0
CUST_8928,22,0,Female,Suburban,Yearly,37.89,0,2022-02-17,22,494.10,11.23,22.25,8,0
CUST_8929,45,0,Male,Suburban,Monthly,49.44,0,2020-05-09,43,462.78,9.94,27.33,8,0
CUST_893,43,1,Male,Suburban,Monthly,57.60,0,2019-11-29,49,522.64,11.41,34.58,3,0
CUST_8930,56,0,Female,Urban,Monthly,47.94,0,2021-04-14,32,645.38,9.16,29.42,1,0
CUST_8931,62,0,Female,Suburban,Monthly,51.41,0,2021-12-30,24,349.70,7.08,26.83,7,0
CUST_8932,43,1,Female,Urban,Prepaid,43.40,0,2018-09-20,63,428.10,8.64,18.92,6,0
CUST_8933,41,0,Female,Urban,Yearly,63.84,0,2022-05-07,19,575.75,11.90,21.42,9,0
CUST_8934,44,0,Female,Urban,Prepaid,69.97,0,2020-07-06,41,438.40,10.65,31.92,9,0
CUST_8935,43,1,Male,Suburban,Prepaid,61.48,0,2023-02-20,10,535.95,9.20,32.67,4,0
CUST_8936,62,0,Male,Rural,Monthly,48.50,0,2022-08-01,16,613.43,10.26,27.33,8,0
CUST_8937,44,0,Female,Suburban,Yearly,43.96,0,2018-11-06,61,536.96,10.38,22.08,4,0
CUST_8938,43,1,Female,Rural,Prepaid,66.24,0,2020-11-15,37,601.14,9.07,28.33,5,0
CUST_8939,43,1,Female,Suburban,Monthly,54.86,0,2021-05-11,31,360.08,7.61,21.92,3,0
CUST_894,50,0,Male,Rural,Monthly,66.52,0,2018-06-23,66,450.86,8.39,23.42,7,0
CUST_8940,59,0,Male,Suburban,Monthly,58.35,0,2021-06-25,30,569.44,8.16,24.92,6,0
CUST_8941,64,0,Male,Rural,Prepaid,54.59,0,2020-06-14,42,656.87,9.73,20.50,5,0
CUST_8942,55,0,Male,Urban,Prepaid,38.86,0,2021-05-22,31,452.08,11.46,25.17,5,0
CUST_8943,43,1,Male,Rural,Monthly,73.45,0,2021-08-22,28,439.51,9.95,20.67,5,0
CUST_8944,43,1,Female,Urban,Prepaid,86.81,0,2022-02-18,22,499.70,12.02,22.58,6,0
CUST_8945,45,0,Female,Urban,Monthly,43.52,0,2021-07-11,29,358.98,10.71,19.83,8,0
CUST_8946,43,1,Female,Suburban,Monthly,49.41,0,2019-03-21,57,436.82,8.04,23.58,4,0
CUST_8947,32,0,Female,Suburban,Yearly,44.29,0,2021-01-14,35,447.43,9.32,25.25,7,0
CUST_8948,49,0,Male,Suburban,Prepaid,40.06,0,2020-07-25,41,561.56,10.09,23.92,5,0
CUST_8949,43,0,Female,Suburban,Monthly,58.94,0,2022-10-23,14,535.24,9.62,26.67,8,1
CUST_895,43,1,Male,Suburban,Monthly,42.98,0,2020-01-20,47,443.99,11.07,32.42,10,0
CUST_8950,43,1,Male,Suburban,Prepaid,41.31,0,2018-01-18,71,487.39,9.95,24.42,6,0
CUST_8951,48,0,Male,Rural,Monthly,35.67,0,2021-04-19,32,595.93,11.28,24.08,2,0
CUST_8952,43,1,Female,Rural,Yearly,56.69,0,2022-01-13,23,433.68,9.33,26.75,5,0
CUST_8953,26,0,Male,Rural,Prepaid,36.88,0,2019-06-10,54,450.56,9.69,32.58,5,0
CUST_8954,46,0,Male,Rural,Monthly,40.76,0,2018-11-28,61,622.10,9.79,22.25,11,1
CUST_8955,68,0,Female,Suburban,Monthly,39.86,0,2018-12-04,60,408.36,8.20,24.92,8,0
CUST_8956,43,1,Male,Rural,Monthly,56.94,0,2018-07-24,65,466.46,9.93,27.17,5,0
CUST_8957,21,0,Male,Rural,Monthly,51.11,0,2021-05-28,31,363.82,11.01,28.58,9,0
CUST_8958,20,0,Female,Urban,Prepaid,21.97,0,2022-12-28,12,571.38,11.01,35.17,4,0
CUST_8959,46,0,Male,Suburban,Monthly,54.29,0,2018-09-15,63,564.22,10.01,36.00,7,0
CUST_896,32,0,Male,Urban,Prepaid,48.06,0,2019-05-13,55,608.15,9.84,36.50,11,0
CUST_8960,43,1,Male,Rural,Prepaid,37.62,0,2023-04-06,8,256.29,9.06,22.83,2,0
CUST_8961,28,0,Female,Rural,Monthly,73.06,0,2020-05-13,43,437.25,10.38,22.50,5,0
CUST_8962,50,0,Male,Rural,Monthly,18.95,0,2021-10-22,26,504.02,10.36,24.58,7,0
CUST_8963,55,0,Female,Suburban,Yearly,55.64,0,2022-12-31,12,559.92,10.10,28.17,8,0
CUST_8964,43,1,Male,Rural,Prepaid,61.67,0,2022-01-07,23,677.23,7.97,29.67,3,0
CUST_8965,44,0,Male,Urban,Monthly,31.90,0,2018-11-02,61,558.82,9.99,20.42,5,0
CUST_8966,50,0,Female,Suburban,Monthly,45.82,0,2018-12-19,60,508.60,10.17,29.58,8,0
CUST_8967,38,0,Female,Urban,Prepaid,51.43,0,2020-11-24,37,564.35,10.16,23.92,4,0
CUST_8968,56,0,Male,Suburban,Monthly,47.74,0,2021-06-07,30,520.98,9.25,30.42,8,0
CUST_8969,48,0,Female,Rural,Prepaid,57.31,0,2020-12-26,36,549.50,8.63,24.75,5,0
CUST_897,47,0,Female,Urban,Prepaid,38.71,0,2021-02-02,34,418.94,11.70,22.58,6,0
CUST_8970,55,0,Male,Suburban,Prepaid,52.37,0,2018-12-13,60,408.43,9.78,13.58,13,0
CUST_8971,43,1,Female,Suburban,Prepaid,61.80,0,2022-02-22,22,445.47,10.78,28.17,8,0
CUST_8972,19,0,Male,Suburban,Prepaid,54.95,0,2022-09-24,15,398.61,10.60,24.25,6,0
CUST_8973,44,0,Male,Urban,Yearly,51.64,0,2019-02-21,58,478.48,10.50,31.17,10,1
CUST_8974,53,0,Male,Suburban,Prepaid,45.86,0,2021-11-18,25,443.65,11.51,22.58,12,0
CUST_8975,28,0,Male,Rural,Yearly,53.71,0,2019-11-06,49,468.60,9.28,23.33,10,0
CUST_8976,64,0,Male,Suburban,Prepaid,76.22,0,2021-12-18,24,456.60,9.53,25.42,4,0
CUST_8977,43,1,Female,Suburban,Monthly,48.71,0,2019-05-10,55,555.83,9.92,24.42,6,0
CUST_8978,18,0,Female,Rural,Monthly,30.90,0,2021-06-10,30,413.27,10.71,23.08,6,0
CUST_8979,52,0,Male,Rural,Yearly,66.44,0,2018-01-22,71,412.71,9.94,25.25,6,0
CUST_898,43,1,Male,Urban,Yearly,49.89,0,2021-09-23,27,426.46,8.99,25.83,5,0
CUST_8980,52,0,Male,Urban,Monthly,81.14,0,2020-10-04,38,501.92,9.15,22.33,10,0
CUST_8981,48,0,Female,Rural,Yearly,58.66,0,2023-06-13,6,563.07,8.36,22.17,5,0
CUST_8982,43,1,Female,Rural,Monthly,79.47,0,2019-07-15,53,464.97,11.08,24.25,6,0
CUST_8983,43,1,Female,Rural,Prepaid,52.14,0,2023-05-23,7,317.08,10.23,25.58,4,0
CUST_8984,18,0,Female,Suburban,Yearly,94.23,0,2021-08-01,28,455.01,10.73,24.33,6,0
CUST_8985,42,0,Female,Urban,Yearly,27.97,0,2018-11-14,61,390.79,9.21,28.58,5,0
CUST_8986,60,0,Male,Rural,Prepaid,47.74,0,2018-01-06,71,568.79,10.88,21.08,8,0
CUST_8987,55,0,Male,Rural,Yearly,58.99,0,2021-12-19,24,345.48,10.50,29.33,7,0
CUST_8988,37,0,Female,Rural,Monthly,38.53,0,2021-07-16,29,450.89,11.42,33.33,10,0
CUST_8989,20,0,Female,Suburban,Yearly,67.74,0,2020-10-04,38,645.53,11.79,23.42,8,0
CUST_899,43,1,Female,Urban,Monthly,39.86,0,2018-10-04,62,406.89,10.17,26.75,5,0
CUST_8990,68,0,Female,Suburban,Yearly,58.20,0,2020-07-15,41,557.00,10.91,24.42,3,0
CUST_8991,43,1,Female,Urban,Yearly,46.77,0,2022-01-09,23,487.49,11.59,22.75,5,0
CUST_8992,35,0,Female,Urban,Yearly,56.45,0,2023-06-23,6,451.12,8.18,20.67,4,0
CUST_8993,61,0,Female,Suburban,Prepaid,52.99,0,2021-09-04,27,462.52,9.19,27.08,3,0
CUST_8994,27,0,Female,Rural,Prepaid,59.75,0,2023-05-03,7,664.24,10.09,19.00,4,0
CUST_8995,22,0,Female,Rural,Prepaid,46.51,0,2021-01-08,35,548.13,10.52,19.92,9,0
CUST_8996,26,0,Female,Urban,Prepaid,16.84,0,2022-11-25,13,200.53,9.33,24.50,6,0
CUST_8997,19,0,Male,Rural,Prepaid,62.96,0,2020-08-11,40,452.34,11.24,23.67,8,1
CUST_8998,43,1,Female,Suburban,Monthly,49.02,0,2023-03-08,9,481.09,9.51,23.33,10,0
CUST_8999,43,1,Female,Urban,Prepaid,38.21,0,2020-04-01,44,516.31,9.51,27.25,7,0
CUST_9,43,1,Male,Urban,Yearly,51.79,0,2022-10-16,14,532.69,10.48,23.83,4,0
CUST_90,62,0,Male,Urban,Monthly,63.00,0,2022-09-16,15,618.99,10.48,28.17,5,0
CUST_900,34,0,Male,Urban,Prepaid,34.90,0,2021-02-13,34,550.88,9.69,24.33,3,0
CUST_9000,43,1,Male,Suburban,Monthly,44.38,0,2020-12-15,36,277.06,9.16,27.67,6,0
CUST_9001,27,0,Male,Suburban,Yearly,47.05,0,2021-04-01,32,414.25,9.09,29.25,5,0
CUST_9002,67,0,Male,Rural,Monthly,27.69,0,2019-06-29,54,460.37,9.72,34.17,7,0
CUST_9003,29,0,Female,Suburban,Monthly,36.68,0,2022-10-20,14,541.37,9.42,18.58,6,1
CUST_9004,53,0,Female,Suburban,Prepaid,48.28,0,2021-03-25,33,653.85,11.72,24.58,9,0
CUST_9005,38,0,Female,Rural,Prepaid,47.45,0,2022-09-19,15,391.72,9.67,30.58,5,1
CUST_9006,43,1,Female,Suburban,Monthly,36.00,0,2021-04-21,32,379.10,8.74,25.67,9,0
CUST_9007,43,1,Male,Rural,Monthly,30.68,0,2021-02-19,34,528.36,8.71,16.92,4,0
CUST_9008,43,1,Female,Suburban,Monthly,37.20,0,2021-02-06,34,617.39,9.54,27.83,4,0
CUST_9009,43,1,Female,Rural,Monthly,54.45,0,2020-09-30,39,533.60,10.28,29.58,5,0
CUST_901,43,1,Male,Urban,Yearly,25.70,0,2020-08-18,40,462.49,9.68,20.67,6,0
CUST_9010,66,0,Male,Rural,Prepaid,40.30,0,2022-08-15,16,334.62,9.65,27.58,12,0
CUST_9011,20,0,Female,Urban,Prepaid,63.08,0,2023-01-02,11,589.44,8.33,19.42,6,0
CUST_9012,27,0,Female,Suburban,Monthly,67.43,0,2019-11-07,49,456.90,9.03,24.50,5,0
CUST_9013,22,0,Female,Suburban,Prepaid,76.16,0,2020-04-01,44,440.30,10.09,26.33,5,0
CUST_9014,63,0,Female,Urban,Monthly,59.37,0,2021-03-10,33,509.50,8.57,31.08,5,0
CUST_9015,43,0,Male,Rural,Yearly,56.34,0,2022-02-06,22,635.84,11.03,16.00,4,0
CUST_9016,38,0,Male,Rural,Prepaid,70.66,0,2019-12-05,48,618.70,10.10,24.08,7,0
CUST_9017,43,1,Male,Urban,Monthly,31.73,0,2019-01-16,59,456.39,8.99,25.50,6,0
CUST_9018,43,0,Male,Urban,Monthly,59.39,0,2021-01-10,35,549.07,8.67,20.33,10,1
CUST_9019,55,0,Female,Rural,Monthly,64.24,0,2020-02-10,46,665.77,10.16,31.92,7,0
CUST_902,43,1,Male,Suburban,Monthly,74.87,0,2018-12-29,60,391.15,10.33,29.33,7,0
CUST_9020,61,0,Female,Rural,Prepaid,49.84,0,2023-05-27,7,443.39,10.38,26.83,4,0
CUST_9021,43,0,Female,Urban,Yearly,62.34,0,2018-01-09,71,537.70,8.62,26.25,6,0
CUST_9022,43,1,Male,Suburban,Prepaid,44.99,0,2022-09-18,15,446.44,10.30,26.00,6,0
CUST_9023,22,0,Male,Rural,Monthly,50.59,0,2021-04-29,32,468.49,9.32,36.17,9,0
CUST_9024,32,0,Male,Urban,Monthly,55.50,0,2021-12-07,24,557.06,8.98,26.83,3,0
CUST_9025,33,0,Female,Suburban,Prepaid,55.05,0,2023-02-04,10,334.10,12.00,25.83,1,0
CUST_9026,18,0,Female,Suburban,Prepaid,29.16,0,2022-01-31,23,491.73,11.06,18.58,8,1
CUST_9027,43,1,Male,Suburban,Prepaid,42.29,0,2020-08-04,40,464.34,10.00,24.50,5,0
CUST_9028,54,0,Male,Suburban,Monthly,50.64,0,2018-02-16,70,584.63,10.10,20.50,5,0
CUST_9029,43,1,Female,Urban,Prepaid,55.88,0,2023-06-10,6,477.76,9.64,28.83,5,0
CUST_903,43,1,Male,Urban,Monthly,44.98,0,2022-08-24,16,467.67,8.55,25.50,6,1
CUST_9030,69,0,Female,Rural,Yearly,60.10,0,2021-07-22,29,553.91,9.88,26.75,5,1
CUST_9031,64,0,Female,Suburban,Prepaid,50.37,0,2020-04-14,44,583.43,10.18,25.75,2,1
CUST_9032,48,0,Male,Suburban,Yearly,66.62,0,2020-06-27,42,419.67,11.08,23.33,5,0
CUST_9033,30,0,Male,Urban,Yearly,45.61,0,2018-09-20,63,352.62,10.08,20.08,5,0
CUST_9034,43,1,Male,Suburban,Monthly,62.85,0,2018-01-30,71,583.58,10.03,18.67,4,0
CUST_9035,60,0,Male,Urban,Monthly,47.75,0,2020-05-20,43,470.81,10.01,24.08,8,0
CUST_9036,38,0,Female,Urban,Prepaid,36.24,0,2020-05-21,43,538.88,10.09,23.25,10,0
CUST_9037,43,1,Female,Rural,Yearly,89.28,0,2018-07-31,65,516.58,10.14,28.08,5,0
CUST_9038,44,0,Female,Suburban,Monthly,57.49,0,2022-09-21,15,545.77,8.69,24.33,7,0
CUST_9039,43,1,Male,Rural,Yearly,22.39,0,2020-05-26,43,477.93,9.41,30.00,7,0
CUST_904,27,0,Female,Urban,Prepaid,57.30,0,2018-04-16,68,393.21,10.18,26.75,9,0
CUST_9040,43,1,Female,Urban,Monthly,63.55,0,2020-05-13,43,455.04,8.76,22.50,6,0
CUST_9041,55,0,Female,Suburban,Yearly,52.47,0,2021-10-01,26,564.83,9.05,29.00,5,0
CUST_9042,63,0,Female,Urban,Monthly,63.01,0,2021-12-17,24,423.18,8.49,24.25,5,0
CUST_9043,43,1,Female,Urban,Yearly,58.13,0,2019-05-13,55,542.72,8.63,30.25,6,0
CUST_9044,28,0,Female,Urban,Prepaid,38.55,0,2019-11-23,49,614.29,10.89,27.08,6,0
CUST_9045,25,0,Male,Suburban,Monthly,63.80,0,2021-07-08,29,554.58,7.64,21.33,3,1
CUST_9046,43,1,Female,Urban,Monthly,40.06,0,2018-02-15,70,412.34,10.32,25.33,10,0
CUST_9047,50,0,Female,Urban,Monthly,37.89,0,2023-02-04,10,441.33,9.61,28.67,3,0
CUST_9048,24,0,Male,Suburban,Monthly,44.98,0,2018-08-18,64,628.78,8.21,24.33,4,0
CUST_9049,55,0,Male,Rural,Monthly,34.43,0,2019-03-04,57,606.38,11.26,21.25,8,0
CUST_905,34,0,Female,Urban,Yearly,51.45,0,2020-12-02,36,625.12,9.65,35.83,6,0
CUST_9050,38,0,Female,Urban,Prepaid,57.52,0,2019-09-14,51,498.48,8.03,28.42,4,0
CUST_9051,25,0,Female,Rural,Monthly,81.28,0,2023-06-11,6,579.75,10.02,28.08,8,0
CUST_9052,43,1,Female,Rural,Monthly,33.44,0,2020-04-20,44,450.86,8.54,20.42,3,0
CUST_9053,43,1,Female,Rural,Prepaid,70.62,0,2018-03-20,69,746.12,10.06,23.33,6,1
CUST_9054,37,0,Male,Rural,Monthly,41.02,0,2019-09-02,51,456.98,9.70,27.42,8,0
CUST_9055,43,1,Female,Rural,Prepaid,41.10,0,2021-09-21,27,395.22,10.04,18.67,9,0
CUST_9056,43,1,Male,Rural,Prepaid,32.88,0,2021-06-02,30,578.97,9.93,20.50,8,0
CUST_9057,43,1,Female,Suburban,Monthly,55.14,0,2020-03-01,45,274.40,10.66,21.58,11,0
CUST_9058,67,0,Female,Suburban,Yearly,30.14,0,2020-09-02,39,740.88,10.14,21.58,5,0
CUST_9059,43,1,Female,Rural,Monthly,42.89,0,2018-05-26,67,602.42,10.14,29.50,5,0
CUST_906,43,1,Female,Urban,Monthly,57.46,0,2023-05-18,7,319.61,10.73,20.33,9,0
CUST_9060,43,1,Male,Suburban,Yearly,66.63,0,2022-01-08,23,435.06,8.40,24.67,6,0
CUST_9061,26,0,Female,Suburban,Monthly,73.45,0,2020-03-26,45,685.83,10.34,13.58,4,0
CUST_9062,32,0,Female,Rural,Monthly,35.75,0,2022-12-23,12,426.75,10.59,26.25,9,0
CUST_9063,47,0,Male,Rural,Prepaid,45.44,0,2021-02-15,34,277.59,9.85,26.00,4,0
CUST_9064,43,1,Female,Urban,Yearly,47.87,0,2018-02-15,70,477.99,10.81,25.67,4,0
CUST_9065,27,0,Male,Suburban,Monthly,27.93,0,2022-05-22,19,537.51,7.88,22.08,8,0
CUST_9066,43,1,Female,Rural,Monthly,41.39,0,2020-01-18,47,541.27,9.93,22.42,4,0
CUST_9067,43,1,Male,Suburban,Prepaid,40.48,0,2021-02-15,34,432.71,10.59,26.00,9,0
CUST_9068,53,0,Male,Suburban,Yearly,57.33,0,2019-03-31,57,325.95,8.94,32.75,10,0
CUST_9069,43,1,Male,Suburban,Monthly,53.68,0,2019-03-07,57,450.06,8.15,17.42,6,0
CUST_907,43,1,Female,Suburban,Monthly,19.95,0,2019-12-07,48,512.74,9.96,31.58,3,0
CUST_9070,43,1,Female,Urban,Yearly,51.86,0,2018-03-05,69,469.44,9.70,29.83,8,0
CUST_9071,54,0,Male,Rural,Prepaid,46.83,0,2019-08-25,52,565.86,8.78,28.50,4,0
CUST_9072,43,1,Male,Suburban,Prepaid,69.67,0,2023-05-08,7,664.64,7.52,25.00,5,0
CUST_9073,24,0,Female,Rural,Prepaid,49.67,0,2019-11-22,49,573.91,10.99,30.25,6,0
CUST_9074,43,1,Male,Suburban,Monthly,64.90,0,2023-01-13,11,351.67,11.24,24.50,7,0
CUST_9075,43,1,Female,Rural,Yearly,58.85,0,2021-07-19,29,474.79,9.74,27.00,4,0
CUST_9076,57,0,Female,Rural,Prepaid,52.29,0,2020-10-29,38,530.03,9.63,22.00,1,0
CUST_9077,43,1,Male,Rural,Prepaid,63.34,0,2018-07-28,65,506.26,10.17,21.42,5,0
CUST_9078,33,0,Male,Suburban,Prepaid,45.38,0,2018-09-25,63,694.42,9.22,18.33,6,0
CUST_9079,55,0,Female,Urban,Monthly,36.58,0,2018-07-23,65,556.47,11.87,22.08,7,0
CUST_908,43,1,Male,Rural,Prepaid,42.95,0,2022-05-22,19,568.04,9.53,27.67,7,0
CUST_9080,43,1,Male,Rural,Prepaid,49.56,0,2020-05-30,43,310.82,10.28,23.08,9,0
CUST_9081,65,0,Male,Urban,Yearly,72.54,0,2018-12-30,60,585.99,9.99,23.58,4,0
CUST_9082,43,1,Male,Rural,Prepaid,53.21,0,2019-07-08,53,531.23,9.91,18.42,8,0
CUST_9083,43,1,Male,Urban,Monthly,42.43,0,2019-06-10,54,594.37,10.10,29.92,3,0
CUST_9084,31,0,Female,Rural,Monthly,37.83,0,2023-05-01,7,431.57,10.05,17.00,5,0
CUST_9085,50,0,Female,Urban,Prepaid,27.17,0,2022-06-01,18,618.40,9.26,29.67,4,0
CUST_9086,43,1,Male,Rural,Monthly,37.70,0,2020-05-18,43,493.79,9.18,17.58,9,0
CUST_9087,43,1,Female,Rural,Monthly,54.51,0,2022-05-29,19,515.29,10.14,20.58,3,0
CUST_9088,41,0,Male,Urban,Monthly,46.44,0,2022-06-07,18,453.22,9.45,19.00,6,0
CUST_9089,30,0,Male,Rural,Monthly,53.33,0,2018-08-13,64,518.38,9.43,22.17,9,0
CUST_909,41,0,Male,Rural,Prepaid,67.39,0,2022-06-04,18,444.62,8.82,32.67,9,0
CUST_9090,43,0,Male,Suburban,Prepaid,36.32,0,2020-02-03,46,485.70,10.30,29.08,9,0
CUST_9091,43,1,Male,Rural,Yearly,65.40,0,2018-08-24,64,812.95,9.39,19.92,9,0
CUST_9092,43,1,Female,Rural,Monthly,61.29,0,2022-07-11,17,565.39,10.12,26.50,4,0
CUST_9093,66,0,Male,Suburban,Monthly,41.57,0,2021-05-22,31,478.59,10.20,17.83,4,0
CUST_9094,60,0,Female,Suburban,Monthly,28.82,0,2019-01-10,59,397.02,6.95,20.25,7,0
CUST_9095,43,1,Male,Suburban,Prepaid,53.75,0,2021-12-07,24,420.27,9.77,23.08,4,0
CUST_9096,45,0,Female,Urban,Prepaid,20.51,0,2018-05-01,67,567.69,8.70,30.00,4,0
CUST_9097,43,1,Female,Suburban,Yearly,30.27,0,2023-02-14,10,451.39,10.11,24.08,7,0
CUST_9098,43,1,Female,Urban,Yearly,43.95,0,2018-07-11,65,653.35,9.52,25.08,6,0
CUST_9099,43,1,Female,Suburban,Monthly,36.78,0,2018-12-22,60,363.54,9.67,26.33,6,0
CUST_91,35,0,Male,Rural,Yearly,43.94,0,2019-07-28,53,387.19,11.10,23.67,7,0
CUST_910,43,1,Female,Rural,Prepaid,79.15,0,2022-06-12,18,507.16,8.88,23.25,7,0
CUST_9100,43,1,Male,Urban,Prepaid,69.42,0,2021-07-12,29,642.07,9.32,23.50,9,1
CUST_9101,59,0,Female,Suburban,Monthly,45.06,0,2019-06-01,54,418.18,10.79,22.17,5,0
CUST_9102,43,1,Male,Suburban,Monthly,57.31,0,2020-02-20,46,453.28,11.11,22.42,6,0
CUST_9103,59,0,Female,Rural,Yearly,17.34,0,2022-02-11,22,436.39,9.97,22.08,6,0
CUST_9104,53,0,Female,Suburban,Prepaid,23.23,0,2019-03-18,57,571.56,10.41,28.42,5,0
CUST_9105,43,1,Female,Rural,Prepaid,39.86,0,2021-06-18,30,361.50,9.37,21.67,5,0
CUST_9106,44,0,Male,Suburban,Prepaid,53.20,0,2020-11-13,37,284.47,9.37,21.50,4,0
CUST_9107,63,0,Female,Suburban,Prepaid,30.94,0,2022-12-01,12,333.91,8.45,23.67,7,1
CUST_9108,19,0,Male,Rural,Yearly,55.44,0,2019-03-05,57,235.04,9.62,14.92,6,0
CUST_9109,42,0,Male,Rural,Monthly,70.23,0,2018-07-05,65,486.72,10.36,24.17,5,0
CUST_911,43,1,Female,Rural,Yearly,44.53,0,2020-08-02,40,593.85,9.97,26.42,4,0
CUST_9110,26,0,Male,Urban,Yearly,38.17,0,2021-04-27,32,543.52,11.08,29.08,6,0
CUST_9111,44,0,Female,Rural,Prepaid,49.83,0,2021-06-02,30,382.78,9.48,15.67,3,0
CUST_9112,18,0,Female,Urban,Monthly,45.89,0,2020-11-03,37,604.31,9.82,20.58,3,0
CUST_9113,43,1,Female,Suburban,Monthly,43.64,0,2022-01-29,23,572.37,9.67,25.92,5,0
CUST_9114,27,0,Female,Rural,Prepaid,54.78,0,2019-09-17,51,406.01,8.17,22.50,4,0
CUST_9115,59,0,Female,Rural,Monthly,50.13,0,2022-12-28,12,482.65,9.63,23.00,4,0
CUST_9116,69,0,Female,Suburban,Monthly,47.26,0,2020-08-28,40,598.98,10.48,28.58,6,0
CUST_9117,42,0,Female,Suburban,Yearly,52.12,0,2021-01-31,35,658.29,9.69,23.42,6,0
CUST_9118,20,0,Male,Suburban,Prepaid,62.94,0,2020-02-28,46,543.54,10.94,21.08,6,0
CUST_9119,23,0,Female,Suburban,Yearly,59.06,0,2021-10-07,26,415.89,8.87,30.58,9,0
CUST_912,23,0,Male,Urban,Prepaid,46.26,0,2020-12-03,36,484.56,10.43,24.25,3,0
CUST_9120,43,1,Male,Rural,Yearly,23.68,0,2018-09-30,63,421.40,9.60,27.50,10,0
CUST_9121,43,1,Male,Suburban,Monthly,36.71,0,2019-07-13,53,389.18,9.39,31.75,12,0
CUST_9122,35,0,Female,Suburban,Monthly,58.77,0,2022-10-12,14,357.24,9.46,33.92,7,0
CUST_9123,40,0,Female,Rural,Prepaid,88.72,0,2021-05-01,31,606.16,8.96,28.25,6,0
CUST_9124,19,0,Male,Urban,Monthly,40.18,0,2019-05-03,55,244.15,9.77,26.42,2,0
CUST_9125,29,0,Male,Rural,Monthly,27.52,0,2019-11-06,49,420.49,9.62,18.00,11,0
CUST_9126,39,0,Female,Urban,Monthly,84.17,0,2021-04-11,32,710.76,10.90,30.25,1,0
CUST_9127,43,1,Male,Suburban,Prepaid,69.00,0,2020-08-14,40,358.39,10.43,27.25,6,0
CUST_9128,37,0,Male,Rural,Yearly,68.02,0,2023-02-06,10,487.27,9.63,17.83,4,0
CUST_9129,43,1,Male,Suburban,Monthly,51.65,0,2023-06-04,6,659.68,10.24,27.42,7,0
CUST_913,19,0,Male,Rural,Monthly,66.00,0,2018-01-04,71,499.60,11.45,32.08,8,1
CUST_9130,41,0,Male,Rural,Yearly,49.24,0,2018-08-03,64,450.59,8.89,26.17,8,0
CUST_9131,65,0,Female,Urban,Monthly,47.86,0,2019-12-08,48,547.03,9.73,20.08,9,0
CUST_9132,37,0,Female,Rural,Monthly,61.41,0,2018-10-09,62,603.92,9.78,32.00,5,0
CUST_9133,18,0,Male,Suburban,Monthly,68.78,0,2022-01-30,23,403.18,10.12,22.17,10,0
CUST_9134,18,0,Male,Rural,Monthly,262.25,0,2023-01-17,11,402.43,9.11,22.42,5,0
CUST_9135,43,1,Male,Suburban,Prepaid,61.63,0,2020-08-29,40,398.43,9.05,27.17,4,0
CUST_9136,18,0,Female,Rural,Prepaid,70.88,0,2021-10-13,26,818.01,10.08,24.42,6,0
CUST_9137,43,1,Female,Urban,Monthly,64.08,0,2020-10-01,38,459.74,9.15,23.17,4,0
CUST_9138,62,0,Male,Rural,Yearly,58.74,0,2019-11-22,49,511.71,10.81,26.83,8,1
CUST_9139,47,0,Male,Rural,Monthly,39.17,0,2023-06-07,6,304.96,11.35,20.00,10,0
CUST_914,43,1,Female,Rural,Prepaid,56.61,0,2022-11-01,13,506.54,10.81,18.00,1,0
CUST_9140,43,1,Male,Rural,Prepaid,40.24,0,2021-05-04,31,393.79,10.80,25.58,8,0
CUST_9141,43,1,Female,Rural,Prepaid,24.13,0,2021-01-31,35,380.82,9.13,27.58,11,0
CUST_9142,20,0,Male,Urban,Monthly,55.79,0,2019-10-18,50,387.20,8.90,26.25,8,0
CUST_9143,43,1,Male,Suburban,Monthly,51.70,0,2019-10-26,50,505.91,8.25,21.75,5,0
CUST_9144,28,0,Male,Rural,Yearly,69.09,0,2022-12-24,12,262.54,11.87,23.25,2,0
CUST_9145,41,0,Male,Rural,Monthly,56.85,0,2021-04-27,32,436.54,11.53,19.33,4,0
CUST_9146,43,1,Male,Rural,Prepaid,45.14,0,2018-10-06,62,545.33,10.10,20.17,6,0
CUST_9147,61,0,Female,Urban,Monthly,42.73,0,2022-06-05,18,556.48,11.01,23.58,3,0
CUST_9148,62,0,Female,Suburban,Monthly,55.18,0,2020-12-03,36,332.79,10.74,31.42,7,0
CUST_9149,43,0,Female,Suburban,Monthly,53.79,0,2019-06-16,54,475.06,8.38,25.58,11,0
CUST_915,60,0,Female,Suburban,Prepaid,50.44,0,2021-03-06,33,363.81,8.57,29.25,7,0
CUST_9150,30,0,Male,Rural,Prepaid,77.35,0,2018-12-05,60,365.03,9.22,26.08,8,0
CUST_9151,43,1,Female,Rural,Prepaid,48.37,0,2018-05-26,67,454.59,10.36,30.50,5,1
CUST_9152,43,1,Male,Suburban,Monthly,57.30,0,2022-12-26,12,571.73,10.33,26.92,6,0
CUST_9153,43,1,Female,Rural,Prepaid,74.52,0,2022-12-01,12,483.28,11.32,21.67,5,0
CUST_9154,52,0,Female,Rural,Prepaid,47.80,0,2018-07-03,65,581.26,7.84,17.67,4,0
CUST_9155,41,0,Male,Rural,Prepaid,45.04,0,2020-08-24,40,501.36,10.10,34.75,7,0
CUST_9156,45,0,Male,Urban,Yearly,29.99,0,2019-05-13,55,510.48,9.42,26.00,5,0
CUST_9157,53,0,Male,Urban,Prepaid,44.59,0,2019-08-04,52,481.27,8.04,23.67,5,0
CUST_9158,33,0,Female,Suburban,Monthly,55.67,0,2023-01-26,11,349.57,8.33,24.33,5,0
CUST_9159,57,0,Male,Urban,Monthly,70.61,0,2022-09-01,15,559.73,10.77,20.75,6,0
CUST_916,60,0,Female,Suburban,Prepaid,49.03,0,2018-10-30,62,491.50,11.30,22.33,10,0
CUST_9160,33,0,Female,Urban,Monthly,29.39,0,2021-10-18,26,486.88,10.36,19.00,9,0
CUST_9161,34,0,Female,Suburban,Monthly,36.54,0,2018-02-03,70,324.62,9.90,22.92,11,0
CUST_9162,43,1,Female,Urban,Monthly,21.74,0,2023-05-24,7,531.11,9.31,31.67,2,0
CUST_9163,32,0,Male,Suburban,Monthly,77.04,0,2018-02-13,70,434.38,9.14,26.08,7,0
CUST_9164,43,1,Male,Rural,Prepaid,52.42,0,2019-04-22,56,554.86,10.23,21.75,8,0
CUST_9165,32,0,Male,Suburban,Monthly,43.50,0,2019-09-16,51,495.88,8.72,26.17,6,1
CUST_9166,51,0,Female,Suburban,Yearly,23.05,0,2021-01-22,35,378.87,7.98,22.00,6,0
CUST_9167,28,0,Female,Suburban,Yearly,49.97,0,2020-11-23,37,284.68,9.69,26.00,9,0
CUST_9168,43,1,Male,Rural,Monthly,43.94,0,2021-10-19,26,539.06,10.59,21.67,4,0
CUST_9169,32,0,Female,Rural,Yearly,23.10,0,2022-03-20,21,664.14,10.05,26.33,5,0
CUST_917,43,1,Male,Suburban,Monthly,41.44,0,2019-09-01,51,505.75,8.69,31.00,8,0
CUST_9170,43,1,Female,Rural,Yearly,45.68,0,2022-07-11,17,579.95,10.10,22.67,6,0
CUST_9171,43,1,Female,Suburban,Monthly,68.38,0,2019-04-11,56,428.61,9.79,26.67,8,0
CUST_9172,21,0,Male,Suburban,Monthly,46.10,0,2021-11-06,25,422.84,10.70,24.42,4,0
CUST_9173,43,1,Female,Suburban,Monthly,67.65,0,2022-02-17,22,639.53,10.09,30.75,7,0
CUST_9174,22,0,Female,Suburban,Yearly,73.35,0,2018-07-02,65,534.41,10.88,27.25,7,0
CUST_9175,52,0,Male,Suburban,Monthly,45.97,0,2020-06-22,42,555.11,11.44,24.25,3,0
CUST_9176,30,0,Male,Suburban,Yearly,48.66,0,2023-05-26,7,437.66,9.62,26.33,5,0
CUST_9177,43,1,Male,Suburban,Prepaid,57.52,0,2018-02-26,70,582.91,10.10,27.17,8,0
CUST_9178,43,1,Male,Urban,Prepaid,65.34,0,2019-11-13,49,488.54,10.86,22.67,11,0
CUST_9179,35,0,Male,Rural,Prepaid,71.34,0,2020-03-14,45,582.88,9.92,19.67,9,0
CUST_918,28,0,Female,Urban,Monthly,40.92,0,2019-03-03,57,469.57,10.18,28.25,7,0
CUST_9180,51,0,Male,Urban,Prepaid,72.78,0,2018-05-02,67,624.02,9.84,29.33,8,0
CUST_9181,43,1,Female,Rural,Yearly,39.00,0,2022-12-02,12,444.47,10.36,30.08,6,0
CUST_9182,58,0,Female,Suburban,Prepaid,71.82,0,2020-05-04,43,363.99,10.15,23.25,5,1
CUST_9183,43,1,Female,Urban,Monthly,57.72,0,2022-01-19,23,463.33,10.10,12.25,2,0
CUST_9184,43,1,Female,Suburban,Prepaid,42.17,0,2021-11-08,25,393.48,9.46,21.25,5,0
CUST_9185,40,0,Male,Urban,Prepaid,32.84,0,2018-08-13,64,466.02,10.40,20.75,6,1
CUST_9186,24,0,Female,Urban,Prepaid,38.02,0,2021-11-15,25,500.79,9.78,30.83,5,0
CUST_9187,43,1,Male,Suburban,Yearly,55.47,0,2019-07-12,53,391.91,9.52,27.83,5,0
CUST_9188,20,0,Male,Urban,Monthly,42.63,0,2023-05-13,7,512.50,9.86,24.83,6,0
CUST_9189,43,1,Female,Urban,Monthly,55.44,0,2022-12-11,12,400.98,9.61,21.25,3,0
CUST_919,43,1,Female,Urban,Yearly,51.98,0,2018-03-19,69,372.04,9.62,24.83,5,0
CUST_9190,24,0,Female,Rural,Yearly,33.09,0,2021-01-17,35,626.03,9.37,27.67,8,0
CUST_9191,66,0,Male,Suburban,Yearly,38.69,0,2020-11-14,37,551.47,11.09,25.25,7,1
CUST_9192,43,0,Male,Suburban,Monthly,48.65,0,2018-06-06,66,627.09,9.85,25.25,4,0
CUST_9193,50,0,Male,Urban,Prepaid,47.42,0,2020-11-08,37,637.71,10.79,29.17,7,0
CUST_9194,43,1,Male,Suburban,Prepaid,30.85,0,2021-01-25,35,512.43,10.94,29.83,6,0
CUST_9195,65,0,Female,Rural,Prepaid,40.56,0,2018-10-15,62,502.02,11.71,28.25,6,0
CUST_9196,32,0,Male,Rural,Prepaid,23.84,0,2022-04-06,20,510.99,10.76,26.25,11,0
CUST_9197,19,0,Female,Suburban,Prepaid,50.99,0,2022-07-29,17,475.05,9.21,24.33,7,0
CUST_9198,58,0,Male,Suburban,Prepaid,72.92,0,2022-11-08,13,560.90,8.54,30.58,6,0
CUST_9199,24,0,Male,Rural,Yearly,38.51,0,2022-06-12,18,227.55,11.91,20.83,4,0
CUST_92,64,0,Male,Rural,Monthly,52.39,0,2018-06-09,66,432.69,9.78,18.00,4,0
CUST_920,64,0,Female,Urban,Yearly,54.75,0,2018-05-20,67,484.02,9.59,27.25,4,0
CUST_9200,49,0,Male,Suburban,Yearly,35.70,0,2018-08-17,64,436.06,10.13,25.33,6,0
CUST_9201,21,0,Female,Urban,Prepaid,64.74,0,2023-02-22,10,535.79,9.70,26.75,6,0
CUST_9202,43,1,Male,Suburban,Yearly,32.44,0,2021-05-26,31,410.96,9.78,21.25,7,0
CUST_9203,43,1,Female,Urban,Monthly,65.08,0,2019-04-01,56,583.15,9.54,22.17,5,0
CUST_9204,43,1,Female,Rural,Prepaid,31.97,0,2020-03-18,45,382.45,9.98,25.67,3,0
CUST_9205,49,0,Female,Suburban,Monthly,44.67,0,2021-07-28,29,561.80,9.51,27.42,4,0
CUST_9206,45,0,Male,Rural,Prepaid,46.38,0,2019-08-23,52,503.02,9.22,25.25,5,0
CUST_9207,43,1,Female,Suburban,Prepaid,60.57,0,2018-04-17,68,385.22,9.51,26.08,10,0
CUST_9208,43,1,Female,Urban,Monthly,78.08,0,2020-04-22,44,492.01,9.98,25.25,6,0
CUST_9209,52,0,Male,Suburban,Monthly,44.80,0,2018-12-01,60,562.96,9.46,28.25,8,0
CUST_921,40,0,Female,Suburban,Prepaid,55.53,0,2019-08-24,52,468.61,11.16,28.42,5,0
CUST_9210,43,1,Male,Rural,Prepaid,49.72,0,2018-08-13,64,601.40,9.73,27.67,4,0
CUST_9211,47,0,Female,Urban,Monthly,24.35,0,2022-03-16,21,456.32,10.32,21.42,4,0
CUST_9212,53,0,Female,Suburban,Yearly,49.39,0,2022-03-24,21,394.72,11.14,25.67,3,0
CUST_9213,42,0,Male,Rural,Monthly,67.32,0,2021-06-02,30,496.81,11.11,18.92,4,0
CUST_9214,33,0,Female,Rural,Monthly,85.44,0,2018-06-02,66,521.07,10.87,21.33,4,0
CUST_9215,36,0,Female,Suburban,Monthly,44.61,0,2019-11-02,49,370.32,10.84,20.58,7,0
CUST_9216,43,1,Female,Rural,Monthly,60.75,0,2019-10-04,50,560.53,9.15,25.42,3,0
CUST_9217,43,1,Male,Urban,Prepaid,67.36,0,2020-04-26,44,551.57,10.54,28.67,6,0
CUST_9218,68,0,Female,Suburban,Yearly,28.42,0,2022-01-08,23,365.69,8.09,25.58,6,0
CUST_9219,43,1,Male,Urban,Yearly,71.28,0,2019-10-15,50,697.92,12.09,22.08,9,0
CUST_922,43,1,Female,Rural,Yearly,39.72,0,2023-04-15,8,483.10,9.84,28.92,11,0
CUST_9220,43,1,Male,Rural,Prepaid,37.90,0,2018-06-21,66,448.70,10.97,21.92,4,0
CUST_9221,60,0,Male,Rural,Monthly,53.97,0,2019-01-13,59,397.28,9.99,24.58,8,0
CUST_9222,62,0,Female,Rural,Monthly,31.06,0,2020-12-04,36,444.08,9.91,31.25,10,0
CUST_9223,69,0,Male,Urban,Prepaid,44.50,0,2018-06-29,66,541.74,9.79,31.42,8,0
CUST_9224,54,0,Female,Rural,Prepaid,24.68,0,2020-06-27,42,506.71,10.35,26.67,3,0
CUST_9225,43,1,Male,Suburban,Prepaid,54.00,0,2020-07-25,41,771.38,10.93,20.67,5,0
CUST_9226,43,1,Female,Suburban,Yearly,73.02,0,2022-03-15,21,492.22,11.18,29.33,9,0
CUST_9227,21,0,Female,Rural,Prepaid,50.49,0,2021-11-01,25,312.14,10.16,19.50,5,0
CUST_9228,53,0,Female,Suburban,Prepaid,28.37,0,2023-03-22,9,552.57,8.31,20.33,3,0
CUST_9229,69,0,Male,Urban,Prepaid,44.92,0,2021-05-22,31,680.96,9.70,19.75,10,0
CUST_923,48,0,Male,Suburban,Monthly,69.99,0,2018-07-14,65,503.15,9.41,24.50,3,0
CUST_9230,35,0,Female,Urban,Monthly,53.20,0,2021-11-26,25,502.68,10.92,21.33,10,0
CUST_9231,43,1,Female,Rural,Yearly,47.82,0,2020-07-03,41,691.49,9.55,21.00,6,0
CUST_9232,43,1,Male,Suburban,Monthly,60.18,0,2023-04-11,8,494.46,8.84,21.58,9,0
CUST_9233,43,1,Male,Suburban,Prepaid,80.23,0,2022-03-13,21,522.88,10.44,31.58,6,0
CUST_9234,35,0,Female,Rural,Monthly,49.12,0,2023-03-22,9,463.80,9.82,24.67,5,0
CUST_9235,39,0,Male,Urban,Monthly,48.05,0,2022-06-24,18,273.53,10.91,25.17,4,0
CUST_9236,43,1,Male,Rural,Monthly,195.90,0,2018-08-08,64,567.50,8.91,22.42,5,0
CUST_9237,43,1,Male,Suburban,Monthly,65.45,0,2020-04-11,44,663.35,10.11,17.50,2,0
CUST_9238,43,1,Female,Suburban,Prepaid,78.66,0,2018-05-09,67,260.29,12.50,25.92,4,0
CUST_9239,61,0,Male,Rural,Prepaid,47.15,0,2023-04-04,8,564.17,9.62,24.17,6,0
CUST_924,43,1,Female,Urban,Yearly,25.68,0,2020-10-04,38,486.87,9.44,26.33,4,0
CUST_9240,56,0,Female,Urban,Prepaid,53.82,0,2018-08-09,64,483.74,8.86,25.08,3,0
CUST_9241,43,1,Male,Urban,Yearly,52.44,0,2018-04-24,68,352.79,9.98,18.25,4,0
CUST_9242,56,0,Male,Rural,Monthly,38.48,0,2023-04-21,8,601.54,8.77,23.58,4,0
CUST_9243,46,0,Female,Suburban,Monthly,60.99,0,2018-01-11,71,606.31,9.35,23.42,4,0
CUST_9244,43,0,Male,Urban,Yearly,49.39,0,2018-12-24,60,311.84,9.76,28.25,1,0
CUST_9245,43,1,Male,Rural,Yearly,53.41,0,2023-01-01,11,541.74,9.72,21.67,4,0
CUST_9246,43,1,Male,Suburban,Prepaid,64.49,0,2022-02-27,22,474.29,11.02,30.92,6,0
CUST_9247,43,1,Male,Urban,Prepaid,45.10,0,2019-10-22,50,411.23,11.48,25.83,2,0
CUST_9248,48,0,Female,Urban,Yearly,51.41,0,2021-07-08,29,345.11,9.19,15.25,5,0
CUST_9249,43,1,Female,Rural,Yearly,39.12,0,2022-03-12,21,600.08,9.36,25.83,7,0
CUST_925,33,0,Male,Suburban,Prepaid,57.94,0,2023-04-23,8,522.27,8.85,22.08,4,0
CUST_9250,26,0,Female,Suburban,Monthly,33.62,0,2021-05-27,31,429.19,9.47,23.08,10,0
CUST_9251,43,1,Female,Urban,Yearly,51.82,0,2019-10-30,50,578.69,8.04,23.67,4,0
CUST_9252,31,0,Female,Rural,Prepaid,53.12,0,2022-08-26,16,443.24,9.66,21.17,5,0
CUST_9253,66,0,Female,Urban,Prepaid,63.85,0,2022-03-14,21,402.93,9.96,27.33,7,0
CUST_9254,43,1,Female,Suburban,Monthly,38.55,0,2018-02-06,70,454.55,10.23,24.58,2,1
CUST_9255,43,1,Male,Urban,Yearly,34.25,0,2022-06-17,18,437.96,9.35,23.58,5,1
CUST_9256,69,0,Female,Suburban,Monthly,76.66,0,2019-04-06,56,553.65,10.04,26.33,6,0
CUST_9257,65,0,Female,Urban,Monthly,51.97,0,2019-12-04,48,515.45,9.90,27.42,7,0
CUST_9258,43,1,Female,Urban,Prepaid,29.34,0,2023-06-06,6,496.71,9.39,27.42,5,0
CUST_9259,43,1,Male,Rural,Prepaid,49.17,0,2020-05-10,43,448.17,8.78,24.67,4,0
CUST_926,25,0,Female,Rural,Yearly,41.90,0,2023-01-30,11,528.42,8.20,26.33,3,0
CUST_9260,50,0,Female,Urban,Yearly,40.15,0,2021-07-12,29,454.41,8.52,28.42,4,0
CUST_9261,52,0,Female,Suburban,Prepaid,55.37,0,2018-10-16,62,401.03,10.05,31.33,3,0
CUST_9262,43,1,Female,Rural,Monthly,43.74,0,2018-12-02,60,578.81,9.95,25.75,8,0
CUST_9263,43,1,Male,Suburban,Monthly,68.55,0,2021-12-30,24,456.25,9.66,23.58,5,0
CUST_9264,68,0,Female,Suburban,Monthly,30.50,0,2023-03-01,9,562.91,11.30,24.42,6,0
CUST_9265,37,0,Male,Rural,Yearly,69.17,0,2021-01-22,35,404.76,9.12,25.08,8,0
CUST_9266,43,1,Male,Suburban,Monthly,61.15,0,2021-05-20,31,627.56,10.69,21.67,8,0
CUST_9267,68,0,Male,Urban,Monthly,54.84,0,2018-04-17,68,638.48,8.59,26.08,4,0
CUST_9268,58,0,Male,Rural,Prepaid,65.52,0,2021-09-24,27,484.15,10.96,26.92,6,0
CUST_9269,43,1,Female,Urban,Prepaid,68.23,0,2020-12-09,36,264.60,8.87,23.75,7,0
CUST_927,21,0,Female,Urban,Prepaid,37.01,0,2021-05-15,31,412.84,9.30,19.75,8,0
CUST_9270,54,0,Male,Urban,Monthly,50.02,0,2021-02-04,34,432.60,9.04,26.83,5,0
CUST_9271,43,1,Male,Suburban,Prepaid,74.44,0,2020-06-17,42,694.98,10.35,25.83,5,0
CUST_9272,33,0,Female,Suburban,Yearly,59.27,0,2021-08-08,28,662.29,9.55,20.67,7,0
CUST_9273,43,1,Male,Urban,Monthly,41.78,0,2020-07-25,41,589.56,10.47,21.75,4,0
CUST_9274,29,0,Male,Rural,Prepaid,29.80,0,2021-01-28,35,301.80,11.33,25.17,5,0
CUST_9275,43,1,Male,Urban,Prepaid,66.11,0,2022-06-07,18,585.79,10.07,23.42,4,0
CUST_9276,24,0,Male,Urban,Prepaid,49.99,0,2021-11-19,25,589.67,8.50,26.42,4,0
CUST_9277,31,0,Male,Suburban,Monthly,23.13,0,2018-07-24,65,475.18,8.18,24.83,5,0
CUST_9278,29,0,Male,Suburban,Yearly,55.00,0,2023-01-17,11,539.43,10.41,33.42,8,0
CUST_9279,52,0,Female,Urban,Monthly,46.13,0,2018-01-07,71,500.88,10.24,29.50,9,0
CUST_928,43,1,Female,Rural,Prepaid,45.13,0,2021-09-02,27,567.55,9.00,26.33,10,1
CUST_9280,22,0,Female,Urban,Prepaid,39.95,0,2018-02-09,70,534.04,10.30,23.75,6,0
CUST_9281,34,0,Female,Suburban,Prepaid,65.14,0,2022-02-23,22,591.31,9.37,22.33,4,0
CUST_9282,43,1,Female,Urban,Prepaid,38.18,0,2022-11-16,13,678.51,10.78,33.75,4,0
CUST_9283,43,1,Male,Suburban,Monthly,43.20,0,2020-07-27,41,470.07,9.85,26.83,3,0
CUST_9284,27,0,Male,Urban,Prepaid,46.76,0,2020-12-18,36,552.43,10.83,19.50,3,0
CUST_9285,43,1,Male,Rural,Prepaid,65.25,0,2018-12-22,60,615.88,11.01,27.50,6,0
CUST_9286,34,0,Female,Rural,Prepaid,32.38,0,2018-11-05,61,586.42,12.05,24.50,4,0
CUST_9287,22,0,Female,Urban,Monthly,40.51,0,2022-11-30,13,398.93,11.49,23.08,6,0
CUST_9288,43,1,Male,Suburban,Monthly,56.38,0,2018-05-22,67,480.01,9.56,21.08,6,0
CUST_9289,43,1,Male,Urban,Yearly,57.44,0,2023-03-03,9,799.35,10.19,22.00,5,0
CUST_929,21,0,Male,Rural,Prepaid,26.13,0,2018-04-03,68,439.93,10.55,32.75,5,0
CUST_9290,26,0,Female,Urban,Monthly,33.11,0,2019-04-11,56,443.05,10.03,26.83,7,0
CUST_9291,66,0,Female,Suburban,Monthly,44.09,0,2023-05-09,7,571.80,8.11,23.08,12,0
CUST_9292,50,0,Female,Urban,Prepaid,48.24,0,2018-07-30,65,422.23,9.92,23.17,9,1
CUST_9293,43,1,Female,Suburban,Prepaid,54.32,0,2020-01-26,47,489.53,7.96,24.67,7,0
CUST_9294,53,0,Male,Urban,Monthly,46.85,0,2018-05-17,67,617.42,9.12,20.75,3,0
CUST_9295,35,0,Female,Suburban,Prepaid,73.08,0,2020-09-01,39,531.50,10.78,22.00,2,0
CUST_9296,26,0,Female,Urban,Prepaid,48.52,0,2022-09-19,15,274.86,9.27,19.17,3,0
CUST_9297,43,1,Male,Rural,Prepaid,72.64,0,2021-03-11,33,473.88,9.93,21.75,6,1
CUST_9298,43,1,Male,Suburban,Prepaid,43.03,0,2019-06-04,54,648.82,10.49,21.08,9,0
CUST_9299,31,0,Male,Rural,Prepaid,25.99,0,2019-04-03,56,747.04,10.21,17.08,7,0
CUST_93,41,0,Male,Urban,Yearly,57.14,0,2020-08-08,40,618.46,8.77,25.08,7,1
CUST_930,43,1,Male,Urban,Prepaid,55.31,0,2020-12-06,36,341.27,10.02,23.75,8,0
CUST_9300,42,0,Female,Suburban,Yearly,87.66,0,2020-07-02,41,448.79,9.50,19.17,4,0
CUST_9301,32,0,Female,Suburban,Prepaid,48.70,0,2020-04-13,44,544.00,10.79,23.17,1,0
CUST_9302,23,0,Female,Suburban,Prepaid,55.54,0,2022-04-10,20,645.18,10.46,24.08,4,1
CUST_9303,43,1,Female,Suburban,Prepaid,28.25,0,2019-05-16,55,283.03,9.74,25.67,4,0
CUST_9304,46,0,Male,Urban,Monthly,53.93,0,2018-05-19,67,542.29,10.36,29.33,3,0
CUST_9305,32,0,Male,Urban,Monthly,62.32,0,2018-04-02,68,497.14,10.14,30.67,8,0
CUST_9306,46,0,Female,Suburban,Prepaid,32.82,0,2022-01-01,23,519.73,11.96,23.00,10,0
CUST_9307,43,1,Female,Urban,Monthly,47.86,0,2022-10-02,14,481.93,9.61,33.00,9,0
CUST_9308,35,0,Female,Suburban,Prepaid,49.09,0,2020-03-08,45,708.79,10.81,30.83,4,0
CUST_9309,67,0,Male,Suburban,Monthly,30.78,0,2018-11-16,61,597.80,9.22,22.92,3,0
CUST_931,20,0,Male,Rural,Monthly,74.22,0,2019-03-21,57,493.07,9.47,23.75,8,0
CUST_9310,66,0,Female,Rural,Monthly,74.37,0,2018-02-05,70,385.57,11.87,29.67,7,0
CUST_9311,61,0,Male,Suburban,Monthly,9.86,0,2021-11-05,25,401.24,10.06,24.08,10,0
CUST_9312,43,1,Female,Suburban,Monthly,17.92,0,2021-11-09,25,486.71,10.21,25.50,4,0
CUST_9313,33,0,Male,Urban,Prepaid,51.59,0,2018-10-12,62,455.10,9.49,23.75,6,0
CUST_9314,43,1,Male,Suburban,Monthly,35.08,0,2019-06-07,54,467.55,9.99,26.33,5,0
CUST_9315,43,1,Female,Suburban,Prepaid,60.16,0,2021-05-14,31,298.20,10.63,22.08,6,0
CUST_9316,43,1,Male,Rural,Yearly,44.82,0,2022-03-11,21,516.68,9.80,31.08,8,0
CUST_9317,68,0,Male,Urban,Prepaid,55.98,0,2018-05-27,67,545.74,11.83,26.58,5,0
CUST_9318,67,0,Female,Urban,Monthly,29.49,0,2022-06-29,18,587.72,10.98,17.58,9,0
CUST_9319,43,1,Male,Rural,Prepaid,44.04,0,2018-04-20,68,520.31,11.06,25.42,8,0
CUST_932,49,0,Female,Suburban,Yearly,40.34,0,2022-08-18,16,537.20,9.28,22.25,4,0
CUST_9320,55,0,Female,Suburban,Prepaid,43.36,0,2023-04-30,8,600.09,9.49,21.42,15,0
CUST_9321,62,0,Male,Rural,Monthly,85.16,0,2019-04-06,56,681.67,10.39,25.58,4,0
CUST_9322,43,1,Male,Urban,Monthly,43.21,0,2021-02-21,34,390.35,10.70,16.67,12,0
CUST_9323,35,0,Male,Rural,Prepaid,15.66,0,2019-06-01,54,673.45,9.57,31.00,2,0
CUST_9324,37,0,Male,Urban,Prepaid,66.52,0,2019-06-11,54,352.86,11.36,19.00,8,0
CUST_9325,65,0,Female,Rural,Monthly,46.34,0,2021-04-17,32,538.80,9.58,23.33,5,0
CUST_9326,43,1,Female,Suburban,Prepaid,54.04,0,2020-08-28,40,476.93,10.28,34.58,3,0
CUST_9327,43,1,Female,Suburban,Monthly,44.82,0,2019-11-25,49,637.99,9.94,23.17,8,0
CUST_9328,30,0,Male,Urban,Monthly,30.86,0,2018-04-19,68,654.11,8.03,22.17,10,0
CUST_9329,43,1,Male,Rural,Monthly,69.60,0,2021-05-29,31,567.52,10.46,19.67,8,0
CUST_933,20,0,Female,Rural,Monthly,85.26,0,2019-07-15,53,413.73,10.43,30.92,8,0
CUST_9330,31,0,Female,Urban,Prepaid,35.33,0,2021-01-21,35,471.27,10.83,27.00,6,0
CUST_9331,43,1,Female,Suburban,Monthly,27.76,0,2019-05-01,55,367.45,8.91,23.83,6,0
CUST_9332,43,1,Female,Urban,Prepaid,57.05,0,2020-05-19,43,441.64,11.42,19.58,4,0
CUST_9333,69,0,Female,Suburban,Prepaid,52.34,0,2022-05-20,19,412.28,9.62,22.08,6,0
CUST_9334,54,0,Male,Urban,Monthly,66.04,0,2018-01-30,71,413.45,8.68,25.58,8,0
CUST_9335,43,1,Female,Rural,Prepaid,54.21,0,2020-11-30,37,472.37,10.41,19.17,3,0
CUST_9336,43,1,Male,Suburban,Prepaid,48.87,0,2021-05-12,31,444.23,9.87,16.08,10,0
CUST_9337,51,0,Female,Urban,Monthly,63.61,0,2018-09-18,63,180.48,7.78,26.83,3,0
CUST_9338,61,0,Male,Suburban,Yearly,25.28,0,2020-02-06,46,575.77,9.48,32.00,6,0
CUST_9339,22,0,Female,Rural,Monthly,47.27,0,2020-08-07,40,449.97,11.12,34.42,4,0
CUST_934,43,1,Male,Rural,Prepaid,37.09,0,2019-12-06,48,293.77,11.02,24.92,7,0
CUST_9340,43,1,Female,Suburban,Prepaid,35.80,0,2020-08-06,40,332.91,10.70,27.67,9,0
CUST_9341,43,1,Male,Rural,Prepaid,53.80,0,2021-02-28,34,385.47,11.60,28.42,4,0
CUST_9342,62,0,Male,Suburban,Monthly,62.24,0,2019-07-22,53,512.47,9.46,27.25,6,0
CUST_9343,43,1,Female,Rural,Monthly,54.18,0,2020-11-26,37,539.43,9.49,18.50,4,0
CUST_9344,59,0,Male,Suburban,Prepaid,60.63,0,2018-02-05,70,436.09,9.04,20.17,2,0
CUST_9345,43,1,Female,Rural,Monthly,68.58,0,2023-02-15,10,525.13,11.35,24.75,6,0
CUST_9346,43,1,Male,Urban,Prepaid,57.55,0,2018-04-27,68,710.22,9.28,19.42,4,0
CUST_9347,43,1,Female,Urban,Prepaid,61.12,0,2019-11-20,49,436.61,9.80,24.33,10,1
CUST_9348,43,1,Female,Suburban,Prepaid,78.12,0,2018-11-03,61,138.20,8.17,22.33,6,0
CUST_9349,67,0,Female,Rural,Monthly,89.60,0,2020-11-15,37,382.89,10.05,30.17,7,1
CUST_935,46,0,Male,Rural,Prepaid,43.65,0,2019-06-14,54,561.39,9.55,21.67,9,0
CUST_9350,43,1,Female,Urban,Prepaid,47.65,0,2022-04-13,20,526.00,9.30,29.58,5,0
CUST_9351,46,0,Female,Suburban,Prepaid,35.90,0,2019-10-28,50,532.16,11.03,26.42,1,0
CUST_9352,20,0,Female,Urban,Prepaid,11.31,0,2019-03-03,57,359.50,9.17,20.75,8,0
CUST_9353,43,1,Female,Rural,Yearly,78.87,0,2022-02-20,22,561.89,9.37,22.50,4,0
CUST_9354,47,0,Female,Suburban,Monthly,41.48,0,2022-10-08,14,543.71,9.51,32.67,5,0
CUST_9355,43,1,Male,Rural,Prepaid,56.94,0,2021-02-14,34,602.18,9.66,25.00,5,0
CUST_9356,43,0,Male,Rural,Monthly,59.90,0,2018-12-29,60,594.38,11.03,27.17,5,0
CUST_9357,19,0,Male,Rural,Prepaid,62.08,0,2022-04-22,20,509.32,8.93,23.67,7,0
CUST_9358,20,0,Female,Urban,Monthly,46.24,0,2018-12-27,60,410.54,9.20,25.50,4,0
CUST_9359,43,1,Female,Suburban,Monthly,61.92,0,2022-07-28,17,548.19,10.67,22.25,4,0
CUST_936,43,1,Female,Suburban,Prepaid,70.40,0,2019-05-12,55,530.78,10.43,30.17,6,1
CUST_9360,21,0,Female,Rural,Monthly,58.13,0,2021-06-28,30,470.15,10.10,27.33,5,1
CUST_9361,42,0,Male,Urban,Prepaid,39.83,0,2022-10-23,14,260.93,11.43,29.83,9,0
CUST_9362,43,1,Male,Rural,Yearly,74.40,0,2018-12-01,60,419.11,9.50,23.67,4,0
CUST_9363,30,0,Male,Urban,Monthly,60.15,0,2023-04-18,8,467.57,9.74,29.58,4,0
CUST_9364,43,1,Male,Suburban,Yearly,30.74,0,2023-03-23,9,563.42,10.54,20.83,8,0
CUST_9365,43,1,Male,Suburban,Monthly,44.43,0,2018-03-21,69,521.17,10.55,15.58,4,0
CUST_9366,52,0,Female,Suburban,Yearly,44.09,0,2020-05-27,43,522.75,8.41,16.08,10,1
CUST_9367,40,0,Male,Suburban,Monthly,41.45,0,2022-07-07,17,663.28,7.99,28.50,6,0
CUST_9368,43,1,Female,Rural,Prepaid,59.17,0,2021-03-03,33,572.41,10.77,23.75,3,0
CUST_9369,19,0,Female,Urban,Monthly,69.37,0,2022-07-17,17,418.41,9.83,22.25,6,0
CUST_937,43,1,Male,Rural,Yearly,32.04,0,2021-09-16,27,417.09,12.20,21.08,3,0
CUST_9370,58,0,Female,Suburban,Monthly,33.59,0,2020-04-26,44,456.73,8.81,17.83,4,0
CUST_9371,61,0,Male,Rural,Yearly,44.64,0,2019-06-04,54,456.90,10.23,30.92,6,0
CUST_9372,48,0,Male,Suburban,Prepaid,67.19,0,2021-12-01,24,493.25,11.46,20.75,4,0
CUST_9373,61,0,Female,Suburban,Monthly,37.40,0,2021-12-21,24,379.24,9.22,20.83,11,0
CUST_9374,64,0,Male,Suburban,Yearly,39.29,0,2022-06-29,18,586.07,11.33,15.67,4,0
CUST_9375,43,1,Male,Urban,Yearly,16.21,0,2023-04-30,8,400.35,10.08,27.58,4,0
CUST_9376,49,0,Female,Urban,Prepaid,61.53,0,2019-02-16,58,657.14,9.04,20.17,5,0
CUST_9377,35,0,Female,Urban,Monthly,53.03,0,2022-11-23,13,495.22,11.13,26.58,2,1
CUST_9378,43,1,Female,Suburban,Monthly,44.99,0,2023-01-09,11,589.35,8.87,22.75,5,0
CUST_9379,43,1,Female,Rural,Prepaid,25.92,0,2018-06-05,66,524.69,10.10,30.67,7,0
CUST_938,43,1,Female,Rural,Prepaid,46.60,0,2018-07-20,65,300.89,11.27,23.08,3,1
CUST_9380,43,1,Female,Rural,Yearly,44.86,0,2020-10-08,38,573.30,10.40,30.00,7,0
CUST_9381,59,0,Male,Rural,Monthly,21.16,0,2018-03-06,69,441.17,10.73,23.08,5,0
CUST_9382,61,0,Female,Suburban,Monthly,47.37,0,2022-10-21,14,272.33,10.64,21.58,9,0
CUST_9383,27,0,Male,Urban,Yearly,78.81,0,2018-02-06,70,451.75,9.59,22.75,6,0
CUST_9384,60,0,Male,Rural,Prepaid,52.94,0,2018-03-29,69,470.48,9.72,31.08,7,0
CUST_9385,43,1,Female,Suburban,Yearly,68.49,0,2019-01-01,59,542.65,11.52,24.92,5,0
CUST_9386,43,1,Female,Suburban,Monthly,69.58,0,2022-05-01,19,693.53,10.00,22.67,6,0
CUST_9387,54,0,Male,Rural,Yearly,42.08,0,2019-12-11,48,653.22,8.97,20.75,4,0
CUST_9388,43,1,Female,Rural,Monthly,59.28,0,2022-01-24,23,582.24,9.66,24.92,7,0
CUST_9389,24,0,Male,Suburban,Prepaid,9.04,0,2021-03-10,33,682.70,10.16,28.50,7,0
CUST_939,36,0,Male,Suburban,Monthly,75.79,0,2019-01-05,59,466.91,9.89,25.92,6,0
CUST_9390,43,1,Female,Rural,Monthly,54.22,0,2022-04-04,20,368.24,9.81,26.67,5,0
CUST_9391,43,1,Female,Suburban,Prepaid,66.13,0,2022-02-22,22,596.29,9.14,18.92,8,0
CUST_9392,30,0,Male,Rural,Monthly,57.84,0,2021-05-10,31,469.13,9.74,26.67,6,1
CUST_9393,20,0,Male,Urban,Monthly,44.62,0,2022-03-13,21,618.98,10.08,24.75,5,0
CUST_9394,43,0,Female,Suburban,Monthly,68.84,0,2020-03-02,45,497.98,7.47,25.17,5,0
CUST_9395,43,1,Female,Urban,Monthly,67.06,0,2020-05-06,43,683.03,9.47,17.83,7,0
CUST_9396,23,0,Female,Rural,Monthly,49.26,0,2022-04-25,20,562.72,9.78,21.33,3,0
CUST_9397,60,0,Male,Suburban,Monthly,72.36,0,2023-05-17,7,592.35,10.37,23.92,10,0
CUST_9398,43,1,Female,Rural,Monthly,57.77,0,2022-12-08,12,497.10,10.02,24.92,3,0
CUST_9399,43,1,Female,Suburban,Yearly,25.85,0,2022-12-08,12,532.89,10.06,24.75,4,0
CUST_94,43,0,Female,Urban,Yearly,42.67,0,2020-01-30,47,487.23,9.09,21.17,6,0
CUST_940,38,0,Male,Urban,Prepaid,32.32,0,2021-05-03,31,397.74,9.85,21.17,8,0
CUST_9400,43,1,Female,Rural,Prepaid,54.80,0,2022-05-28,19,686.65,10.24,21.00,6,0
CUST_9401,43,1,Female,Urban,Yearly,39.25,0,2018-10-21,62,651.73,10.70,13.83,5,0
CUST_9402,43,1,Male,Urban,Prepaid,57.45,0,2020-01-24,47,445.94,9.72,24.42,5,0
CUST_9403,19,0,Male,Rural,Monthly,-4.55,1,2023-05-18,7,547.33,11.75,25.50,9,0
CUST_9404,43,1,Male,Urban,Monthly,369.55,0,2019-11-19,49,516.18,8.30,25.50,7,0
CUST_9405,43,1,Female,Urban,Monthly,66.75,0,2018-07-23,65,360.12,10.88,28.33,13,0
CUST_9406,51,0,Female,Rural,Prepaid,73.85,0,2020-08-20,40,562.89,10.24,23.17,2,0
CUST_9407,43,0,Female,Suburban,Prepaid,49.85,0,2022-12-18,12,383.69,10.92,23.50,4,0
CUST_9408,43,1,Male,Rural,Prepaid,67.34,0,2023-06-23,6,662.51,8.27,27.50,8,0
CUST_9409,38,0,Male,Suburban,Monthly,53.17,0,2023-06-01,6,492.24,9.04,26.50,4,0
CUST_941,43,1,Male,Urban,Monthly,58.86,0,2020-05-18,43,539.90,9.60,26.92,4,0
CUST_9410,53,0,Male,Urban,Prepaid,35.24,0,2022-07-06,17,507.52,9.76,24.42,7,0
CUST_9411,57,0,Male,Urban,Prepaid,37.83,0,2020-11-07,37,450.71,10.25,23.33,5,0
CUST_9412,69,0,Female,Urban,Prepaid,44.82,0,2019-01-12,59,530.08,8.41,20.42,6,0
CUST_9413,63,0,Male,Urban,Prepaid,68.75,0,2021-02-08,34,584.46,10.61,23.33,7,0
CUST_9414,43,1,Male,Urban,Yearly,68.25,0,2018-05-08,67,727.46,9.71,24.92,7,0
CUST_9415,39,0,Female,Suburban,Monthly,40.30,0,2020-09-14,39,484.50,10.95,25.67,4,0
CUST_9416,47,0,Male,Suburban,Yearly,60.76,0,2022-03-21,21,392.78,11.03,23.50,2,0
CUST_9417,67,0,Female,Suburban,Monthly,50.24,0,2018-05-13,67,439.12,10.30,25.50,1,0
CUST_9418,60,0,Female,Rural,Yearly,35.83,0,2019-11-03,49,573.50,10.05,27.83,12,0
CUST_9419,47,0,Female,Urban,Monthly,32.28,0,2018-04-30,68,344.01,8.60,32.33,6,0
CUST_942,35,0,Female,Urban,Prepaid,57.66,0,2020-04-18,44,499.74,9.33,26.58,1,0
CUST_9420,25,0,Female,Urban,Monthly,46.53,0,2019-06-21,54,687.75,10.04,23.42,6,0
CUST_9421,51,0,Female,Urban,Monthly,64.00,0,2022-07-06,17,480.71,10.60,20.50,2,0
CUST_9422,64,0,Male,Rural,Prepaid,42.40,0,2021-03-15,33,582.14,10.55,27.25,7,1
CUST_9423,43,1,Male,Rural,Monthly,61.85,0,2018-07-07,65,494.61,9.99,20.33,9,0
CUST_9424,68,0,Female,Rural,Yearly,54.65,0,2022-09-03,15,486.82,9.91,34.75,5,0
CUST_9425,37,0,Male,Urban,Monthly,25.43,0,2019-02-12,58,580.23,9.90,23.83,3,0
CUST_9426,43,1,Female,Suburban,Monthly,80.12,0,2022-11-05,13,433.61,8.57,21.00,5,0
CUST_9427,42,0,Male,Rural,Yearly,67.92,0,2022-06-19,18,500.26,8.87,23.75,7,0
CUST_9428,43,1,Male,Rural,Yearly,28.87,0,2020-04-14,44,358.85,7.62,29.58,7,0
CUST_9429,43,1,Male,Suburban,Monthly,55.99,0,2018-09-06,63,465.99,9.23,17.17,7,0
CUST_943,45,0,Female,Rural,Prepaid,21.16,0,2018-06-01,66,552.14,9.73,23.58,5,0
CUST_9430,28,0,Male,Rural,Yearly,72.14,0,2019-03-01,57,600.10,10.51,21.67,2,0
CUST_9431,32,0,Male,Suburban,Prepaid,56.16,0,2021-07-11,29,362.57,8.11,23.00,4,0
CUST_9432,25,0,Male,Urban,Prepaid,43.78,0,2022-05-31,19,453.63,9.79,31.17,8,0
CUST_9433,36,0,Male,Suburban,Prepaid,48.16,0,2021-12-31,24,419.68,8.02,24.33,5,0
CUST_9434,40,0,Female,Suburban,Monthly,46.23,0,2022-09-21,15,434.96,11.07,15.25,2,0
CUST_9435,43,1,Female,Urban,Prepaid,47.88,0,2019-09-27,51,451.64,10.32,32.42,7,0
CUST_9436,57,0,Female,Rural,Prepaid,66.87,0,2019-08-19,52,465.80,8.46,22.08,4,0
CUST_9437,49,0,Male,Urban,Prepaid,57.09,0,2022-08-23,16,495.52,9.66,30.17,4,0
CUST_9438,43,0,Male,Rural,Prepaid,37.05,0,2020-08-23,40,342.90,11.05,27.50,8,1
CUST_9439,43,1,Female,Rural,Monthly,45.92,0,2022-08-06,16,599.38,9.76,17.42,8,0
CUST_944,59,0,Male,Urban,Prepaid,40.77,0,2022-04-04,20,586.30,10.86,23.75,5,0
CUST_9440,43,1,Female,Suburban,Prepaid,44.05,0,2023-05-22,7,556.46,9.19,26.67,9,1
CUST_9441,67,0,Male,Urban,Monthly,54.34,0,2019-07-25,53,288.33,8.96,25.83,5,0
CUST_9442,59,0,Female,Suburban,Prepaid,33.25,0,2019-02-17,58,427.58,9.75,16.42,4,0
CUST_9443,43,1,Female,Urban,Prepaid,27.40,0,2018-08-14,64,619.03,10.17,25.92,10,0
CUST_9444,43,1,Female,Urban,Yearly,36.08,0,2022-01-09,23,412.59,10.63,31.33,8,1
CUST_9445,43,1,Female,Suburban,Yearly,26.60,0,2020-01-05,47,501.85,11.17,27.17,5,0
CUST_9446,50,0,Male,Rural,Monthly,27.09,0,2020-09-25,39,639.75,10.58,26.33,7,0
CUST_9447,36,0,Female,Rural,Prepaid,68.37,0,2023-01-13,11,562.91,10.44,28.58,2,0
CUST_9448,54,0,Female,Urban,Yearly,48.07,0,2021-11-19,25,729.95,10.89,22.58,6,0
CUST_9449,36,0,Female,Rural,Monthly,55.58,0,2021-11-02,25,363.28,9.76,18.08,5,0
CUST_945,43,1,Female,Suburban,Prepaid,85.72,0,2021-02-07,34,482.65,11.74,33.17,5,0
CUST_9450,50,0,Female,Suburban,Monthly,50.91,0,2023-01-20,11,324.76,8.38,23.58,6,0
CUST_9451,43,1,Male,Suburban,Monthly,51.75,0,2022-08-28,16,396.07,11.27,25.92,6,0
CUST_9452,33,0,Female,Suburban,Prepaid,54.48,0,2022-08-20,16,548.75,11.56,20.25,4,0
CUST_9453,40,0,Female,Urban,Monthly,58.81,0,2018-11-03,61,488.59,9.21,20.42,8,0
CUST_9454,24,0,Female,Urban,Monthly,55.54,0,2023-06-03,6,449.78,10.87,17.67,1,0
CUST_9455,43,1,Female,Rural,Monthly,91.83,0,2019-08-08,52,342.41,9.79,30.17,4,0
CUST_9456,43,1,Female,Suburban,Prepaid,34.62,0,2019-10-18,50,344.28,10.91,33.00,5,0
CUST_9457,29,0,Male,Suburban,Yearly,34.10,0,2021-08-21,28,511.04,9.60,18.42,5,0
CUST_9458,25,0,Female,Urban,Prepaid,41.79,0,2022-05-06,19,504.66,10.34,16.50,6,0
CUST_9459,43,1,Female,Urban,Monthly,30.16,0,2019-03-12,57,618.28,10.90,24.00,7,0
CUST_946,43,1,Female,Rural,Prepaid,53.36,0,2020-05-13,43,566.06,11.41,23.67,9,0
CUST_9460,43,1,Male,Urban,Prepaid,45.68,0,2021-11-17,25,580.95,11.20,19.42,6,0
CUST_9461,45,0,Female,Suburban,Monthly,35.65,0,2018-05-13,67,641.81,8.94,26.00,8,0
CUST_9462,43,1,Male,Suburban,Prepaid,51.22,0,2022-06-06,18,545.58,9.44,26.67,4,0
CUST_9463,66,0,Female,Rural,Monthly,51.10,0,2019-03-17,57,451.99,8.56,17.33,4,0
CUST_9464,43,1,Male,Suburban,Prepaid,30.43,0,2023-05-08,7,571.89,10.66,25.92,6,0
CUST_9465,22,0,Male,Rural,Monthly,61.50,0,2020-11-09,37,396.77,8.45,28.75,7,0
CUST_9466,39,0,Female,Rural,Prepaid,37.97,0,2021-12-06,24,451.86,10.08,17.17,10,0
CUST_9467,32,0,Male,Suburban,Yearly,35.93,0,2019-06-26,54,412.28,10.96,22.17,3,0
CUST_9468,30,0,Female,Rural,Yearly,56.59,0,2018-10-16,62,482.23,10.49,27.75,7,0
CUST_9469,45,0,Male,Rural,Monthly,50.00,0,2021-09-09,27,493.69,11.24,16.17,8,0
CUST_947,23,0,Female,Rural,Monthly,55.76,0,2022-03-06,21,535.80,10.08,17.08,2,0
CUST_9470,50,0,Male,Urban,Yearly,50.02,0,2018-08-07,64,280.92,10.26,24.92,5,0
CUST_9471,43,1,Female,Suburban,Prepaid,35.11,0,2019-02-22,58,497.95,9.54,21.00,7,0
CUST_9472,40,0,Male,Rural,Yearly,33.30,0,2021-08-21,28,559.00,8.92,22.17,5,0
CUST_9473,43,1,Female,Rural,Prepaid,61.96,0,2022-05-22,19,455.93,11.02,26.67,2,0
CUST_9474,60,0,Male,Rural,Monthly,48.89,0,2020-03-31,45,351.31,9.75,32.08,5,0
CUST_9475,35,0,Male,Suburban,Prepaid,53.44,0,2021-06-23,30,471.22,9.92,30.58,5,1
CUST_9476,43,1,Female,Urban,Yearly,52.29,0,2020-03-02,45,331.21,10.31,31.25,10,0
CUST_9477,47,0,Female,Urban,Monthly,60.17,0,2019-02-28,58,634.84,9.79,21.75,6,0
CUST_9478,43,0,Male,Suburban,Monthly,49.14,0,2018-09-18,63,441.05,10.38,21.92,6,1
CUST_9479,43,1,Female,Suburban,Yearly,46.52,0,2018-02-08,70,276.12,10.82,22.42,9,0
CUST_948,43,1,Female,Rural,Prepaid,53.57,0,2020-10-21,38,661.97,9.84,20.58,3,0
CUST_9480,30,0,Female,Suburban,Monthly,60.76,0,2021-10-25,26,512.53,10.72,32.25,8,0
CUST_9481,56,0,Male,Suburban,Monthly,83.52,0,2022-05-10,19,474.57,10.23,24.75,5,0
CUST_9482,50,0,Male,Urban,Prepaid,31.37,0,2019-04-09,56,517.64,9.67,22.50,2,0
CUST_9483,43,0,Female,Rural,Yearly,41.77,0,2021-12-31,24,471.57,10.38,27.58,6,0
CUST_9484,65,0,Male,Rural,Yearly,54.39,0,2020-10-27,38,481.76,8.84,22.17,9,0
CUST_9485,43,1,Female,Suburban,Yearly,17.36,0,2021-07-31,29,573.69,10.13,25.42,8,0
CUST_9486,43,1,Female,Suburban,Prepaid,66.66,0,2021-02-15,34,424.35,10.15,31.67,6,0
CUST_9487,43,1,Female,Rural,Prepaid,61.92,0,2022-06-24,18,410.47,10.17,26.42,3,0
CUST_9488,19,0,Female,Urban,Prepaid,50.45,0,2022-03-20,21,414.78,8.96,25.33,4,0
CUST_9489,43,1,Female,Suburban,Prepaid,57.00,0,2021-11-20,25,454.52,9.47,27.17,8,1
CUST_949,22,0,Male,Urban,Prepaid,80.64,0,2020-01-21,47,377.99,11.69,15.75,4,0
CUST_9490,43,1,Female,Suburban,Prepaid,72.60,0,2021-08-10,28,591.61,9.05,29.25,2,0
CUST_9491,63,0,Male,Urban,Monthly,54.34,0,2021-07-09,29,589.43,8.68,27.83,5,0
CUST_9492,43,1,Female,Urban,Yearly,31.02,0,2022-01-02,23,458.10,9.96,26.33,7,0
CUST_9493,43,1,Male,Urban,Yearly,64.41,0,2020-09-01,39,513.63,9.83,20.83,5,0
CUST_9494,43,1,Female,Suburban,Prepaid,63.90,0,2018-11-15,61,682.56,10.43,26.58,5,0
CUST_9495,41,0,Male,Urban,Prepaid,53.12,0,2018-11-26,61,472.97,8.36,26.83,2,0
CUST_9496,35,0,Male,Suburban,Prepaid,89.23,0,2021-09-29,27,352.16,9.88,21.33,7,0
CUST_9497,44,0,Male,Suburban,Prepaid,48.43,0,2021-12-22,24,582.82,11.11,18.67,3,0
CUST_9498,43,1,Female,Urban,Monthly,23.09,0,2021-04-02,32,516.49,10.32,39.00,5,0
CUST_9499,25,0,Male,Rural,Prepaid,53.89,0,2019-11-28,49,564.53,10.53,20.83,8,0
CUST_95,43,1,Female,Urban,Prepaid,71.09,0,2019-07-15,53,311.54,9.53,21.42,3,0
CUST_950,58,0,Female,Urban,Prepaid,35.39,0,2021-11-13,25,432.45,11.09,26.92,5,0
CUST_9500,45,0,Male,Urban,Yearly,52.20,0,2021-07-14,29,564.99,9.63,15.33,8,0
CUST_9501,43,1,Female,Rural,Monthly,83.40,0,2023-02-18,10,442.20,8.54,17.83,5,0
CUST_9502,34,0,Male,Urban,Monthly,55.35,0,2020-02-16,46,604.17,10.03,23.58,10,0
CUST_9503,46,0,Male,Urban,Monthly,46.38,0,2018-12-15,60,444.48,10.23,32.42,7,0
CUST_9504,23,0,Female,Suburban,Monthly,31.17,0,2018-02-26,70,301.90,10.80,25.50,4,0
CUST_9505,43,1,Male,Suburban,Monthly,77.12,0,2022-08-13,16,628.23,8.40,15.67,6,0
CUST_9506,39,0,Male,Suburban,Yearly,15.78,0,2018-12-26,60,443.80,10.91,25.00,5,0
CUST_9507,23,0,Female,Suburban,Monthly,57.04,0,2022-07-26,17,669.29,9.10,28.75,7,0
CUST_9508,43,1,Male,Suburban,Yearly,19.86,0,2018-07-30,65,397.80,10.54,27.33,3,0
CUST_9509,56,0,Male,Suburban,Prepaid,45.62,0,2023-01-19,11,700.39,11.56,23.75,3,0
CUST_951,43,1,Female,Urban,Yearly,39.82,0,2020-04-16,44,520.97,11.34,19.42,4,0
CUST_9510,43,1,Male,Suburban,Prepaid,44.67,0,2018-10-17,62,621.40,11.51,24.33,4,0
CUST_9511,43,1,Male,Rural,Yearly,39.70,0,2021-05-29,31,452.40,10.13,24.75,5,0
CUST_9512,31,0,Female,Rural,Prepaid,44.45,0,2020-01-02,47,615.65,10.00,22.33,13,0
CUST_9513,43,1,Female,Suburban,Monthly,52.10,0,2018-09-19,63,594.54,10.07,24.33,4,0
CUST_9514,68,0,Female,Rural,Monthly,43.09,0,2020-05-07,43,520.66,9.92,20.00,5,0
CUST_9515,43,1,Female,Urban,Prepaid,48.23,0,2021-02-28,34,335.47,9.74,25.42,7,0
CUST_9516,43,1,Male,Rural,Monthly,39.58,0,2022-03-15,21,669.76,9.19,27.00,9,1
CUST_9517,43,1,Female,Suburban,Yearly,46.37,0,2019-08-21,52,488.71,11.02,23.33,4,0
CUST_9518,57,0,Female,Rural,Yearly,64.59,0,2021-05-20,31,396.59,11.21,24.00,3,1
CUST_9519,43,1,Male,Urban,Monthly,43.08,0,2020-11-16,37,546.55,10.62,22.17,3,1
CUST_952,43,0,Male,Rural,Monthly,48.34,0,2018-05-16,67,624.20,9.50,24.17,2,0
CUST_9520,43,1,Male,Rural,Monthly,73.42,0,2020-10-10,38,536.76,9.10,25.42,2,0
CUST_9521,30,0,Male,Suburban,Yearly,64.57,0,2020-10-17,38,441.12,9.89,21.92,5,0
CUST_9522,38,0,Female,Urban,Monthly,62.32,0,2022-03-12,21,559.76,10.85,24.25,5,0
CUST_9523,58,0,Male,Urban,Prepaid,50.11,0,2022-03-17,21,493.59,10.72,29.83,4,0
CUST_9524,27,0,Male,Rural,Prepaid,35.73,0,2018-09-30,63,582.69,8.90,26.50,5,0
CUST_9525,26,0,Male,Urban,Monthly,51.48,0,2023-02-20,10,484.34,10.39,22.33,8,0
CUST_9526,32,0,Female,Urban,Prepaid,76.38,0,2021-06-06,30,554.46,9.10,17.50,11,0
CUST_9527,69,0,Female,Urban,Prepaid,37.62,0,2020-04-27,44,429.75,8.19,21.75,8,0
CUST_9528,19,0,Female,Suburban,Yearly,54.41,0,2018-03-09,69,479.30,9.94,27.25,4,0
CUST_9529,42,0,Female,Urban,Monthly,36.38,0,2019-01-06,59,372.81,9.69,25.17,4,0
CUST_953,43,1,Female,Suburban,Monthly,58.34,0,2019-09-05,51,437.90,9.71,21.08,9,0
CUST_9530,43,1,Female,Rural,Yearly,43.96,0,2019-01-13,59,467.69,10.16,23.58,5,0
CUST_9531,51,0,Female,Rural,Monthly,54.50,0,2023-02-14,10,640.55,10.61,25.92,6,0
CUST_9532,68,0,Female,Urban,Monthly,55.47,0,2022-08-17,16,341.50,10.15,26.33,4,0
CUST_9533,51,0,Male,Rural,Prepaid,51.76,0,2020-08-05,40,616.86,9.37,25.08,6,0
CUST_9534,43,1,Male,Urban,Yearly,59.10,0,2018-03-16,69,410.14,9.98,24.50,10,0
CUST_9535,43,1,Male,Rural,Prepaid,56.82,0,2023-06-07,6,617.71,10.19,26.17,2,0
CUST_9536,43,1,Female,Urban,Monthly,45.08,0,2019-11-11,49,581.19,11.24,22.83,3,0
CUST_9537,59,0,Female,Urban,Prepaid,60.85,0,2020-09-30,39,543.47,11.51,25.25,8,0
CUST_9538,23,0,Male,Urban,Prepaid,35.50,0,2022-07-21,17,366.03,9.17,24.08,2,0
CUST_9539,65,0,Male,Suburban,Prepaid,46.12,0,2020-10-10,38,557.85,10.80,27.00,5,1
CUST_954,51,0,Female,Rural,Prepaid,52.31,0,2020-08-24,40,450.63,10.52,21.00,1,0
CUST_9540,66,0,Female,Rural,Monthly,43.03,0,2019-10-28,50,556.84,10.28,24.92,1,0
CUST_9541,36,0,Female,Urban,Yearly,55.58,0,2018-11-27,61,492.48,9.39,18.25,3,0
CUST_9542,20,0,Female,Suburban,Monthly,14.34,0,2020-10-21,38,578.00,9.34,24.33,9,0
CUST_9543,35,0,Female,Suburban,Monthly,44.01,0,2021-05-02,31,472.88,10.65,23.83,2,0
CUST_9544,43,1,Female,Urban,Yearly,56.85,0,2018-09-25,63,576.45,12.11,25.67,0,1
CUST_9545,43,1,Female,Urban,Monthly,87.05,0,2021-01-24,35,729.03,9.73,22.58,5,0
CUST_9546,69,0,Female,Urban,Yearly,50.75,0,2020-08-26,40,587.20,10.23,29.50,5,0
CUST_9547,29,0,Female,Urban,Monthly,33.77,0,2023-01-07,11,497.78,8.48,24.83,5,0
CUST_9548,22,0,Male,Urban,Yearly,60.12,0,2018-08-21,64,684.38,10.04,21.75,11,0
CUST_9549,43,1,Female,Rural,Monthly,39.80,0,2020-07-07,41,481.56,9.89,26.08,4,0
CUST_955,66,0,Female,Suburban,Prepaid,52.73,0,2021-03-15,33,552.64,9.89,27.67,4,0
CUST_9550,28,0,Female,Urban,Prepaid,29.63,0,2021-10-14,26,495.56,9.30,30.33,8,0
CUST_9551,47,0,Female,Urban,Prepaid,52.74,0,2019-03-11,57,679.58,9.79,25.00,6,0
CUST_9552,43,1,Male,Rural,Prepaid,69.84,0,2021-09-13,27,434.79,11.57,21.67,4,0
CUST_9553,22,0,Male,Suburban,Prepaid,37.97,0,2019-11-13,49,460.08,9.45,17.17,3,0
CUST_9554,18,0,Female,Rural,Yearly,46.83,0,2023-04-29,8,321.79,8.82,28.08,8,0
CUST_9555,44,0,Male,Suburban,Monthly,60.39,0,2020-01-26,47,399.51,8.99,23.67,9,0
CUST_9556,45,0,Male,Suburban,Yearly,65.34,0,2022-02-01,22,601.41,9.05,31.08,5,0
CUST_9557,43,1,Male,Rural,Monthly,71.39,0,2019-05-25,55,354.64,9.40,34.17,12,0
CUST_9558,35,0,Female,Urban,Monthly,39.54,0,2019-11-05,49,380.06,8.40,18.75,9,0
CUST_9559,43,1,Female,Suburban,Prepaid,48.12,0,2020-10-08,38,468.09,10.36,34.08,8,0
CUST_956,43,1,Male,Rural,Prepaid,41.72,0,2020-01-14,47,525.80,10.19,22.17,4,0
CUST_9560,30,0,Female,Urban,Monthly,17.46,0,2020-09-20,39,623.05,9.82,20.67,6,0
CUST_9561,58,0,Female,Rural,Monthly,44.08,0,2022-07-05,17,489.03,7.16,29.17,7,0
CUST_9562,19,0,Female,Suburban,Yearly,34.27,0,2019-07-05,53,576.91,9.98,25.67,6,0
CUST_9563,54,0,Female,Urban,Monthly,52.11,0,2018-02-26,70,495.24,11.35,18.17,6,0
CUST_9564,62,0,Female,Suburban,Monthly,63.29,0,2022-10-24,14,494.41,10.15,26.33,9,0
CUST_9565,43,1,Male,Suburban,Prepaid,60.35,0,2018-01-02,71,509.22,9.82,26.25,4,0
CUST_9566,43,1,Female,Rural,Monthly,32.61,0,2022-02-22,22,640.53,9.49,26.33,5,0
CUST_9567,43,1,Female,Urban,Yearly,44.03,0,2022-10-31,14,580.01,9.29,19.83,5,0
CUST_9568,52,0,Female,Urban,Monthly,56.92,0,2022-05-16,19,421.15,8.82,24.00,1,0
CUST_9569,39,0,Female,Suburban,Prepaid,51.88,0,2022-06-20,18,614.49,10.99,22.92,8,0
CUST_957,43,0,Male,Suburban,Monthly,59.11,0,2020-01-30,47,646.94,11.23,17.50,6,0
CUST_9570,53,0,Female,Urban,Prepaid,39.45,0,2020-09-11,39,332.39,10.12,24.33,4,0
CUST_9571,28,0,Female,Suburban,Monthly,55.62,0,2023-01-28,11,505.39,9.08,31.08,3,0
CUST_9572,63,0,Female,Rural,Monthly,61.49,0,2023-02-02,10,503.61,8.71,26.50,2,0
CUST_9573,46,0,Female,Rural,Prepaid,47.16,0,2023-03-17,9,484.50,10.44,18.50,8,0
CUST_9574,52,0,Male,Urban,Yearly,35.14,0,2023-03-21,9,362.02,11.08,21.75,5,0
CUST_9575,65,0,Male,Rural,Prepaid,55.66,0,2021-08-01,28,537.13,9.26,24.42,5,0
CUST_9576,43,1,Female,Rural,Prepaid,37.06,0,2023-04-10,8,492.34,9.36,23.92,7,1
CUST_9577,43,1,Female,Urban,Monthly,69.84,0,2018-07-29,65,487.41,8.68,26.83,7,1
CUST_9578,43,1,Male,Suburban,Monthly,10.44,0,2018-06-23,66,441.86,8.82,21.75,2,0
CUST_9579,58,0,Female,Rural,Yearly,45.13,0,2022-03-05,21,606.68,9.35,31.83,4,0
CUST_958,62,0,Female,Rural,Monthly,21.62,0,2019-07-02,53,503.63,9.86,19.00,7,0
CUST_9580,43,1,Female,Urban,Prepaid,36.65,0,2021-06-15,30,440.49,9.91,23.92,7,0
CUST_9581,43,1,Male,Urban,Prepaid,60.68,0,2022-02-04,22,537.34,11.13,25.67,5,0
CUST_9582,27,0,Female,Urban,Prepaid,71.50,0,2022-02-14,22,367.29,10.43,19.42,6,0
CUST_9583,66,0,Female,Rural,Prepaid,40.19,0,2019-08-24,52,410.67,11.87,16.00,3,0
CUST_9584,43,1,Female,Rural,Yearly,35.93,0,2019-10-12,50,337.52,9.45,25.92,6,0
CUST_9585,43,1,Male,Suburban,Prepaid,59.66,0,2023-04-15,8,562.56,9.67,22.33,3,0
CUST_9586,19,0,Male,Suburban,Yearly,23.16,0,2020-03-23,45,535.77,9.28,29.58,10,0
CUST_9587,43,1,Female,Suburban,Monthly,53.70,0,2020-06-24,42,407.50,11.12,18.92,3,0
CUST_9588,43,1,Male,Suburban,Monthly,49.49,0,2022-06-17,18,550.39,10.14,30.42,3,0
CUST_9589,19,0,Male,Suburban,Yearly,46.72,0,2023-04-02,8,530.96,9.22,22.83,1,0
CUST_959,44,0,Female,Rural,Yearly,41.79,0,2019-09-11,51,551.26,9.48,29.50,6,0
CUST_9590,55,0,Male,Suburban,Prepaid,37.42,0,2022-11-17,13,318.14,7.68,20.58,8,0
CUST_9591,48,0,Female,Urban,Prepaid,18.33,0,2021-12-28,24,559.39,8.90,23.67,4,0
CUST_9592,68,0,Male,Suburban,Monthly,64.61,0,2021-04-17,32,658.33,10.07,27.58,8,0
CUST_9593,43,1,Male,Rural,Prepaid,59.44,0,2023-04-17,8,666.52,9.25,27.50,9,0
CUST_9594,43,0,Male,Suburban,Yearly,49.13,0,2019-07-27,53,384.15,10.90,28.92,5,0
CUST_9595,43,1,Female,Rural,Yearly,53.44,0,2018-07-28,65,482.41,9.82,17.75,6,0
CUST_9596,20,0,Male,Suburban,Yearly,47.74,0,2022-08-03,16,540.46,9.74,26.42,5,0
CUST_9597,43,1,Male,Urban,Yearly,64.73,0,2022-04-13,20,749.34,13.72,26.17,13,1
CUST_9598,43,1,Female,Urban,Monthly,47.02,0,2021-06-11,30,532.31,11.25,31.42,13,0
CUST_9599,65,0,Male,Rural,Monthly,49.53,0,2021-06-23,30,444.86,10.53,26.33,6,0
CUST_96,43,1,Female,Rural,Yearly,51.95,0,2023-01-30,11,553.16,10.40,21.17,8,0
CUST_960,26,0,Male,Suburban,Yearly,37.68,0,2018-04-12,68,480.25,9.69,29.00,3,0
CUST_9600,18,0,Male,Suburban,Prepaid,52.21,0,2020-01-21,47,524.09,8.85,31.50,5,0
CUST_9601,43,1,Male,Urban,Monthly,44.23,0,2021-04-23,32,401.55,8.50,26.33,5,0
CUST_9602,43,0,Female,Urban,Prepaid,48.61,0,2020-01-11,47,417.99,9.57,23.67,7,0
CUST_9603,35,0,Female,Suburban,Yearly,48.03,0,2018-03-17,69,485.78,11.09,17.67,6,0
CUST_9604,26,0,Male,Rural,Yearly,39.72,0,2022-06-19,18,454.16,11.20,17.50,8,0
CUST_9605,55,0,Male,Rural,Prepaid,35.71,0,2018-12-16,60,399.88,9.10,27.08,7,1
CUST_9606,43,1,Male,Rural,Prepaid,47.04,0,2019-12-13,48,476.79,10.40,24.67,9,0
CUST_9607,38,0,Male,Urban,Monthly,45.46,0,2022-07-15,17,492.17,9.60,32.92,10,0
CUST_9608,18,0,Male,Suburban,Monthly,65.88,0,2018-11-16,61,449.42,9.32,23.67,6,0
CUST_9609,43,1,Male,Urban,Monthly,35.57,0,2022-01-18,23,702.34,9.93,24.00,6,0
CUST_961,43,0,Male,Suburban,Monthly,33.48,0,2023-05-04,7,493.37,8.65,19.08,3,1
CUST_9610,44,0,Female,Urban,Monthly,41.63,0,2021-04-17,32,605.18,10.17,24.17,5,0
CUST_9611,43,1,Male,Urban,Yearly,52.77,0,2020-06-16,42,538.16,9.32,23.67,10,0
CUST_9612,23,0,Male,Urban,Prepaid,55.97,0,2019-12-02,48,572.38,8.79,27.67,3,0
CUST_9613,61,0,Male,Suburban,Monthly,47.91,0,2018-06-10,66,704.81,10.28,21.42,7,0
CUST_9614,53,0,Female,Urban,Monthly,62.28,0,2019-02-19,58,820.50,9.46,23.17,5,0
CUST_9615,45,0,Male,Urban,Prepaid,48.43,0,2021-08-24,28,518.77,9.72,31.75,9,0
CUST_9616,62,0,Female,Rural,Monthly,36.98,0,2020-08-04,40,214.95,9.76,23.17,6,0
CUST_9617,34,0,Male,Urban,Yearly,49.41,0,2019-09-03,51,485.11,9.37,29.92,6,1
CUST_9618,57,0,Male,Suburban,Yearly,61.18,0,2019-06-21,54,630.00,9.12,23.83,5,0
CUST_9619,43,1,Male,Urban,Monthly,64.59,0,2019-08-11,52,731.81,8.23,23.08,3,0
CUST_962,43,1,Male,Suburban,Monthly,23.29,0,2022-10-15,14,440.20,10.23,22.83,10,0
CUST_9620,43,1,Male,Suburban,Yearly,64.17,0,2023-02-05,10,399.65,8.68,20.00,9,1
CUST_9621,29,0,Male,Suburban,Prepaid,52.91,0,2018-07-05,65,459.54,8.09,17.17,5,0
CUST_9622,56,0,Male,Suburban,Yearly,53.94,0,2020-11-28,37,475.21,8.12,11.33,2,0
CUST_9623,29,0,Female,Rural,Prepaid,58.85,0,2021-11-14,25,442.05,8.90,21.42,6,0
CUST_9624,19,0,Male,Rural,Monthly,25.57,0,2021-05-10,31,605.72,10.78,20.17,3,0
CUST_9625,63,0,Male,Urban,Prepaid,39.23,0,2019-01-31,59,533.87,10.02,25.58,5,0
CUST_9626,43,1,Male,Urban,Yearly,54.48,0,2022-07-25,17,565.49,9.55,25.75,12,0
CUST_9627,40,0,Female,Urban,Prepaid,35.21,0,2018-07-16,65,424.27,10.00,20.33,8,0
CUST_9628,47,0,Male,Suburban,Prepaid,67.27,0,2019-12-30,48,264.97,11.25,28.00,4,0
CUST_9629,43,1,Female,Suburban,Monthly,66.01,0,2019-06-09,54,577.70,10.18,27.75,5,0
CUST_963,43,1,Female,Suburban,Prepaid,53.49,0,2018-07-02,65,699.32,10.42,24.67,1,0
CUST_9630,43,1,Male,Suburban,Prepaid,41.87,0,2020-12-20,36,731.35,11.23,27.83,7,0
CUST_9631,43,1,Male,Urban,Prepaid,36.40,0,2019-09-06,51,421.49,11.10,27.08,6,0
CUST_9632,43,1,Female,Urban,Monthly,56.45,0,2018-03-02,69,643.50,10.33,23.58,5,0
CUST_9633,22,0,Female,Urban,Prepaid,30.84,0,2022-06-12,18,529.48,8.96,22.00,3,0
CUST_9634,43,1,Male,Urban,Prepaid,52.10,0,2022-12-29,12,529.53,9.51,28.17,6,0
CUST_9635,44,0,Female,Rural,Prepaid,92.45,0,2019-07-16,53,500.40,9.89,13.75,13,0
CUST_9636,66,0,Female,Rural,Prepaid,34.87,0,2020-06-23,42,516.77,8.73,24.00,4,0
CUST_9637,19,0,Male,Rural,Monthly,38.27,0,2023-02-14,10,462.06,8.28,15.50,12,0
CUST_9638,41,0,Male,Urban,Monthly,40.74,0,2018-10-24,62,432.22,9.89,16.00,7,0
CUST_9639,48,0,Male,Rural,Monthly,36.53,0,2022-10-17,14,469.60,9.30,28.33,2,0
CUST_964,43,1,Female,Suburban,Prepaid,56.44,0,2018-06-09,66,522.21,9.76,21.08,8,0
CUST_9640,50,0,Female,Rural,Prepaid,37.29,0,2022-04-18,20,578.77,11.35,27.67,4,0
CUST_9641,43,1,Male,Urban,Monthly,75.78,0,2018-02-05,70,651.23,9.36,30.92,9,0
CUST_9642,47,0,Male,Rural,Monthly,50.94,0,2020-06-13,42,379.05,8.71,23.75,8,1
CUST_9643,43,1,Female,Urban,Prepaid,63.64,0,2020-10-06,38,655.10,9.53,22.33,8,0
CUST_9644,54,0,Female,Urban,Prepaid,67.99,0,2018-03-08,69,422.22,10.41,21.00,10,0
CUST_9645,43,1,Male,Urban,Prepaid,22.94,0,2019-12-11,48,367.89,8.84,20.33,9,1
CUST_9646,45,0,Female,Suburban,Prepaid,38.46,0,2022-08-13,16,469.16,11.07,23.58,6,0
CUST_9647,43,1,Female,Urban,Prepaid,36.40,0,2019-02-28,58,521.80,9.05,18.50,8,0
CUST_9648,43,1,Female,Rural,Prepaid,10.52,0,2022-04-26,20,312.26,10.01,24.50,7,0
CUST_9649,43,1,Male,Rural,Monthly,56.39,0,2021-11-27,25,537.49,10.57,25.92,3,0
CUST_965,47,0,Male,Suburban,Yearly,56.55,0,2022-01-25,23,584.16,9.59,23.67,7,0
CUST_9650,43,1,Male,Urban,Monthly,54.56,0,2018-08-24,64,341.75,11.60,18.42,3,0
CUST_9651,57,0,Male,Suburban,Yearly,69.84,0,2018-05-28,67,439.30,8.34,14.58,4,0
CUST_9652,58,0,Female,Suburban,Monthly,57.11,0,2021-09-24,27,615.19,9.95,26.33,8,0
CUST_9653,44,0,Male,Suburban,Monthly,10.89,0,2021-02-10,34,594.61,9.19,19.00,3,0
CUST_9654,43,1,Male,Rural,Prepaid,39.47,0,2019-10-03,50,422.52,9.74,26.83,2,0
CUST_9655,43,1,Female,Suburban,Prepaid,40.56,0,2018-09-09,63,613.16,10.17,26.50,5,0
CUST_9656,56,0,Female,Suburban,Monthly,57.67,0,2023-01-17,11,428.21,11.17,24.75,4,0
CUST_9657,54,0,Male,Urban,Monthly,10.21,0,2018-03-11,69,373.69,10.01,20.00,7,0
CUST_9658,38,0,Female,Suburban,Monthly,58.16,0,2019-07-08,53,568.47,10.47,26.17,5,0
CUST_9659,22,0,Male,Suburban,Yearly,61.82,0,2021-01-08,35,361.11,9.81,21.17,7,0
CUST_966,60,0,Female,Suburban,Prepaid,64.12,0,2018-07-24,65,663.71,8.85,19.58,8,0
CUST_9660,43,1,Male,Suburban,Prepaid,46.25,0,2022-04-05,20,595.57,10.49,26.83,3,0
CUST_9661,62,0,Male,Urban,Prepaid,38.01,0,2021-02-12,34,591.76,9.95,21.83,7,0
CUST_9662,43,1,Female,Urban,Monthly,67.67,0,2023-04-23,8,472.71,9.42,26.08,4,0
CUST_9663,43,1,Female,Suburban,Monthly,29.25,0,2018-09-05,63,532.92,9.98,18.25,6,0
CUST_9664,37,0,Male,Rural,Prepaid,67.19,0,2018-02-20,70,626.08,9.36,25.58,8,0
CUST_9665,55,0,Male,Rural,Monthly,63.63,0,2022-06-18,18,442.28,10.67,21.42,6,0
CUST_9666,37,0,Male,Urban,Prepaid,58.41,0,2022-10-21,14,279.95,9.09,19.83,5,0
CUST_9667,43,1,Male,Suburban,Monthly,77.25,0,2018-06-21,66,471.80,10.11,24.33,7,1
CUST_9668,42,0,Female,Rural,Prepaid,50.25,0,2019-02-19,58,446.50,10.43,28.67,9,0
CUST_9669,19,0,Male,Suburban,Monthly,59.32,0,2023-05-07,7,415.70,9.53,19.00,10,0
CUST_967,43,1,Female,Suburban,Yearly,66.73,0,2018-01-15,71,542.96,9.65,17.17,8,0
CUST_9670,43,1,Male,Urban,Monthly,49.28,0,2021-03-29,33,323.14,10.63,23.83,10,0
CUST_9671,43,0,Female,Rural,Yearly,45.18,0,2020-11-16,37,554.67,10.37,26.42,15,0
CUST_9672,23,0,Male,Urban,Yearly,57.93,0,2018-07-18,65,610.44,10.53,25.83,6,0
CUST_9673,58,0,Male,Suburban,Monthly,45.45,0,2018-08-04,64,588.25,9.65,32.75,6,0
CUST_9674,43,1,Male,Urban,Monthly,50.94,0,2023-01-16,11,647.10,9.25,19.17,8,0
CUST_9675,50,0,Male,Urban,Monthly,51.02,0,2019-01-15,59,444.73,9.64,18.42,4,0
CUST_9676,18,0,Male,Urban,Prepaid,43.93,0,2021-08-25,28,543.37,8.52,21.67,9,1
CUST_9677,68,0,Female,Urban,Prepaid,61.02,0,2022-02-14,22,470.87,8.03,23.75,9,0
CUST_9678,43,1,Female,Rural,Prepaid,23.43,0,2020-07-02,41,539.61,9.30,26.92,7,0
CUST_9679,43,1,Female,Suburban,Monthly,39.57,0,2023-02-17,10,611.43,9.87,24.75,6,0
CUST_968,34,0,Female,Rural,Monthly,19.41,0,2018-03-11,69,662.32,10.46,26.50,4,0
CUST_9680,36,0,Female,Rural,Monthly,35.40,0,2022-04-06,20,424.06,11.76,24.42,8,0
CUST_9681,43,1,Male,Suburban,Prepaid,54.61,0,2022-09-16,15,438.57,9.41,26.00,4,0
CUST_9682,65,0,Female,Suburban,Monthly,46.43,0,2020-01-11,47,558.16,9.97,27.33,6,0
CUST_9683,42,0,Female,Suburban,Monthly,28.72,0,2020-02-05,46,433.12,8.95,30.33,8,0
CUST_9684,68,0,Female,Suburban,Monthly,57.05,0,2023-03-20,9,532.09,11.69,26.58,8,0
CUST_9685,52,0,Female,Suburban,Monthly,53.41,0,2022-07-28,17,509.31,9.08,24.17,2,0
CUST_9686,43,1,Female,Rural,Prepaid,50.55,0,2022-12-29,12,468.08,11.47,26.75,4,0
CUST_9687,47,0,Female,Suburban,Prepaid,61.71,0,2021-09-03,27,460.41,8.28,24.00,2,0
CUST_9688,22,0,Female,Urban,Yearly,57.83,0,2022-08-09,16,725.47,10.30,20.00,3,0
CUST_9689,51,0,Female,Rural,Prepaid,46.50,0,2020-08-17,40,340.83,9.55,23.42,2,0
CUST_969,43,0,Female,Suburban,Monthly,59.46,0,2021-10-23,26,566.72,9.42,28.42,4,0
CUST_9690,39,0,Male,Rural,Monthly,56.24,0,2019-10-14,50,428.17,8.72,22.92,9,0
CUST_9691,56,0,Female,Suburban,Monthly,70.54,0,2019-12-07,48,527.80,9.46,23.58,2,0
CUST_9692,30,0,Male,Urban,Yearly,47.70,0,2021-12-06,24,698.58,9.28,28.17,5,0
CUST_9693,64,0,Female,Urban,Monthly,68.70,0,2018-02-21,70,537.58,7.23,23.83,6,0
CUST_9694,20,0,Female,Suburban,Monthly,78.43,0,2018-12-16,60,547.20,12.05,17.42,8,0
CUST_9695,37,0,Female,Suburban,Prepaid,54.95,0,2020-04-03,44,403.59,11.43,24.58,5,0
CUST_9696,43,1,Male,Urban,Yearly,34.92,0,2018-07-05,65,609.26,10.96,22.92,3,0
CUST_9697,22,0,Male,Rural,Monthly,45.54,0,2019-01-25,59,528.60,9.71,23.75,8,0
CUST_9698,43,1,Female,Rural,Prepaid,52.44,0,2018-12-25,60,483.46,9.35,25.75,8,0
CUST_9699,43,1,Male,Suburban,Monthly,50.30,0,2022-12-09,12,359.35,10.98,26.00,6,0
CUST_97,58,0,Male,Rural,Monthly,55.17,0,2023-05-05,7,564.98,9.61,24.25,3,0
CUST_970,53,0,Female,Suburban,Prepaid,52.74,0,2019-09-27,51,409.64,9.52,22.58,9,0
CUST_9700,50,0,Female,Rural,Prepaid,51.93,0,2018-02-04,70,504.27,10.47,22.17,5,0
CUST_9701,43,1,Male,Rural,Prepaid,68.22,0,2020-01-20,47,493.07,11.14,26.92,5,1
CUST_9702,41,0,Male,Urban,Monthly,37.25,0,2022-12-13,12,319.46,10.24,19.92,9,0
CUST_9703,67,0,Male,Rural,Monthly,55.52,0,2018-06-16,66,510.22,9.77,25.33,6,0
CUST_9704,37,0,Female,Urban,Monthly,63.82,0,2020-01-27,47,699.87,9.84,25.75,8,0
CUST_9705,43,1,Male,Suburban,Monthly,46.24,0,2020-02-25,46,470.62,9.81,14.25,4,0
CUST_9706,67,0,Male,Suburban,Monthly,34.61,0,2022-01-09,23,550.15,10.67,29.33,8,0
CUST_9707,43,1,Female,Urban,Monthly,46.92,0,2023-02-28,10,296.22,10.14,20.25,9,0
CUST_9708,29,0,Male,Urban,Prepaid,34.38,0,2019-01-03,59,417.43,10.72,17.33,2,0
CUST_9709,30,0,Female,Suburban,Prepaid,39.40,0,2022-12-07,12,455.52,9.89,27.17,5,0
CUST_971,43,1,Female,Rural,Monthly,52.57,0,2021-03-16,33,602.38,10.91,23.08,9,1
CUST_9710,62,0,Female,Urban,Prepaid,58.72,0,2022-05-07,19,579.44,12.31,33.00,8,0
CUST_9711,43,1,Male,Suburban,Prepaid,53.97,0,2022-05-20,19,433.75,10.76,22.50,5,0
CUST_9712,43,1,Female,Suburban,Yearly,60.68,0,2018-11-23,61,475.57,10.06,26.33,7,0
CUST_9713,42,0,Male,Suburban,Yearly,57.26,0,2023-03-05,9,416.30,8.06,23.33,4,0
CUST_9714,43,1,Male,Suburban,Prepaid,46.91,0,2018-10-15,62,468.48,10.63,21.67,10,0
CUST_9715,49,0,Female,Suburban,Monthly,34.85,0,2019-06-30,54,416.92,9.58,25.00,7,0
CUST_9716,41,0,Male,Suburban,Yearly,54.86,0,2020-03-10,45,492.79,10.31,29.67,4,0
CUST_9717,65,0,Male,Rural,Prepaid,41.98,0,2020-07-30,41,335.03,9.72,25.33,6,0
CUST_9718,43,1,Female,Rural,Monthly,47.91,0,2022-01-20,23,579.35,10.73,26.83,6,0
CUST_9719,61,0,Female,Suburban,Prepaid,39.28,0,2022-07-16,17,433.30,9.01,21.67,4,0
CUST_972,43,1,Female,Rural,Monthly,48.14,0,2023-02-26,10,458.78,9.31,24.75,7,0
CUST_9720,26,0,Male,Rural,Monthly,63.56,0,2020-01-18,47,649.30,9.08,28.25,3,0
CUST_9721,57,0,Female,Urban,Yearly,16.38,0,2021-10-06,26,546.95,9.71,29.17,5,0
CUST_9722,67,0,Female,Urban,Yearly,57.73,0,2023-02-19,10,578.29,9.76,34.67,9,0
CUST_9723,43,1,Female,Suburban,Monthly,52.24,0,2022-04-20,20,354.04,9.58,30.83,6,0
CUST_9724,67,0,Female,Rural,Monthly,63.30,0,2022-10-19,14,714.62,9.80,23.42,2,0
CUST_9725,30,0,Male,Urban,Monthly,31.66,0,2019-05-06,55,322.04,9.48,25.42,8,0
CUST_9726,49,0,Male,Urban,Prepaid,49.31,0,2018-06-26,66,639.60,11.69,23.50,10,0
CUST_9727,67,0,Female,Urban,Prepaid,43.58,0,2019-02-05,58,419.48,10.40,22.25,5,0
CUST_9728,32,0,Male,Urban,Yearly,47.63,0,2021-08-27,28,324.42,10.49,23.08,4,0
CUST_9729,53,0,Female,Rural,Prepaid,50.26,0,2021-02-02,34,451.61,10.25,27.08,2,0
CUST_973,66,0,Male,Urban,Prepaid,41.74,0,2023-05-18,7,777.25,10.97,14.67,6,0
CUST_9730,43,1,Female,Urban,Prepaid,42.81,0,2018-07-26,65,523.56,10.78,30.33,7,0
CUST_9731,22,0,Male,Urban,Monthly,48.38,0,2023-02-04,10,503.18,11.13,25.42,5,0
CUST_9732,39,0,Male,Urban,Yearly,68.59,0,2022-12-20,12,562.42,11.01,23.83,8,0
CUST_9733,33,0,Male,Suburban,Monthly,71.71,0,2019-07-15,53,532.74,9.39,28.08,8,0
CUST_9734,58,0,Male,Urban,Monthly,53.58,0,2023-02-24,10,443.77,10.92,23.08,7,0
CUST_9735,27,0,Female,Urban,Monthly,72.00,0,2020-01-17,47,576.12,9.15,28.08,7,0
CUST_9736,43,1,Female,Rural,Monthly,28.34,0,2021-02-06,34,584.93,10.40,28.50,8,0
CUST_9737,43,1,Male,Urban,Monthly,62.07,0,2020-04-14,44,468.30,9.29,22.17,5,0
CUST_9738,66,0,Female,Urban,Yearly,53.19,0,2021-11-16,25,349.36,10.02,17.92,2,0
CUST_9739,35,0,Male,Urban,Monthly,44.43,0,2020-02-29,46,408.55,11.12,25.17,8,0
CUST_974,52,0,Male,Urban,Prepaid,57.92,0,2018-02-05,70,545.83,10.01,30.25,5,1
CUST_9740,24,0,Male,Suburban,Monthly,59.20,0,2020-11-29,37,381.92,8.34,28.25,9,0
CUST_9741,21,0,Male,Rural,Yearly,52.35,0,2020-04-22,44,573.93,9.86,24.17,2,0
CUST_9742,43,1,Female,Rural,Monthly,41.01,0,2019-08-11,52,416.02,8.48,31.25,2,0
CUST_9743,22,0,Female,Suburban,Prepaid,60.49,0,2021-06-06,30,537.11,10.88,19.83,8,0
CUST_9744,33,0,Male,Suburban,Prepaid,49.32,0,2019-05-03,55,495.39,10.31,21.50,6,0
CUST_9745,43,1,Male,Rural,Yearly,39.28,0,2022-09-29,15,446.99,10.46,22.42,11,0
CUST_9746,43,1,Male,Urban,Monthly,62.16,0,2022-06-04,18,472.83,9.83,23.50,7,0
CUST_9747,35,0,Male,Rural,Monthly,24.44,0,2019-10-28,50,418.83,10.58,29.08,6,0
CUST_9748,43,1,Female,Suburban,Prepaid,74.65,0,2021-09-01,27,202.46,10.95,17.50,6,0
CUST_9749,40,0,Female,Urban,Monthly,63.60,0,2019-02-03,58,383.71,8.88,33.58,5,0
CUST_975,69,0,Male,Suburban,Prepaid,35.29,0,2019-01-30,59,390.01,8.92,27.00,9,0
CUST_9750,31,0,Male,Rural,Monthly,21.64,0,2022-10-01,14,304.07,9.74,31.08,6,0
CUST_9751,32,0,Male,Urban,Monthly,68.21,0,2021-01-26,35,445.49,9.37,23.92,11,0
CUST_9752,66,0,Female,Urban,Prepaid,51.27,0,2020-03-25,45,360.15,10.14,33.33,5,0
CUST_9753,50,0,Male,Suburban,Prepaid,19.14,0,2022-08-20,16,384.15,8.12,29.00,6,0
CUST_9754,42,0,Female,Rural,Yearly,22.08,0,2022-02-06,22,369.48,10.09,19.08,11,1
CUST_9755,43,1,Female,Suburban,Yearly,58.59,0,2020-12-14,36,600.67,10.15,21.50,3,0
CUST_9756,34,0,Male,Rural,Monthly,33.61,0,2021-01-15,35,508.09,9.42,20.25,6,1
CUST_9757,43,1,Female,Rural,Monthly,36.88,0,2018-09-08,63,493.76,10.43,30.42,4,0
CUST_9758,60,0,Female,Urban,Monthly,51.58,0,2022-03-07,21,488.82,8.95,25.58,5,0
CUST_9759,34,0,Female,Urban,Yearly,57.59,0,2021-05-17,31,474.37,10.83,24.17,5,0
CUST_976,32,0,Male,Suburban,Monthly,66.54,0,2018-06-24,66,439.74,9.31,19.33,5,0
CUST_9760,31,0,Female,Urban,Monthly,53.19,0,2022-02-24,22,489.48,9.71,18.08,8,0
CUST_9761,43,1,Male,Suburban,Yearly,36.40,0,2020-10-15,38,375.05,9.69,20.83,2,0
CUST_9762,37,0,Female,Urban,Prepaid,38.75,0,2022-05-29,19,540.40,8.42,22.67,4,0
CUST_9763,43,1,Female,Suburban,Monthly,34.09,0,2018-06-18,66,571.86,9.04,23.42,5,0
CUST_9764,36,0,Female,Urban,Monthly,53.46,0,2018-09-14,63,574.31,10.55,27.50,4,0
CUST_9765,56,0,Male,Suburban,Prepaid,52.70,0,2021-11-22,25,423.70,10.45,18.58,9,0
CUST_9766,43,1,Male,Rural,Monthly,55.97,0,2022-04-19,20,397.29,11.85,23.42,5,0
CUST_9767,43,1,Male,Suburban,Monthly,52.76,0,2022-12-07,12,484.64,11.00,16.92,2,1
CUST_9768,43,1,Female,Suburban,Monthly,51.69,0,2018-04-09,68,568.03,9.54,29.58,5,0
CUST_9769,63,0,Male,Suburban,Monthly,63.40,0,2023-04-25,8,462.73,10.85,23.83,5,0
CUST_977,64,0,Male,Urban,Prepaid,42.54,0,2022-06-19,18,414.38,9.02,26.42,10,1
CUST_9770,50,0,Male,Rural,Prepaid,51.46,0,2019-07-08,53,643.10,9.79,18.50,7,0
CUST_9771,43,1,Male,Suburban,Monthly,63.26,0,2022-10-27,14,591.90,11.46,31.58,5,0
CUST_9772,43,1,Female,Rural,Prepaid,44.11,0,2021-06-23,30,537.36,10.15,25.25,9,0
CUST_9773,35,0,Male,Urban,Yearly,38.20,0,2023-02-09,10,342.33,8.41,22.92,5,0
CUST_9774,43,1,Male,Urban,Prepaid,68.01,0,2021-03-14,33,568.29,9.92,26.42,2,0
CUST_9775,50,0,Male,Rural,Monthly,42.95,0,2019-06-28,54,331.93,9.58,19.83,5,1
CUST_9776,43,1,Female,Suburban,Monthly,48.36,0,2021-03-14,33,492.80,9.47,29.00,4,0
CUST_9777,43,1,Female,Urban,Prepaid,37.59,0,2021-10-08,26,422.74,10.00,29.33,5,0
CUST_9778,43,1,Male,Suburban,Monthly,79.81,0,2018-09-20,63,226.41,9.56,21.42,8,1
CUST_9779,44,0,Male,Suburban,Yearly,27.04,0,2019-09-09,51,514.54,12.16,28.58,4,0
CUST_978,39,0,Male,Urban,Monthly,19.38,0,2018-09-08,63,289.38,9.17,21.67,6,0
CUST_9780,23,0,Male,Rural,Prepaid,64.74,0,2020-08-20,40,577.61,7.73,25.92,3,0
CUST_9781,43,1,Female,Urban,Prepaid,22.09,0,2021-05-18,31,389.60,10.42,14.17,11,0
CUST_9782,54,0,Female,Rural,Monthly,44.33,0,2018-11-06,61,471.48,12.44,28.25,8,1
CUST_9783,43,1,Male,Rural,Prepaid,61.10,0,2023-05-23,7,503.19,9.26,24.50,10,0
CUST_9784,37,0,Female,Rural,Yearly,75.19,0,2018-01-04,71,507.45,9.90,19.83,4,0
CUST_9785,42,0,Male,Rural,Prepaid,46.42,0,2022-07-20,17,419.90,9.49,18.83,5,0
CUST_9786,43,1,Female,Suburban,Monthly,41.89,0,2023-02-23,10,634.52,10.63,22.75,5,0
CUST_9787,27,0,Male,Urban,Prepaid,53.05,0,2021-10-09,26,686.97,9.78,22.17,7,0
CUST_9788,27,0,Female,Urban,Prepaid,74.77,0,2018-04-08,68,542.71,9.76,24.75,6,0
CUST_9789,43,1,Male,Urban,Prepaid,52.55,0,2020-06-13,42,264.72,9.91,23.17,6,0
CUST_979,31,0,Male,Suburban,Monthly,51.69,0,2018-07-31,65,449.74,10.87,27.17,2,0
CUST_9790,38,0,Female,Suburban,Monthly,57.66,0,2023-05-02,7,519.56,8.03,27.08,4,0
CUST_9791,28,0,Male,Suburban,Monthly,202.00,0,2019-04-22,56,543.98,10.00,29.00,2,0
CUST_9792,44,0,Male,Rural,Prepaid,63.64,0,2020-12-22,36,557.83,8.12,24.50,4,0
CUST_9793,33,0,Male,Rural,Yearly,26.51,0,2021-03-03,33,509.23,9.61,19.17,8,0
CUST_9794,43,1,Male,Rural,Monthly,68.79,0,2019-04-04,56,453.70,11.43,33.08,8,0
CUST_9795,43,1,Female,Rural,Prepaid,69.93,0,2020-12-11,36,348.49,9.11,23.83,4,0
CUST_9796,66,0,Male,Urban,Prepaid,80.31,0,2021-02-08,34,288.90,10.07,21.33,8,0
CUST_9797,33,0,Female,Rural,Prepaid,69.90,0,2020-09-03,39,572.87,9.22,24.58,5,0
CUST_9798,43,1,Female,Suburban,Prepaid,41.91,0,2021-09-05,27,658.41,10.38,17.00,8,0
CUST_9799,33,0,Male,Suburban,Monthly,71.98,0,2020-07-31,41,451.97,9.91,22.25,3,0
CUST_98,43,1,Female,Rural,Yearly,37.51,0,2022-11-15,13,632.85,8.83,24.17,9,0
CUST_980,43,0,Male,Urban,Prepaid,32.34,0,2022-03-29,21,296.49,9.08,24.17,7,0
CUST_9800,52,0,Male,Suburban,Yearly,66.95,0,2021-07-25,29,583.35,10.15,27.17,5,0
CUST_9801,33,0,Male,Rural,Yearly,39.13,0,2023-06-18,6,366.78,9.77,24.08,4,0
CUST_9802,57,0,Male,Urban,Yearly,53.13,0,2021-08-24,28,377.41,10.10,22.08,9,0
CUST_9803,29,0,Female,Urban,Prepaid,6.30,0,2019-01-28,59,465.89,9.07,20.67,3,0
CUST_9804,52,0,Female,Rural,Prepaid,29.31,0,2022-06-22,18,537.70,8.04,21.50,10,0
CUST_9805,66,0,Female,Rural,Yearly,62.31,0,2018-07-15,65,675.82,9.48,30.83,5,0
CUST_9806,43,1,Female,Suburban,Monthly,74.52,0,2021-07-17,29,677.90,10.07,28.92,5,0
CUST_9807,43,1,Male,Suburban,Prepaid,62.37,0,2020-01-26,47,690.64,9.92,29.92,7,1
CUST_9808,43,1,Female,Urban,Prepaid,50.83,0,2023-02-19,10,473.86,10.54,29.58,4,0
CUST_9809,43,1,Male,Suburban,Monthly,34.50,0,2021-12-12,24,366.81,8.73,22.42,10,0
CUST_981,45,0,Male,Suburban,Monthly,32.03,0,2019-11-01,49,606.85,10.80,25.25,4,0
CUST_9810,65,0,Male,Suburban,Monthly,59.67,0,2020-12-08,36,492.16,10.05,28.42,1,0
CUST_9811,34,0,Female,Rural,Yearly,21.26,0,2023-01-14,11,588.97,8.55,27.58,9,0
CUST_9812,49,0,Female,Urban,Prepaid,57.72,0,2022-03-14,21,654.41,10.08,17.17,2,0
CUST_9813,58,0,Female,Rural,Prepaid,36.48,0,2018-01-12,71,461.56,10.36,30.42,7,0
CUST_9814,43,1,Female,Urban,Monthly,61.33,0,2022-04-21,20,541.42,10.58,30.08,6,0
CUST_9815,41,0,Female,Rural,Prepaid,62.06,0,2020-12-16,36,472.70,11.06,22.00,7,0
CUST_9816,44,0,Female,Urban,Monthly,41.52,0,2021-02-11,34,423.28,9.78,32.50,5,0
CUST_9817,37,0,Male,Suburban,Monthly,64.01,0,2020-01-06,47,470.58,9.24,21.17,5,1
CUST_9818,42,0,Male,Urban,Prepaid,23.69,0,2021-03-22,33,512.27,8.93,31.17,8,0
CUST_9819,43,1,Male,Urban,Monthly,47.85,0,2018-02-03,70,534.45,9.49,21.25,8,1
CUST_982,40,0,Female,Rural,Prepaid,60.26,0,2019-02-13,58,437.23,10.92,27.50,4,0
CUST_9820,26,0,Female,Rural,Prepaid,61.87,0,2021-10-30,26,658.15,10.41,22.08,4,0
CUST_9821,45,0,Male,Urban,Monthly,59.33,0,2019-09-01,51,360.98,9.91,28.58,9,0
CUST_9822,43,1,Male,Urban,Monthly,41.66,0,2019-12-02,48,365.42,10.77,23.75,1,0
CUST_9823,43,1,Male,Urban,Prepaid,63.23,0,2022-09-17,15,447.06,7.33,21.25,4,0
CUST_9824,37,0,Male,Rural,Monthly,63.79,0,2022-01-12,23,427.78,9.55,23.33,7,0
CUST_9825,23,0,Male,Urban,Prepaid,32.40,0,2019-12-14,48,490.50,8.50,22.17,3,0
CUST_9826,43,1,Male,Rural,Prepaid,48.32,0,2022-03-15,21,464.93,8.54,31.08,5,0
CUST_9827,43,1,Female,Suburban,Prepaid,52.93,0,2019-12-03,48,540.43,10.58,20.83,7,0
CUST_9828,43,1,Female,Rural,Prepaid,52.71,0,2018-01-17,71,579.02,10.32,20.67,9,0
CUST_9829,54,0,Female,Urban,Monthly,62.17,0,2020-08-30,40,586.32,8.73,28.17,3,0
CUST_983,31,0,Female,Rural,Monthly,64.02,0,2019-06-19,54,563.51,8.39,28.08,8,0
CUST_9830,23,0,Male,Suburban,Prepaid,43.80,0,2021-06-06,30,458.47,8.97,23.33,5,0
CUST_9831,62,0,Female,Urban,Monthly,74.54,0,2021-05-23,31,646.41,11.27,24.75,6,0
CUST_9832,51,0,Female,Rural,Yearly,44.09,0,2021-01-14,35,480.81,10.63,25.00,7,0
CUST_9833,43,1,Male,Suburban,Prepaid,32.99,0,2018-03-23,69,312.94,10.14,23.92,10,0
CUST_9834,32,0,Female,Suburban,Prepaid,46.60,0,2020-04-20,44,514.10,10.49,26.00,9,0
CUST_9835,62,0,Male,Suburban,Prepaid,53.81,0,2021-12-09,24,387.69,9.03,26.25,7,0
CUST_9836,43,1,Female,Urban,Prepaid,32.32,0,2021-12-02,24,434.84,11.06,15.83,7,0
CUST_9837,31,0,Male,Suburban,Prepaid,45.39,0,2020-06-25,42,379.75,11.36,23.42,5,0
CUST_9838,43,1,Male,Suburban,Monthly,31.40,0,2022-12-22,12,488.99,9.65,19.08,8,0
CUST_9839,43,1,Female,Suburban,Prepaid,60.55,0,2020-12-05,36,540.20,9.65,21.17,6,1
CUST_984,43,1,Male,Urban,Prepaid,48.36,0,2020-04-30,44,595.06,11.03,27.25,5,0
CUST_9840,43,1,Male,Suburban,Monthly,47.34,0,2018-11-09,61,365.01,10.94,18.25,10,0
CUST_9841,43,1,Female,Rural,Prepaid,14.21,0,2020-06-25,42,637.27,10.67,24.83,11,0
CUST_9842,48,0,Male,Urban,Prepaid,65.57,0,2022-05-06,19,549.54,10.98,25.17,2,0
CUST_9843,43,1,Female,Urban,Prepaid,32.44,0,2022-05-02,19,535.89,12.03,32.92,3,0
CUST_9844,59,0,Female,Suburban,Prepaid,90.00,0,2021-02-21,34,629.93,9.39,13.67,4,1
CUST_9845,49,0,Male,Rural,Prepaid,39.75,0,2023-05-20,7,587.63,9.62,27.42,9,0
CUST_9846,34,0,Female,Suburban,Monthly,41.32,0,2018-03-24,69,534.45,9.48,22.17,6,0
CUST_9847,31,0,Female,Urban,Monthly,52.41,0,2023-03-26,9,631.47,9.69,21.25,4,0
CUST_9848,57,0,Female,Urban,Prepaid,13.79,0,2023-01-30,11,484.62,10.82,25.75,6,1
CUST_9849,43,1,Male,Urban,Monthly,56.61,0,2020-11-05,37,731.25,9.07,28.75,7,0
CUST_985,19,0,Female,Rural,Prepaid,19.81,0,2021-01-13,35,528.49,8.96,28.00,6,0
CUST_9850,65,0,Male,Suburban,Prepaid,60.52,0,2019-09-27,51,549.99,11.55,22.58,4,0
CUST_9851,41,0,Female,Suburban,Prepaid,63.59,0,2019-08-02,52,483.93,9.85,28.42,3,0
CUST_9852,62,0,Female,Rural,Yearly,54.21,0,2021-02-24,34,431.89,10.19,27.58,6,0
CUST_9853,44,0,Male,Rural,Yearly,51.37,0,2018-10-17,62,372.53,9.47,27.25,3,0
CUST_9854,42,0,Male,Urban,Yearly,27.24,0,2019-10-15,50,616.53,10.15,24.75,7,0
CUST_9855,43,1,Female,Urban,Prepaid,57.40,0,2021-06-09,30,629.28,9.96,19.92,9,0
CUST_9856,69,0,Male,Rural,Yearly,49.37,0,2021-09-18,27,311.75,10.08,24.17,3,0
CUST_9857,35,0,Male,Urban,Monthly,43.59,0,2022-01-22,23,573.21,9.44,23.42,2,1
CUST_9858,63,0,Female,Rural,Monthly,34.51,0,2018-05-28,67,391.05,10.13,23.92,4,0
CUST_9859,35,0,Male,Suburban,Yearly,57.20,0,2018-03-22,69,734.15,10.06,27.33,8,0
CUST_986,62,0,Female,Rural,Prepaid,57.97,0,2020-11-03,37,484.00,9.69,25.92,7,0
CUST_9860,54,0,Male,Urban,Yearly,45.16,0,2021-09-20,27,534.26,9.58,20.83,6,0
CUST_9861,43,0,Male,Urban,Monthly,21.77,0,2020-05-07,43,543.91,9.74,26.83,7,0
CUST_9862,26,0,Female,Rural,Yearly,46.65,0,2023-02-10,10,557.60,10.56,22.67,5,0
CUST_9863,52,0,Male,Suburban,Prepaid,38.44,0,2021-07-08,29,497.96,10.32,18.83,5,1
CUST_9864,25,0,Female,Urban,Monthly,63.14,0,2020-07-21,41,409.63,11.98,13.83,7,0
CUST_9865,43,1,Male,Urban,Prepaid,47.51,0,2023-04-26,8,431.89,9.17,28.83,9,0
CUST_9866,59,0,Male,Rural,Yearly,46.06,0,2022-03-04,21,503.37,8.57,35.83,8,1
CUST_9867,39,0,Female,Suburban,Monthly,54.63,0,2021-03-19,33,571.15,9.60,22.50,7,0
CUST_9868,43,1,Female,Rural,Yearly,75.12,0,2018-05-08,67,523.24,8.95,24.08,10,0
CUST_9869,47,0,Female,Suburban,Monthly,56.09,0,2022-06-07,18,587.22,10.48,24.33,5,0
CUST_987,43,0,Male,Rural,Monthly,45.21,0,2022-11-15,13,469.96,9.07,30.50,7,0
CUST_9870,45,0,Female,Suburban,Monthly,38.16,0,2018-01-14,71,781.60,9.71,32.08,3,0
CUST_9871,52,0,Male,Rural,Prepaid,26.65,0,2022-11-07,13,452.19,10.74,27.92,8,0
CUST_9872,60,0,Female,Rural,Monthly,69.95,0,2019-03-07,57,433.64,9.74,27.33,6,0
CUST_9873,43,1,Female,Suburban,Monthly,13.22,0,2018-10-23,62,454.20,9.72,39.33,4,0
CUST_9874,48,0,Female,Rural,Prepaid,49.68,0,2022-07-21,17,485.61,9.11,18.83,9,0
CUST_9875,66,0,Male,Urban,Prepaid,85.24,0,2020-07-16,41,225.13,9.42,34.33,5,0
CUST_9876,43,1,Male,Urban,Monthly,23.34,0,2019-12-30,48,657.48,9.67,22.58,6,0
CUST_9877,43,1,Female,Urban,Prepaid,33.24,0,2020-08-05,40,423.54,10.14,25.67,9,0
CUST_9878,53,0,Female,Urban,Prepaid,52.99,0,2022-06-15,18,492.03,9.81,25.92,4,0
CUST_9879,47,0,Female,Urban,Prepaid,37.91,0,2021-08-06,28,620.55,10.61,28.75,6,0
CUST_988,31,0,Male,Rural,Prepaid,353.35,0,2022-12-25,12,432.27,9.94,28.08,5,0
CUST_9880,40,0,Female,Rural,Prepaid,48.26,0,2018-02-06,70,507.81,9.53,24.33,4,0
CUST_9881,36,0,Male,Suburban,Yearly,56.38,0,2018-02-04,70,345.24,9.77,25.83,6,0
CUST_9882,29,0,Female,Rural,Yearly,58.54,0,2018-02-05,70,501.37,10.01,21.83,10,0
CUST_9883,32,0,Male,Urban,Monthly,66.62,0,2018-02-23,70,446.97,8.19,21.00,6,0
CUST_9884,43,1,Female,Urban,Prepaid,26.28,0,2021-04-02,32,603.98,11.36,29.33,7,0
CUST_9885,60,0,Female,Rural,Monthly,68.99,0,2023-03-14,9,434.02,8.90,20.17,7,0
CUST_9886,43,1,Male,Rural,Monthly,70.20,0,2019-01-07,59,527.11,10.39,17.58,4,1
CUST_9887,43,1,Female,Suburban,Monthly,62.69,0,2021-01-05,35,303.50,11.52,28.58,10,0
CUST_9888,43,1,Female,Urban,Monthly,33.03,0,2018-12-30,60,544.85,11.48,23.17,5,0
CUST_9889,46,0,Female,Rural,Prepaid,32.26,0,2022-12-28,12,600.09,10.08,24.42,5,0
CUST_989,68,0,Male,Suburban,Prepaid,79.51,0,2021-01-31,35,647.22,10.86,24.92,6,0
CUST_9890,67,0,Female,Suburban,Monthly,54.45,0,2020-01-07,47,536.61,10.85,25.83,1,0
CUST_9891,43,1,Male,Urban,Monthly,59.66,0,2022-09-06,15,442.19,10.24,28.42,8,0
CUST_9892,43,0,Female,Urban,Yearly,67.63,0,2018-09-21,63,322.10,11.68,27.25,5,0
CUST_9893,61,0,Female,Urban,Monthly,42.79,0,2021-11-27,25,580.34,8.86,26.50,6,0
CUST_9894,19,0,Male,Rural,Prepaid,59.40,0,2021-10-14,26,480.83,9.55,22.58,9,0
CUST_9895,37,0,Female,Urban,Monthly,58.58,0,2021-01-26,35,508.94,10.19,18.42,4,0
CUST_9896,32,0,Male,Urban,Monthly,40.18,0,2021-02-09,34,641.14,9.84,20.08,7,0
CUST_9897,43,1,Female,Suburban,Prepaid,43.39,0,2022-08-19,16,350.71,9.21,20.92,7,0
CUST_9898,21,0,Female,Rural,Monthly,26.05,0,2021-02-28,34,451.92,9.29,23.58,9,0
CUST_9899,39,0,Female,Suburban,Prepaid,34.04,0,2021-07-04,29,506.61,9.43,19.58,5,0
CUST_99,32,0,Male,Suburban,Monthly,25.23,0,2021-04-20,32,371.48,9.40,27.08,7,0
CUST_990,43,1,Female,Suburban,Prepaid,27.44,0,2018-02-17,70,551.37,9.29,23.25,8,0
CUST_9900,43,1,Male,Rural,Prepaid,40.55,0,2023-06-03,6,432.71,9.78,22.50,7,0
CUST_9901,55,0,Male,Urban,Prepaid,57.83,0,2019-06-17,54,552.07,11.30,22.50,5,1
CUST_9902,40,0,Female,Suburban,Prepaid,83.94,0,2019-11-04,49,419.57,9.57,29.83,5,0
CUST_9903,43,0,Male,Rural,Prepaid,57.27,0,2023-03-27,9,477.55,11.05,28.17,9,0
CUST_9904,43,1,Female,Rural,Monthly,31.33,0,2019-05-23,55,449.23,10.32,24.00,3,1
CUST_9905,28,0,Male,Urban,Prepaid,42.84,0,2022-11-01,13,567.25,9.40,26.33,6,0
CUST_9906,43,1,Female,Urban,Monthly,65.75,0,2020-03-10,45,508.19,9.70,28.17,5,0
CUST_9907,19,0,Male,Suburban,Monthly,37.95,0,2022-07-25,17,438.24,9.25,20.08,10,0
CUST_9908,25,0,Female,Suburban,Prepaid,72.49,0,2020-12-22,36,445.41,9.75,26.33,11,0
CUST_9909,46,0,Male,Rural,Yearly,60.27,0,2021-07-17,29,578.21,10.89,24.25,11,0
CUST_991,20,0,Female,Urban,Prepaid,87.09,0,2019-08-22,52,467.72,10.38,25.50,2,0
CUST_9910,43,1,Male,Suburban,Monthly,46.23,0,2020-10-13,38,696.61,11.89,22.75,9,0
CUST_9911,54,0,Male,Urban,Yearly,21.30,0,2022-02-04,22,394.48,10.00,22.75,5,0
CUST_9912,35,0,Male,Suburban,Monthly,65.11,0,2018-08-12,64,568.08,10.53,26.25,6,0
CUST_9913,67,0,Female,Suburban,Monthly,59.66,0,2020-04-25,44,610.47,10.71,23.17,6,0
CUST_9914,43,1,Female,Rural,Yearly,57.09,0,2020-09-26,39,489.35,10.25,29.08,7,0
CUST_9915,27,0,Male,Urban,Prepaid,90.13,0,2019-05-08,55,435.79,8.36,21.00,11,1
CUST_9916,43,1,Female,Rural,Monthly,35.96,0,2019-03-24,57,385.58,8.35,30.17,9,0
CUST_9917,43,1,Male,Urban,Monthly,72.82,0,2021-11-05,25,512.58,10.80,23.33,8,1
CUST_9918,52,0,Female,Urban,Yearly,47.20,0,2018-12-09,60,391.63,9.09,21.58,6,0
CUST_9919,28,0,Male,Rural,Prepaid,53.83,0,2018-10-30,62,599.19,9.78,30.83,7,0
CUST_992,64,0,Male,Rural,Monthly,26.63,0,2019-09-15,51,455.17,9.33,23.50,7,0
CUST_9920,61,0,Female,Suburban,Monthly,54.68,0,2019-05-31,55,659.49,10.28,18.83,10,0
CUST_9921,43,1,Female,Rural,Prepaid,62.52,0,2021-06-08,30,320.52,10.52,18.75,4,0
CUST_9922,20,0,Male,Suburban,Yearly,39.28,0,2018-06-30,66,534.76,11.03,25.08,7,0
CUST_9923,56,0,Male,Rural,Monthly,85.91,0,2019-02-06,58,603.58,9.98,24.00,1,0
CUST_9924,43,1,Male,Rural,Yearly,33.42,0,2021-03-24,33,533.46,9.04,33.33,2,0
CUST_9925,45,0,Male,Suburban,Yearly,44.65,0,2023-03-29,9,679.20,9.64,22.75,7,0
CUST_9926,43,1,Male,Suburban,Monthly,77.65,0,2020-11-27,37,532.71,8.85,29.67,4,0
CUST_9927,56,0,Female,Suburban,Monthly,67.70,0,2019-07-25,53,565.15,10.74,19.67,6,0
CUST_9928,42,0,Male,Rural,Monthly,44.65,0,2018-06-04,66,426.71,9.04,22.42,8,0
CUST_9929,38,0,Female,Suburban,Monthly,60.20,0,2022-10-23,14,604.18,10.66,18.17,4,0
CUST_993,40,0,Female,Rural,Monthly,41.92,0,2020-06-20,42,511.63,8.08,28.58,6,0
CUST_9930,43,1,Male,Suburban,Monthly,33.84,0,2018-11-19,61,620.73,9.10,23.67,1,0
CUST_9931,60,0,Female,Suburban,Prepaid,37.84,0,2019-04-18,56,308.49,9.56,22.92,6,0
CUST_9932,32,0,Female,Urban,Prepaid,44.54,0,2022-08-26,16,434.82,9.51,22.33,5,0
CUST_9933,43,1,Male,Suburban,Yearly,71.40,0,2020-02-25,46,443.45,10.40,22.92,3,0
CUST_9934,43,1,Male,Suburban,Prepaid,18.41,0,2019-08-10,52,494.53,10.93,25.67,5,0
CUST_9935,39,0,Female,Suburban,Monthly,63.21,0,2020-02-27,46,576.20,10.76,25.92,5,0
CUST_9936,38,0,Female,Urban,Prepaid,44.07,0,2018-08-19,64,496.19,10.15,29.08,6,0
CUST_9937,43,1,Male,Urban,Monthly,59.32,0,2020-08-17,40,468.27,9.57,22.25,6,0
CUST_9938,61,0,Female,Suburban,Prepaid,58.76,0,2018-02-27,70,482.00,9.52,13.92,5,0
CUST_9939,49,0,Female,Suburban,Monthly,49.60,0,2023-06-12,6,503.45,10.59,24.42,12,0
CUST_994,63,0,Female,Rural,Yearly,65.39,0,2023-01-11,11,509.72,10.73,21.92,6,0
CUST_9940,67,0,Female,Suburban,Prepaid,38.67,0,2019-06-29,54,466.07,8.74,15.50,7,0
CUST_9941,43,1,Female,Suburban,Monthly,40.00,0,2019-10-30,50,442.28,9.58,31.67,10,0
CUST_9942,30,0,Female,Urban,Monthly,45.30,0,2023-03-29,9,447.70,9.94,22.58,3,0
CUST_9943,22,0,Female,Suburban,Monthly,25.61,0,2018-11-03,61,638.53,9.84,18.67,8,0
CUST_9944,21,0,Male,Urban,Monthly,51.34,0,2018-07-06,65,336.80,8.24,26.58,8,1
CUST_9945,45,0,Male,Rural,Yearly,39.41,0,2022-11-01,13,554.88,10.69,17.75,4,1
CUST_9946,43,1,Male,Urban,Monthly,43.06,0,2023-02-23,10,485.58,11.15,28.00,6,0
CUST_9947,43,1,Male,Rural,Prepaid,46.91,0,2019-01-10,59,457.53,11.13,26.33,7,0
CUST_9948,26,0,Female,Urban,Prepaid,61.25,0,2019-04-16,56,420.65,8.96,25.50,3,0
CUST_9949,43,1,Male,Urban,Prepaid,68.57,0,2019-10-22,50,603.28,9.03,22.67,8,0
CUST_995,60,0,Female,Urban,Prepaid,39.18,0,2021-07-27,29,443.92,7.95,14.25,4,0
CUST_9950,52,0,Female,Urban,Prepaid,70.59,0,2018-05-10,67,512.08,8.91,18.00,5,0
CUST_9951,54,0,Female,Suburban,Monthly,56.16,0,2021-11-07,25,412.72,10.03,23.42,10,0
CUST_9952,38,0,Male,Urban,Yearly,44.15,0,2019-07-19,53,524.80,10.11,26.75,4,0
CUST_9953,35,0,Male,Suburban,Monthly,30.38,0,2019-12-29,48,666.72,10.30,22.67,6,0
CUST_9954,50,0,Female,Urban,Monthly,86.61,0,2021-07-24,29,429.51,9.79,24.92,6,0
CUST_9955,25,0,Male,Urban,Prepaid,76.71,0,2021-03-09,33,386.52,10.25,25.67,2,0
CUST_9956,68,0,Male,Rural,Prepaid,63.38,0,2022-06-23,18,395.93,9.57,22.67,7,0
CUST_9957,66,0,Female,Urban,Yearly,59.87,0,2019-08-19,52,508.48,10.41,14.17,2,0
CUST_9958,43,1,Female,Suburban,Prepaid,44.69,0,2020-09-01,39,662.83,10.00,27.08,3,0
CUST_9959,60,0,Female,Rural,Yearly,51.96,0,2019-08-29,52,443.93,9.20,24.83,2,0
CUST_996,64,0,Male,Suburban,Prepaid,37.80,0,2018-07-21,65,659.10,9.20,26.75,4,0
CUST_9960,43,1,Female,Rural,Prepaid,63.81,0,2023-03-31,9,595.24,10.20,29.58,4,0
CUST_9961,43,1,Female,Urban,Yearly,21.64,0,2019-05-24,55,528.57,9.49,24.58,9,0
CUST_9962,43,1,Female,Urban,Monthly,40.82,0,2019-11-06,49,478.13,10.96,21.58,5,0
CUST_9963,43,1,Male,Rural,Monthly,50.16,0,2019-11-21,49,328.05,9.27,32.50,11,0
CUST_9964,31,0,Male,Suburban,Yearly,21.15,0,2021-12-13,24,507.13,9.57,11.83,4,0
CUST_9965,20,0,Male,Urban,Prepaid,27.69,0,2019-04-20,56,424.18,9.29,24.83,8,0
CUST_9966,29,0,Female,Rural,Prepaid,40.13,0,2019-01-15,59,518.98,9.05,16.58,3,0
CUST_9967,43,1,Female,Suburban,Prepaid,51.29,0,2019-01-30,59,362.24,10.90,19.92,4,0
CUST_9968,29,0,Male,Urban,Prepaid,72.65,0,2018-10-04,62,591.84,9.93,13.33,6,0
CUST_9969,62,0,Male,Rural,Monthly,43.29,0,2018-01-22,71,572.34,9.97,26.00,7,0
CUST_997,62,0,Female,Rural,Monthly,24.40,0,2021-03-26,33,454.49,10.36,30.75,6,0
CUST_9970,43,1,Male,Rural,Yearly,78.22,0,2020-02-24,46,638.53,9.99,23.42,7,0
CUST_9971,19,0,Female,Urban,Prepaid,39.09,0,2021-05-11,31,595.17,9.12,27.67,6,0
CUST_9972,32,0,Male,Suburban,Yearly,48.11,0,2018-08-29,64,578.19,8.85,25.83,10,0
CUST_9973,43,1,Male,Suburban,Yearly,27.79,0,2021-10-20,26,418.97,9.09,27.67,13,0
CUST_9974,46,0,Male,Rural,Monthly,43.46,0,2022-11-07,13,577.95,9.02,29.42,4,0
CUST_9975,34,0,Female,Suburban,Yearly,21.45,0,2020-09-10,39,449.02,9.78,32.00,3,0
CUST_9976,49,0,Male,Rural,Monthly,100.79,0,2021-09-12,27,209.99,10.05,24.75,7,0
CUST_9977,43,1,Male,Urban,Monthly,34.32,0,2020-03-22,45,567.43,8.36,30.17,7,0
CUST_9978,43,1,Female,Suburban,Monthly,55.39,0,2019-09-09,51,416.95,9.52,33.83,2,1
CUST_9979,45,0,Female,Urban,Monthly,42.85,0,2022-11-21,13,467.49,9.10,27.50,4,0
CUST_998,35,0,Female,Suburban,Monthly,29.97,0,2021-09-25,27,489.03,10.60,27.67,7,0
CUST_9980,31,0,Female,Rural,Prepaid,46.47,0,2019-07-24,53,678.24,9.32,32.58,8,1
CUST_9981,43,1,Female,Urban,Prepaid,48.85,0,2019-03-15,57,517.61,10.19,22.50,3,0
CUST_9982,43,1,Female,Suburban,Monthly,64.24,0,2021-12-08,24,626.81,9.29,23.08,11,0
CUST_9983,43,1,Male,Urban,Prepaid,57.62,0,2019-03-21,57,372.67,10.07,19.25,4,0
CUST_9984,49,0,Male,Suburban,Yearly,53.63,0,2019-04-12,56,671.37,9.46,27.33,7,0
CUST_9985,63,0,Female,Suburban,Monthly,58.70,0,2021-02-12,34,547.02,10.45,10.42,7,0
CUST_9986,43,1,Female,Suburban,Prepaid,55.57,0,2022-09-15,15,427.71,9.40,29.08,10,0
CUST_9987,43,1,Female,Suburban,Prepaid,30.86,0,2022-09-11,15,660.14,8.46,25.92,8,0
CUST_9988,43,1,Female,Suburban,Monthly,46.28,0,2022-12-22,12,524.25,10.96,20.25,10,0
CUST_9989,43,1,Male,Rural,Prepaid,60.26,0,2021-12-28,24,573.16,9.72,22.50,3,0
CUST_999,55,0,Female,Urban,Prepaid,37.78,0,2021-04-16,32,635.54,8.19,27.33,6,0
CUST_9990,44,0,Male,Urban,Prepaid,41.07,0,2018-11-08,61,526.58,8.63,19.17,4,0
CUST_9991,43,1,Female,Rural,Yearly,55.36,0,2020-07-10,41,552.87,10.35,22.75,5,0
CUST_9992,41,0,Female,Urban,Prepaid,66.54,0,2018-04-30,68,594.16,10.71,35.58,9,0
CUST_9993,54,0,Female,Urban,Monthly,39.59,0,2023-03-27,9,438.95,9.07,25.58,6,0
CUST_9994,43,1,Female,Urban,Prepaid,65.27,0,2023-06-23,6,467.58,8.77,19.42,4,1
CUST_9995,55,0,Male,Rural,Yearly,48.41,0,2019-09-24,51,469.77,8.37,33.67,7,0
CUST_9996,43,1,Female,Suburban,Monthly,51.10,0,2021-11-03,25,444.13,9.60,24.75,4,1
CUST_9997,57,0,Female,Suburban,Monthly,62.70,0,2020-05-08,43,715.79,9.75,23.08,4,0
CUST_9998,43,1,Male,Rural,Monthly,58.90,0,2021-05-09,31,577.82,7.85,19.17,10,0
CUST_9999,32,0,Female,Suburban,Monthly,9.22,0,2019-04-15,56,498.64,10.74,24.83,8,0
